crack_coverage_percent,skeleton_length_pixels,maximum_width_pixels,branch_density
0.12507723562575884,0.29213765202807174,0.12582128777923784,0.28451486841301826
0.023200740500318562,0.06219007738287972,0.06950441148864275,0.13485375831959456
0.040095207183814784,0.16278418289572774,0.05256241787122207,0.12142028454539903
0.06171637395266088,0.31246020802788255,0.06950441148864275,0.26714294437320635
0.020810944017695072,0.11672190550338893,0.037497653463487886,0.16227025706783907
0.05685263322394124,0.19034660399393158,0.0976628496339403,0.21105819136594003
0.23741930830538427,0.2682642878191998,0.18561103810775298,0.15402698907003726
0.30186687823818625,0.253835491346724,0.6023559226581565,0.12160346827868354
0.046459182324161234,0.12185529728923443,0.2100150178336775,0.0
0.268746318535348,0.2913700080402522,0.24399286652900318,0.07131953349209257
0.2749227643742411,0.26145372125427935,0.47268631499906133,0.19719728888074742
0.06437784750021036,0.044665238096970525,0.4219072648770415,0.0
0.07872383906139181,0.35495348659533515,0.08827670358550778,0.11842828356841913
0.06217558031904024,0.2500991388562468,0.06011826544021024,0.08218843500030532
0.0025701131186363253,0.06342340113582204,0.007508916838746005,0.0
0.03750586029067042,0.23523376760396844,0.061901633189412414,0.13045734872076692
0.048370538665897314,0.1968442919666602,0.0976628496339403,0.15353849911461195
0.0754685227259067,0.24228808842094537,0.05439271635066641,0.08463088477743178
0.013610299686249055,0.06180443632738743,0.06565609160878542,0.27098980277218054
0.008518157885246494,0.07664797884067566,0.022573681246480192,0.0
0.07248488345534759,0.2772759188989584,0.05439271635066641,0.07467790193564144
0.05083246180292594,0.1765799459374898,0.1633658719729679,0.16935336142150578
0.018108598699316,0.07653155889939497,0.06950441148864275,0.1148562007693717
0.062416002500390685,0.2576227775615116,0.05073211939177773,0.03999511510044575
0.008571050765143593,0.06797469321526411,0.028111507415055373,0.12599987787751113
0.050236214793176824,0.3458836455449362,0.03195982729491271,0.09104231544238872
0.04925529229326698,0.25942364852819727,0.03195982729491271,0.11919154912377114
0.004938271604938272,0.07454514365129317,0.04876102872160689,0.11726811992428406
0.06542127976727133,0.24989904208217065,0.08996620987422563,0.20562374061183367
0.09726760190895213,0.25717165028904887,0.12765158625868217,0.04005617634487391
0.002788897303665236,0.04914012958994714,0.05073211939177773,0.0
0.02649692860663325,0.18404173654894915,0.03379012577435705,0.271936252060817
0.05748975200451995,0.3096261100823307,0.03195982729491271,0.3031080173413934
0.041054491687403084,0.23462983915857485,0.061901633189412414,0.17436038346461502
0.024097515236755743,0.12499135945748308,0.041345973343345215,0.1530194785369726
0.011533052039381155,0.07380660464879377,0.015017833677492022,0.11818403859070647
0.01040787623066104,0.07454878177445819,0.016895062887178517,0.11726811992428406
0.003541418731292149,0.04502905041347269,0.015017833677492022,0.0
0.0735595706059841,0.31880509482768027,0.0581471747700394,0.4587225987665629
0.002058013872359864,0.07952573426420778,0.0,0.0
0.008099823289696707,0.09703602105745689,0.015017833677492022,0.0
0.004031879981247069,0.08305107561111373,0.003801389149615166,0.10758991268242046
0.006743842186880161,0.10366831958729132,0.013140604467805517,0.08969896806496917
0.005125800906391626,0.06778551081068299,0.020649521306551528,0.37882396043231364
0.07178525490761778,0.4643482120443705,0.037497653463487886,0.13754045307443366
0.10951951627057112,0.24512218636649724,0.12014266941993616,0.16746046284423277
0.011888876867779823,0.08191598118362699,0.046930730242162565,0.1088111375709837
0.08453724740644573,0.1938974122029927,0.08452224516613477,0.10377358490566038
0.050257852789498354,0.3121255006967006,0.0976628496339403,0.3008182206753374
0.11031050524721413,0.346174695398138,0.08996620987422563,0.2728827013494535
0.05816774255592822,0.358125929995234,0.041345973343345215,0.32298345240276
0.05898277375070623,0.4424940061920856,0.03379012577435705,0.14404347560603287
0.07194152932549558,0.3840839387776634,0.04125211188286089,0.16486535995603593
0.055006190871169765,0.3472406654854893,0.0468837995119204,0.1813824265738536
0.02907425439071009,0.14653268671757616,0.0468837995119204,0.13326616596446236
0.034719367208818686,0.18155689842723935,0.0468837995119204,0.16517066617817672
0.006659694423407504,0.06910614951958582,0.013140604467805517,0.0
0.055475014124803164,0.17893381162525876,0.08259808522620611,0.11155889357025098
0.009936648755214156,0.05230893486668098,0.045100431762718225,0.15323319289247117
0.04654333008763389,0.16172548905470646,0.06753332081847192,0.06106124442816145
0.014632093956988473,0.08350220288357642,0.03195982729491271,0.10713195334920926
0.09872936877156288,0.23927208431714245,0.06950441148864275,0.0
0.05066416627598063,0.3099389886745226,0.03195982729491271,0.1682237283995848
0.010386238234339502,0.07081606740714601,0.03195982729491271,0.12206142761189473
0.07043889069205525,0.27405254177474925,0.08072085601651961,0.18874030652744703
0.015197086083162033,0.09719609847671784,0.022573681246480192,0.0
0.03743373363626528,0.21066552187057738,0.0468837995119204,0.2405813030469561
0.041732482238811354,0.11808983981343706,0.2681621926037169,0.4819869328936924
0.04167958935891425,0.2685116801944213,0.03379012577435705,0.11543628259143922
0.12268743914313536,0.1490502679477711,0.18561103810775298,0.26253282041888015
0.06262276557635209,0.2322141253770005,0.06753332081847192,0.13201441045368503
0.039676872588264994,0.17304005209792372,0.11080345410174582,0.28744580814557
0.03470975032156467,0.12675584919251856,0.09935235592265815,0.15118764120412775
0.05340978758700277,0.13457053775098504,0.12760465552844003,0.21533247847591136
0.03818385084207869,0.1415848392131467,0.08813591139478129,0.1373267387189351
0.02671571279166216,0.16812858582514453,0.05073211939177773,0.23594064847041582
0.009936648755214156,0.09539886563319715,0.07889055753707527,0.09611039872992613
0.04089821726952529,0.1568358515209174,0.0657030223390276,0.2509922452219576
0.029992667123468812,0.1839544215929886,0.05073211939177773,0.05440556878549185
0.028155841657951364,0.16558189960962938,0.045100431762718225,0.11958844721255421
0.016259752124731026,0.14315650842043606,0.015017833677492022,0.0
0.007318451200307741,0.09133872018103299,0.013140604467805517,0.09959088966233133
0.02410713212400976,0.17541938464784787,0.022573681246480192,0.22714782927276062
0.0027167706492601004,0.050810028122692065,0.022573681246480192,0.0
0.031286138459134236,0.1957310262781636,0.035667354984043546,0.051444098430726025
0.013288133963239449,0.10157276064423884,0.028111507415055373,0.09122549917567321
0.025181819274646283,0.1362695412690501,0.06382579312934109,0.07098369664773768
0.014675369949631555,0.14229791135349096,0.020649521306551528,0.0
0.04092947215310085,0.13785940109216457,0.06011826544021024,0.21084447701044148
0.02166684698330268,0.1932425500332888,0.01318753519804768,0.0
0.02068592448339284,0.15721057820691461,0.018819222827107185,0.06261830616107956
0.024369192301681754,0.12856399640553431,0.02628120893561103,0.07467790193564144
0.024422085181578856,0.13182739288455872,0.03379012577435705,0.14615008853880443
0.032122807650233814,0.1179661436258263,0.10310681434203114,0.0
0.03302919927392501,0.16383923861358404,0.045100431762718225,0.12071808023447518
0.030254727301140802,0.15401266794486063,0.08072085601651961,0.1913048787934298
0.017305588613605493,0.09343791724725051,0.07874976534634877,0.09775905232948648
0.006452931347446115,0.04152917592872189,0.06950441148864275,0.36001709714843994
0.035178573575198054,0.22132158462092572,0.0657030223390276,0.229956646516456
0.018421147535071587,0.15657754477620084,0.04876102872160689,0.12569457165537035
0.02137353192205513,0.1589750679419501,0.04125211188286089,0.12401538743359589
0.03843629413249666,0.1861554861078267,0.06011826544021024,0.21533247847591136
0.04279755250219385,0.13261686561136843,0.10310681434203114,0.2180802344751786
0.016406409655354805,0.12950627030527492,0.05073211939177773,0.07421994260243024
0.00866481541587027,0.07250415655571603,0.028111507415055373,0.23969591500274778
0.019005373435753183,0.12053102045716656,0.03379012577435705,0.0
0.027112409390890404,0.16117977057995322,0.06007133470996807,0.3062221408072297
0.002382583817182974,0.0561326023131187,0.04876102872160689,0.2911094828112597
0.016228497241155472,0.1327296474294841,0.03195982729491271,0.14529523111681017
0.006200488057028142,0.07163100699611084,0.028111507415055373,0.12099285583440192
0.015406253380936926,0.14943227088009836,0.022573681246480192,0.19646455394760945
0.007621383148809311,0.13662243921605724,0.013140604467805517,0.14166208707333455
0.014872516138338924,0.14193046091382377,0.022573681246480192,0.3425841118641998
0.004897399834108695,0.11247257764664366,0.003801389149615166,0.16746046284423277
0.010605022419368412,0.11070808791160816,0.06007133470996807,0.08487512975514441
0.09419019798766634,0.19852874299206522,0.27599962455415805,0.050772424742016244
0.11372450022239051,0.21944067494460956,0.2589168387460109,0.09272149966416317
0.10972627934653252,0.24410351188029117,0.20245917026468932,0.42028454539903526
0.2970969021601933,0.4372478325881244,0.2250328515111695,0.12142028454539903
0.04233834613581449,0.3177100197550088,0.022573681246480192,0.09861390975148074
0.05344104247057835,0.360312442017412,0.022573681246480192,0.029187274836661174
0.11850409318763751,0.6781316054673715,0.10873850197109065,0.2226903584295048
0.11367160734249343,0.5035780941327987,0.12000187722920966,0.1696586676436466
0.07202567708896823,0.3647473141555734,0.06011826544021024,0.20199059656835808
0.10337192109344008,0.5145070161205237,0.06950441148864275,0.08310435366672773
0.0373399689855386,0.07200209555894305,0.16496151680120144,0.24100873175795323
0.047858439419620855,0.2048263341907177,0.0976628496339403,0.24684008060084267
0.07037638092490413,0.22852870661083358,0.14252862774544772,0.44660194174757284
0.03221657230096049,0.13283879112443472,0.045100431762718225,0.2177749282530378
0.004334811929748639,0.024502759516420666,0.07874976534634877,0.7458020394455639
0.07008547008547009,0.17543029901734292,0.12938802327764218,0.3406912132869268
0.02252274994891029,0.04848890554340827,0.2327294912708842,0.16175123649019968
0.016115498815920754,0.07409401637883048,0.19152431011826543,0.11781767112413752
0.049651988892495225,0.08682380933324117,0.1445466491458607,0.10380411552787445
0.0704605286883768,0.13135807499627092,0.15397972592453538,0.07330402393600782
0.11096926202411436,0.1366842873098626,0.20091045616669795,0.0
0.053941120607787274,0.11682741107517454,0.1930730242162568,0.0
0.04696166468318367,0.0672507067054248,0.17275201802140042,0.12703791903278988
0.1257960979479967,0.18325226382213944,0.242209498779801,0.10920803565976675
0.09852020147378798,0.1744661963786122,0.1387741693260747,0.05706173291811687
0.03761164605046462,0.04928201639338297,0.15397972592453538,0.1599193991573548
0.16913460035822905,0.18876765854031222,0.26661347850572553,0.21264578372107223
0.13946650317958337,0.21311397876063695,0.18185657968837993,0.04759724003175185
0.011795112217053146,0.14544124976806966,0.015017833677492022,0.201196800390792
0.04085734549869571,0.11940320227600987,0.13520743382767034,0.31831226720400563
0.01009292317309195,0.021654109078208736,0.08827670358550778,0.0
0.01788981451428709,0.10946748791233579,0.06950441148864275,0.08566892593271051
0.016303028117374108,0.06650125333343035,0.046930730242162565,0.0
0.05450611273396084,0.14165760167644714,0.06753332081847192,0.06863283873725347
0.04642792744058567,0.12528968555701483,0.07889055753707527,0.0
0.01011456116941349,0.06800379820058428,0.022573681246480192,0.0
0.007537235385336651,0.055696027533316116,0.02628120893561103,0.14639433351651707
0.01780566675081443,0.08207969672605296,0.037497653463487886,0.0
0.011607582915599794,0.10024848381217098,0.022573681246480192,0.09223300970873786
0.032925817735944315,0.17083898758308563,0.05824103623052374,0.4070342553581242
0.12478392056451128,0.1448773406774913,0.23460672048057069,0.26918849606154976
0.04949571447461743,0.15398720108270547,0.10512483574244413,0.38264028820907375
0.09086996766321662,0.16881982922649863,0.16519617045241225,0.1175428955242108
0.098791878538714,0.2645424878213827,0.14637694762530504,0.1560420101361666
0.028365008955726256,0.143316585839697,0.043176271822789554,0.06793063442632961
0.014600839073412916,0.08106466036301191,0.045100431762718225,0.10972705623740613
0.15723851082500873,0.27702125027740687,0.3505725549089544,0.1868779385723881
0.0398956567732939,0.09888782574845288,0.25492772667542707,0.0933015814862307
0.1142967050140046,0.29277068545878554,0.1368969401163882,0.39042559687366435
0.025965595585848752,0.10150363630410343,0.0976628496339403,0.27385968126030413
0.12666402202267182,0.3464948502366599,0.11624741880983668,0.09088966233131832
0.020726796254222416,0.05391698530562053,0.0788436268068331,0.0
0.1428468390493707,0.49459556803836036,0.11624741880983668,0.15103498809305735
0.027917823698414418,0.1935918098571309,0.04125211188286089,0.10392623801673079
0.014903771021914482,0.12001804509089851,0.016895062887178517,0.0
0.027186940267109046,0.13240221634463212,0.04125211188286089,0.14560053733895098
0.06980177191147655,0.28713887079933204,0.06011826544021024,0.03614825670147158
0.006755863295947685,0.05563054131634572,0.05439271635066641,0.0
0.02809333189080025,0.12236827265550249,0.045100431762718225,0.077914147890334
0.06678687775734189,0.26621238635412764,0.05073211939177773,0.2327044025157233
0.035858968348419826,0.12759989376680358,0.07504223765721793,0.0
0.012338466346905165,0.07540374071823829,0.037497653463487886,0.0
0.060107949559426346,0.22847049664019325,0.05626994556035291,0.0446663002992001
0.020467140298363926,0.19433034885963027,0.028111507415055373,0.1553398058252427
0.043913111423659945,0.29811145026503727,0.041345973343345215,0.06979300238138852
0.01852452907305228,0.08562686681194905,0.06950441148864275,0.20995908896623316
0.03247622825681897,0.22636038520448068,0.028111507415055373,0.18022226292971852
0.006734225299626144,0.10275151254970585,0.018819222827107185,0.0
0.022323199538389415,0.15681402278192727,0.046930730242162565,0.1882823471942358
0.030723550554774184,0.2332910098338469,0.0581471747700394,0.35058313488428894
0.02239773041460805,0.21067643624007243,0.03942181340341655,0.2405813030469561
0.0031952107901474995,0.06931716066315709,0.03195982729491271,0.2482139586004763
0.05854280115883491,0.2636693382617775,0.11061573118077717,0.3130610001831837
0.05598711337107963,0.2727828367901567,0.11080345410174582,0.15164560053733897
0.029180040150504287,0.13966391018201532,0.06007133470996807,0.06948769615924773
0.038414656136175125,0.23981052654556564,0.022573681246480192,0.08545521157721195
0.009311551083702982,0.05983984981827574,0.041345973343345215,0.13882273920742505
0.03580607546852273,0.2707600403104047,0.016895062887178517,0.1527141723148318
0.04832726267325425,0.17641986851822883,0.061901633189412414,0.0
0.004584850998353107,0.04033950965375981,0.041345973343345215,0.18355010075105332
0.08358757979011144,0.40801187483401063,0.045100431762718225,0.15564511204738354
0.02225107288398428,0.12370710198023045,0.03195982729491271,0.07721194357941015
0.06300022840107229,0.23078434297314698,0.12751079406795568,0.2212859498076571
0.054587856275619996,0.21049453008182137,0.06950441148864275,0.09629358246321061
0.018702441487251614,0.12642114186133657,0.0468837995119204,0.0
0.008111844398764232,0.09566444862424374,0.01318753519804768,0.0
0.028667940904227824,0.1885821142588961,0.054439647080908565,0.10639921841607132
0.01019870893288615,0.10619317706381633,0.03379012577435705,0.0
0.061819755490641566,0.34841214114462626,0.0468837995119204,0.2410697930023814
0.026946518085758594,0.20701284621289567,0.0657030223390276,0.09778958295170057
0.02994217846538522,0.22978385910276602,0.028111507415055373,0.0
0.11520550085950931,0.2960741012926251,0.11624741880983668,0.10536117726079258
0.09620253164556963,0.2756860590758439,0.10878543270133283,0.1501801306710631
0.16405207544448053,0.31263119981663856,0.257227332457293,0.20025035110215547
0.0429850818036472,0.23316367552307116,0.024403979725924535,0.04384197349941992
0.03837378436534555,0.12078205095555306,0.10873850197109065,0.1575990718690847
0.043600562587904367,0.3388220484816293,0.05626994556035291,0.06188557122794163
0.07592772909228605,0.2541774749242361,0.0788436268068331,0.040483605055871036
0.08204406938584154,0.2289834720064613,0.10132344659282898,0.0
0.062194814093548274,0.207736832722735,0.12582128777923784,0.048726873053672834
0.059732890956519645,0.1823718380162042,0.07504223765721793,0.05483299749648898
0.018599059949270923,0.13555283100554086,0.02628120893561103,0.2139891310984918
0.017680647216512198,0.09952085917916666,0.061901633189412414,0.18559565243939674
0.1104571627778379,0.2706981922165993,0.14060446780551902,0.19093851132686085
0.015728419103946532,0.1216661148846533,0.06011826544021024,0.3915552298955853
0.2588024571146934,0.35722003732714364,0.24784118640886052,0.2648836783293644
0.057739791073124415,0.15598816882346736,0.16120705838182842,0.1260914697441534
0.16737951843437077,0.20963593301487624,0.2118453163131218,0.09665994992977957
0.1644271340473872,0.17128647673238329,0.28538577060259057,0.2320632594492276
0.009143255556757665,0.07075421931334062,0.03195982729491271,0.0
0.03910226357483742,0.3303052021523136,0.0657030223390276,0.5070525737314527
0.09720509214180101,0.3099899223988329,0.15937675990238406,0.37006167185687244
0.031245266688304667,0.09398363572200374,0.06950441148864275,0.0
0.09495233630254728,0.36781425198368667,0.13520743382767034,0.17176528057641816
0.1621936119826415,0.460226218498401,0.19875164257555847,0.39305123038407525
0.07932008607114092,0.27590798458891025,0.12938802327764218,0.15005800818220677
0.19018115811364758,0.15565346149228537,0.27585883236343156,0.06316785736093303
0.12327166504381694,0.12991737822292238,0.19875164257555847,0.0
0.05864858691862911,0.11610342456533523,0.12394405856955133,0.0
0.3744936107805306,0.28843768076924475,0.39769100807208563,0.1439518837393906
0.2352699340041112,0.24421629369840686,0.2755772479819786,0.0
0.2026302186639739,0.2615555887028999,0.17631875351980475,0.03941503327837822
0.003635183382018825,0.07272244394561733,0.00567861835930167,0.11955791659034012
0.2074098116292209,0.2585068414906118,0.24784118640886052,0.07971545460096477
0.19309267072980152,0.23982144091506072,0.21029660221513047,0.04271234047749894
0.01957998244918076,0.0677382152095377,0.0788436268068331,0.0
0.11564306922956713,0.2140962720151928,0.2890932982917214,0.09482811259693473
0.15882289300010818,0.3127257910189291,0.1518209123333959,0.300299200097698
0.016865616021734166,0.026430964793882135,0.23460672048057069,0.0
0.1501845240241865,0.22267496643831378,0.1989393654965271,0.1829394883067717
0.013860338754853523,0.03476226684178165,0.14459357987610286,0.0
0.10757690504525948,0.29208671830376143,0.12192603716913834,0.39128045429565855
0.030483128373423735,0.13498164566863247,0.06011826544021024,0.28634670574586313
0.11364035245891786,0.2622904895822343,0.1368969401163882,0.3145875312938878
0.04043901090314593,0.1449755700029469,0.0468837995119204,0.26903584295047933
0.23715965234952577,0.30876023676905556,0.23460672048057069,0.2026012090126397
0.06569055261038384,0.24744694706894604,0.11446405106063448,0.4980460401782989
0.12956351352975826,0.37061560682075334,0.18213816406983294,0.1705440556878549
0.11788620818156685,0.23738753651766126,0.15205556598460673,0.17249801550955607
0.00957120703956147,0.034274758337668756,0.08067392528627744,0.611955791659034
0.08666498371139722,0.2898565488036032,0.15383893373380889,0.39408927153935397
0.07936095784197052,0.19994033478009363,0.1070489956823728,0.15137082493741222
0.033791337588805946,0.18703227379059686,0.07691946686690443,0.5360566648348294
0.17926599108033708,0.4099946519589474,0.18396846254927726,0.4389692861940527
0.08529938572132666,0.34707331181989837,0.1445466491458607,0.3931733528729316
0.06178850060706602,0.23188305616898355,0.09564482823352731,0.39659278256090863
0.11638356954812652,0.3835927921503854,0.07504223765721793,0.3851437992306283
0.006149999398944547,0.04756482225949277,0.02628120893561103,0.0
0.12162236887975285,0.21502763154543833,0.3583161253989112,0.23612383220370034
0.1532306730618967,0.3297885886628806,0.34494086727989487,0.2221713378518654
0.06938584153774027,0.18498401044868973,0.1368969401163882,0.05413079318556513
0.0312669046846262,0.10978036650452765,0.11643514173080532,0.2563961653538499
0.30119850457403197,0.6052636365951533,0.21024967148488832,0.35519325883861513
0.040585668433769706,0.05708215245918936,0.2140041299042613,0.0
0.15932537535913063,0.3188742191678157,0.29617983855828794,0.29483421872137755
0.14798225684301633,0.2332582667253617,0.3543270133283274,0.21914880625267144
0.16175604361258372,0.2310572022105236,0.3753989112070584,0.22107223545215854
0.2254198372341832,0.47636129473527195,0.20278768537638445,0.13421261525309885
0.4332335581280729,0.47778380089279543,0.42420687065890744,0.24537461073456682
0.19678555543534443,0.23873728021188426,0.1950910456166698,0.300299200097698
0.21953430223472417,0.3382581393910509,0.3601933546085977,0.1859314892837516
0.20233690360272635,0.25289685557014846,0.26633189412427255,0.20336447456799173
0.04283842427302342,0.14490280753964646,0.07691946686690443,0.0672894913598339
0.060588793922127265,0.1617145746852114,0.1370377323071147,0.24427550833485986
0.02410713212400976,0.03571909323418234,0.13121832175708653,0.0
0.031776599709089165,0.1329188298340652,0.07138164069832925,0.07254075838065581
0.024181663000228403,0.10922737178344435,0.08635254364557911,0.08582157904378092
0.04657458497120945,0.14043155416983485,0.06950441148864275,0.2766379678817854
0.04807722360464977,0.15283755416255862,0.07889055753707527,0.256793063442633
0.04626203613545386,0.16852150312696684,0.06753332081847192,0.1765891188862429
0.0516138338923149,0.1871486937318776,0.09564482823352731,0.37500763265555354
0.020810944017695072,0.14063528906707606,0.05256241787122207,0.0690602674482506
0.007287196316732183,0.07388664335842425,0.045100431762718225,0.0
0.0022359262865591987,0.021930606438750375,0.0581471747700394,0.0
0.028533304482671575,0.24514401510548736,0.037497653463487886,0.25117542895524214
0.03037974683544304,0.28118326317819164,0.022573681246480192,0.29486474934359164
0.002079651868681405,0.05895578588917549,0.01318753519804768,0.0
0.015384615384615385,0.10677527677021978,0.020649521306551528,0.17500152653111073
0.030317237068291918,0.13190379347102416,0.041345973343345215,0.1460584966721622
0.030764422325603762,0.1307978040288576,0.06011826544021024,0.07357879953593455
0.12041304530756008,0.2713057587851579,0.11446405106063448,0.11430664956951823
0.09686128842246987,0.25593468841294154,0.09935235592265815,0.16089637906820542
0.0694483513048914,0.2555490473574492,0.0976628496339403,0.16114062404591806
0.016877637130801686,0.08818082927379423,0.123850197109067,0.10252182939488307
0.043569307704328805,0.1664077535680893,0.04876102872160689,0.05953471331745741
0.0337696995924844,0.07201664805160313,0.0976628496339403,0.12047383525676253
0.11185641987329752,0.25387187257837424,0.10132344659282898,0.08105880197838432
0.015665909336795413,0.012056740168881674,0.1633658719729679,0.0
0.15528628271244305,0.24591529721647193,0.16317814905199926,0.041735360566648345
0.1923305324149206,0.2575645675908712,0.2383142481697015,0.11998534530133725
0.10160962650414128,0.23095897288506803,0.10132344659282898,0.04423887158820297
0.011857621984204262,0.06074574248636613,0.0976628496339403,0.0
0.05469364203541418,0.1165509137146329,0.2250328515111695,0.08124198571166881
0.11529926551023598,0.19744094416572375,0.18936549652712595,0.051047200341942975
0.309180520994867,0.13888898994786572,0.5155340717101559,0.0
0.0380275764242009,0.09770543571982086,0.09198423127463862,0.0
0.1300659958887807,0.2460135265419275,0.16876290595081658,0.16691091164437932
0.02683111543871038,0.06477678295321009,0.20091045616669795,0.2614947792636014
0.07673073917799657,0.15583900577370147,0.10878543270133283,0.0
0.017399353264332167,0.028482866258954326,0.09935235592265815,0.0
0.17816966593337902,0.21587167611972335,0.22686314999061385,0.18822128594980767
0.04379770877661173,0.11699840286393057,0.08630561291533695,0.08096721011174207
0.1802372966929929,0.3493398625517068,0.15768725361366623,0.12022959027904988
0.04184788488585957,0.0737774996634736,0.17275201802140042,0.23642913842584112
0.10659598254534963,0.2329890456111501,0.10310681434203114,0.307107528851438
0.014507074422686238,0.05604892548032321,0.05824103623052374,0.0
0.18091528724440117,0.32632145728661494,0.19152431011826543,0.2564572265982781
0.03209155276665825,0.039859277395976965,0.2233902759526938,0.0
0.06502458316804309,0.25601472712257195,0.08813591139478129,0.20107467790193564
0.13989445466238717,0.31131783735406576,0.15951755209311058,0.2680588630396287
0.14948489547645666,0.19736818170242335,0.17275201802140042,0.051047200341942975
0.2352603171168572,0.3219666238580841,0.28538577060259057,0.12984673627648533
0.14995371873009003,0.2392829986866375,0.1633658719729679,0.04280393234414118
0.11900417132484645,0.18958987437560712,0.2849633940304111,0.05294009891921598
0.08554942478993112,0.11302921049089196,0.23817345597897502,0.0
0.07598062197218317,0.13548734478857047,0.22906889431199548,0.07135006411430665
0.1994157740993184,0.24224806906613017,0.22310869157124083,0.04231544238871589
0.1391226994602522,0.24402347317066073,0.27215130467430076,0.08408133357757831
0.057165182059696826,0.18372521983359227,0.13520743382767034,0.10893326005984003
0.2332455792371404,0.2632727828367901,0.1876759902384081,0.11757342614642487
0.10197506821979396,0.15489673187396089,0.2118453163131218,0.1268852659217195
0.11215935182179908,0.14430979346374792,0.22906889431199548,0.13506747267509311
0.2291968697031988,0.2911044250492056,0.2437112821475502,0.21411125358734812
0.05958623342589587,0.07100888793489214,0.34494086727989487,0.24363436526836416
0.12714246216355923,0.24209890601636425,0.19335460859770978,0.04234597301092997
0.24405736473247022,0.2780653916257681,0.36188286089731553,0.14895890578249985
0.1420438289636602,0.18724692305733315,0.238455040360428,0.21420284545399035
0.23497902316467717,0.33585697810213666,0.24216256804955885,0.12477865298894793
0.1292100929231731,0.1398130732317812,0.18213816406983294,0.13885326982963914
0.2305215959224398,0.2624578432478253,0.21029660221513047,0.15720217378030166
0.17147150396095545,0.1957164737855035,0.24000375445841937,0.0
0.12847920949186772,0.15903327791259045,0.17275201802140042,0.0
0.019995912822917045,0.024189880924228812,0.16496151680120144,0.0
0.29645016649236056,0.2509249928147067,0.29247231086915715,0.08194419002259266
0.3288831187565365,0.2979950303237565,0.3374319504411489,0.13964706600720522
0.0029884477141861113,0.021879672714440072,0.05824103623052374,0.0
0.18681043913111425,0.27678113414851546,0.19147737938802328,0.14963057947120964
0.20078377631120248,0.2889361036428527,0.2869344847005819,0.17967271172986504
0.04179499200596248,0.05052625451582037,0.41669795382016145,0.3141906332051047
0.26503179583348363,0.3124638461510476,0.22686314999061385,0.30051291445319656
0.2832077127435777,0.34084848308454635,0.2738408109630186,0.2769127434817122
0.03638068448195031,0.06231741169365547,0.18213816406983294,0.13464004396409598
0.02225107288398428,0.01836524573702918,0.3923409048244791,0.0
0.23588541478836836,0.26956673591227753,0.26661347850572553,0.0766623923795567
0.2313774988880474,0.25403194999763523,0.3753989112070584,0.04051413567808512
0.013860338754853523,0.014086812894963748,0.24403979725924535,0.32417414666910915
0.17672953706708983,0.09965910785943748,0.38666228646517736,0.0
0.2645413345835287,0.19096144680882027,0.27778299230336023,0.0
0.4086792407467513,0.28071758341306885,0.3604749389900507,0.0738230445136472
0.10886075949367088,0.2541156268304307,0.23817345597897502,0.08099774073395616
0.15475494969165857,0.24869118519138345,0.257227332457293,0.04130793185565122
0.15717600105785762,0.16168546969989123,0.3600525624178712,0.06106124442816145
0.14951615036003224,0.19054670076800778,0.208137788623991,0.0
0.008183971053169366,0.027125846318401262,0.0657030223390276,0.0
0.18184331686441393,0.2268515318317586,0.314952130655153,0.044971606521340905
0.07325663865748254,0.12107673893191981,0.1574995306926976,0.0
0.06018248043564499,0.08523758763329173,0.35108879294161816,0.10536117726079258
0.0647721398776251,0.10793583805986168,0.16707339966209875,0.08670696708798926
0.13324678134804718,0.19428669138165003,0.17631875351980475,0.3107406728949136
0.011295034079844207,0.016484336060712996,0.11643514173080532,0.0
0.05027949078581991,0.11356765271931517,0.15768725361366623,0.0
0.017481096805991324,0.03284497593381526,0.16876290595081658,0.0
0.4678134804717083,0.27013428312602095,0.4767223577998873,0.0765097392684863
0.00406313486482263,0.02667108092277356,0.1481603153745072,0.0
0.3888420065635255,0.24963345909112405,0.3657311807771729,0.04115527874458082
0.044946926803466895,0.06958274365420367,0.1518209123333959,0.0
0.2750910599011865,0.2752640367887014,0.34541017458231654,0.07519692251328082
0.1208914854484475,0.2534025546900865,0.3079125211188286,0.0
0.28720593361943575,0.23906834941990127,0.6430448657781115,0.042834462966355256
0.15777946073304724,0.14839540577806723,0.4805706776797447,0.06588508273798621
0.17196196521091037,0.34063019569464503,0.16876290595081658,0.27706539659278256
0.13955065094305602,0.3938559375989114,0.31518678430636377,0.24143616046895036
0.103319028213543,0.27716677520400773,0.10132344659282898,0.11207791414789034
0.28364768533544904,0.6975155256906067,0.17247043363994743,0.2166758258533309
0.17045932657747004,0.388897175724987,0.142622489205932,0.271539353972034
0.014382054888384002,0.05647458589063074,0.061901633189412414,0.28979666605605425
0.07894502746823422,0.24361236525301327,0.10320067580251548,0.08420345606643465
0.18048733576159737,0.3610509810199114,0.12765158625868217,0.23310130060450635
0.01724067462464087,0.17018412541338174,0.013140604467805517,0.0
0.016156370586750332,0.03102591435130445,0.11643514173080532,0.0
0.09908278937814803,0.20425514885380927,0.12751079406795568,0.19796055443609942
0.10270354742928582,0.3835491346724052,0.11446405106063448,0.19258716492642122
0.13273708632358422,0.22944915177158406,0.17059320443026094,0.31147340782805155
0.14826355079519637,0.45240425369360454,0.1370377323071147,0.1880381022165232
0.08284707947155205,0.23030047259219913,0.15754646142293974,0.1330219209867497
0.02546551744863981,0.09759265390170518,0.17247043363994743,0.0
0.05738637046653924,0.18473297995030324,0.242209498779801,0.10841423948220065
0.03655619267433614,0.18683581513968572,0.06007133470996807,0.0
0.002873045067137894,0.06640666213113978,0.03942181340341655,0.0
0.0634906896510272,0.26744571010706997,0.07504223765721793,0.23169689198265864
0.21468258261507206,0.24919688431132145,0.24784118640886052,0.08246321060023203
0.20519792756079674,0.2478253118781083,0.23089919279143983,0.08289063931122917
0.03090146296897352,0.08483375596197433,0.2533790125774357,0.0
0.24934665272218015,0.2200409652668381,0.32246104749389903,0.0
0.16286198564679577,0.23254519458501746,0.257227332457293,0.0
0.005700409919819202,0.04562570261253624,0.11643514173080532,0.0
0.29346652722180144,0.22787384444112968,0.352496714848883,0.1791231605300116
0.18462980994626566,0.13861249258732405,0.2943495400788436,0.06994565549245894
0.2798706528664334,0.26647433122200914,0.40313497278017646,0.30997740733956164
0.22995900801807975,0.3306908432078059,0.4518490707715412,0.2215912560297979
0.11453712719535505,0.31946723324371423,0.07133470996808709,0.032698296391280454
0.047483380816714146,0.12683952602531406,0.15937675990238406,0.0
0.0552345919434527,0.17928670957226586,0.11061573118077717,0.05568785491848324
0.10739899263106015,0.2515689406149156,0.12582128777923784,0.16349148195640228
0.10218183129575537,0.25366813768113305,0.0975220574432138,0.20281492336813825
0.135542813179944,0.25409743621460557,0.19152431011826543,0.16199548146791232
0.0050320362556649486,0.042627889124558414,0.08827670358550778,0.0
0.002663877769363002,0.002030072726082068,0.18213816406983294,0.0
0.2672436799019077,0.2917338203567543,0.5160503097428196,0.0
0.005815812566867419,0.05687841756194814,0.11446405106063448,0.0
0.1735800064913989,0.25719347902803896,0.19124272573681245,0.16019417475728157
0.1336338610600214,0.2600348532199209,0.24784118640886052,0.1585455211577212
0.0561962806688545,0.24265553886061259,0.08630561291533695,0.3803504915430177
0.15530792070876462,0.3823594683974431,0.3678899943683124,0.3035354460523905
0.023022828086119225,0.12897146620001673,0.03942181340341655,0.14895890578249985
0.024035005469604628,0.12111675828673504,0.07691946686690443,0.39305123038407525
0.01649055741882746,0.13562923159200632,0.02628120893561103,0.28515601147951397
0.008768196953850962,0.09938261049889584,0.016895062887178517,0.09290468339744765
0.09348095255268252,0.25817577228259486,0.12582128777923784,0.07980704646760702
0.04007356918749324,0.2913736461634172,0.02628120893561103,0.17826830310801733
0.05487155444961353,0.26906831303866957,0.05824103623052374,0.0768150454906271
0.053566062004880566,0.2610826326914471,0.04876102872160689,0.276454784148501
0.003822712683472178,0.04796501580764515,0.05256241787122207,0.16300299200097698
0.09063194970367967,0.15848392131467218,0.3698610850384832,0.24867191793368748
0.061360549124262205,0.1959966092692102,0.20062887178524497,0.05138303718629786
0.2578215346147835,0.3802857381933808,0.21940116388211,0.19414422665933934
0.16728575378364408,0.39482731648397223,0.13140604467805517,0.42822250717469623
0.0651904744731749,0.1889168215900781,0.11446405106063448,0.3718629785675032
0.04903650810823807,0.10131445389952232,0.11643514173080532,0.09143921353117176
0.27193912510368207,0.4425194730542407,0.22137225455228082,0.4081028271356171
0.06694315217521968,0.09510781577999541,0.18213816406983294,0.385388044208341
0.16774496015002344,0.2404726649615996,0.18185657968837993,0.21307321243206936
0.18504574032000196,0.3516427945151655,0.22310869157124083,0.2987421383647799
0.08955726255304317,0.16566557644242488,0.1633658719729679,0.35861268852659217
0.08843929940976356,0.22915810191838235,0.18936549652712595,0.5345911949685536
0.010261218700037265,0.12176798233327392,0.022573681246480192,0.2347499542040667
0.0717948717948718,0.31779733471096927,0.05439271635066641,0.13146485925383158
0.025390986572421174,0.11802435359646667,0.054439647080908565,0.24113085424680958
0.04849555820019955,0.24813455234713513,0.06382579312934109,0.3725651828784271
0.06257227691826847,0.272670054972041,0.06753332081847192,0.18965622519386946
0.08983855650522317,0.39477274463649686,0.07889055753707527,0.5085791048421567
0.021748590524961836,0.13432678349892857,0.03942181340341655,0.5751358612688527
0.08496519888924953,0.35035126079158285,0.10873850197109065,0.41967393295475364
0.036109007417024296,0.17642714476455884,0.061901633189412414,0.5084569823533004
0.0541719259018837,0.3208679106622475,0.04876102872160689,0.3257006777798132
0.15051871085626362,0.555592341023113,0.08452224516613477,0.40511082615863714
0.15951290466058402,0.4493009346338411,0.13520743382767034,0.3548879526164744
0.03778715424285045,0.113203840402813,0.0976628496339403,0.24983208157782255
0.08438097298856792,0.24811636173131005,0.12938802327764218,0.24839714233376076
0.1356990875978218,0.4663491797851324,0.11624741880983668,0.15979727666849852
0.06890499717503937,0.3435152273645072,0.10310681434203114,0.24433656957928804
0.11379662687679566,0.30401976228503236,0.1518209123333959,0.3768700006106125
0.08266916705735272,0.20160295706650852,0.15205556598460673,0.5008243267997802
0.28921826727733896,0.49298024135309076,0.24784118640886052,0.3030469560969653
0.08370298243715965,0.16369371368698316,0.1368969401163882,0.36245954692556637
0.016459302535251904,0.0908985072780654,0.123850197109067,1.0
0.1267048937935014,0.291169911266176,0.13520743382767034,0.3567503205715332
0.06018248043564499,0.12085845154201852,0.12765158625868217,0.23627648531477075
0.15790448026734946,0.39578414287637287,0.1502252675051624,0.29373511632167065
0.09717383725822545,0.16720814066439404,0.208137788623991,0.29639128045429564
0.01296356401841634,0.023625971833650453,0.211892247043364,0.2535873481101545
0.12109103585896835,0.2148711922493424,0.12938802327764218,0.23627648531477075
0.1373075119910563,0.2372274590984003,0.14628308616482072,0.2157599071869085
0.16667027299938694,0.25620754765031817,0.12765158625868217,0.20095255541307933
0.11428708812675059,0.21508220339291365,0.18213816406983294,0.18886242901630335
0.11159435969562553,0.22397741453139153,0.21029660221513047,0.2274531354949014
0.08827340810463175,0.20174848199310938,0.16707339966209875,0.25025951028881965
0.23502951182276074,0.4140948167659268,0.2626243664351417,0.3836477987421384
0.020801327130441055,0.074348685000382,0.242209498779801,0.11751236490199671
0.1878009785182781,0.2902676567212506,0.20091045616669795,0.32200647249190945
0.08432808010867084,0.13385018936431076,0.24784118640886052,0.21633998900897602
0.19189296404486278,0.3525268584442658,0.21592828984419,0.29800940343164195
0.23281762775433662,0.35334543615639563,0.328515111695138,0.3865787384746901
0.013809850096769929,0.05931596008251263,0.13506664163694385,0.0
0.07977929243752029,0.14720937762627015,0.13708466303735684,0.19905965683580631
0.14873237404882975,0.2385881171621184,0.24770039421813403,0.3863344934969775
0.32327887770925745,0.7266059585181196,0.21775858832363432,0.505709226354033
0.2601368002211884,0.5007003387092667,0.1613478505725549,0.21325639616535386
0.11010374217125272,0.21489665911149752,0.18964708090857893,0.2835073578799536
0.1390193179222715,0.23652893945071615,0.19152431011826543,0.2596018806863284
0.20193059011624412,0.48852354047593927,0.16120705838182842,0.4803688099163462
0.05801146813805041,0.20882826967224147,0.09569175896376945,0.2910178909446175
0.0621539423227187,0.1889895840533785,0.1500375445841937,0.2124015387433596
0.21681031892002356,0.43904142730848006,0.24967148488830487,0.4353666727727911
0.09674588577542165,0.33188050948276804,0.08442838370565045,0.2839347865909507
0.4490413165518651,0.5259125322428665,0.34874225642951,0.26442571899615314
0.36742039020520034,0.47944642317921027,0.30932044302609346,0.2445502839347866
0.26652241335785637,0.3107357376476623,0.22310869157124083,0.20141051474629054
0.2739322249870773,0.36245165843844473,0.23634315749953066,0.23224644318251209
0.19209011023357014,0.19006646851022493,0.1932138164069833,0.15848445991329305
0.04869270438890692,0.07807776124452917,0.23432513609911768,0.11305489405874093
0.2766033154218808,0.3668137681133057,0.34526938239159005,0.1435244550283935
0.22927140057941744,0.29151917109001807,0.23432513609911768,0.1781767112413751
0.026508949715700773,0.024273557757024306,0.18195044114886427,0.24986261220003667
0.030411001719018595,0.06281219644409843,0.13121832175708653,0.4015387433595897
0.1989349297366175,0.2565604455973252,0.18185657968837993,0.2006777798131526
0.03437556348948754,0.10282791313617133,0.15951755209311058,0.09030958050925078
0.19738180244509357,0.3937031364259805,0.20091045616669795,0.3220370031141235
0.1556829793116713,0.16270050606293227,0.2778299230336024,0.06072540758380656
0.13033526873189322,0.2777270461714211,0.20091045616669795,0.07455577944678514
0.19961532450983926,0.11479006210276244,0.39041674488455036,0.0
0.08875184824551914,0.21169511072627853,0.11075652337150364,0.14370763876167797
0.2562563862141921,0.3965845299726777,0.19152431011826543,0.26650180130671064
0.18348059191941052,0.32664161212513687,0.16890369814154307,0.3202662270257068
0.024691358024691357,0.00889521113847788,0.19152431011826543,0.0
0.21161479558104032,0.36253533527124027,0.1781490519992491,0.17414666910911644
0.24355488237344777,0.37231461033881835,0.19124272573681245,0.33959211088721986
0.0040943897483981875,0.0022083407611681286,0.11061573118077717,0.49621420284545403
0.20026206017767198,0.3057733376505728,0.20091045616669795,0.13631922818587044
0.2812049959729285,0.3485176467164119,0.22686314999061385,0.21087500763265557
0.29862117878995514,0.35501897281230554,0.21775858832363432,0.3552543200830433
0.006181254282520105,0.005995626975955643,0.2887178524497841,0.0
0.03304122038299254,0.045603873873546114,0.21029660221513047,0.0
0.1796939425631409,0.28255847373456977,0.1894593579876103,0.11006289308176101
0.17037517881399739,0.3061844455682202,0.14435892622489205,0.20421933198998596
0.2502963203385144,0.43255465370524654,0.2118453163131218,0.2207974598522318
0.25592219938211497,0.3201402860292432,0.22686314999061385,0.19582341088111377
0.09781095603880414,0.1418504222041933,0.1633658719729679,0.20565427123404775
0.1737987906764278,0.15143687674402528,0.24000375445841937,0.06472491909385113
0.13819466984023948,0.2108328755361684,0.38863337713534823,0.14425718996153142
0.6096673759121016,0.42305915224454005,0.5323822038670921,0.17542895524210786
0.3125512399774003,0.28429749660745013,0.6767411300919841,0.18238993710691825
0.3631937682570594,0.288641415666486,0.807161629434954,0.17982536484093548
0.5236948080829937,0.2339458720035508,0.3992866529003191,0.0
0.5423203144722132,0.28356259572811576,0.46372254552280834,0.10969652561519204
0.14676091216175605,0.14105367323105358,0.34170264689318564,0.06887708371496612
0.003623162272951304,0.006272124336497288,0.14459357987610286,0.41994870855468036
0.4829023765732626,0.4228408648546388,0.4518960015017834,0.22565182878427065
0.3871830935122074,0.4520477176234324,0.2943495400788436,0.21169933443243574
0.23117073581208603,0.21924785441686342,0.2627651586258682,0.18556512181718265
0.3305516486951086,0.2546067734577086,0.34733433452224516,0.2829578066801002
0.09071369324533883,0.05981438295612059,0.38999436831237094,0.0
0.10034500583023791,0.23444429487715876,0.1633658719729679,0.34899554252915677
0.08879512423816222,0.19503614475364445,0.18199737187910645,0.25804481895341025
0.16699484294421005,0.2967362397086591,0.25492772667542707,0.10514746290529402
0.10063832089148546,0.1676847347990119,0.21029660221513047,0.4138731147340783
0.083880894851359,0.15188072777015793,0.1574995306926976,0.3227697380472614
0.25926166348107277,0.3945690097392557,0.19138351792753894,0.2945899737436649
0.014466202651856662,0.018554428141610305,0.0976628496339403,0.0
0.13770420859028454,0.16121615181160343,0.21029660221513047,0.30616107956280153
0.25823746498851985,0.14568136589696107,0.34165571616294343,0.13393783965317216
0.15097551300082948,0.1529867172123245,0.17275201802140042,0.0
0.21759409523122603,0.18879676352563238,0.3229303547963206,0.10630762654942907
0.03449096613653576,0.15995736119650594,0.10695513422188849,0.18498503999511512
0.22457355115582964,0.32262512415095296,0.2533320818471935,0.2592049825975453
0.03529397622224627,0.15217905386968972,0.07874976534634877,0.2577700433534836
0.12545229422866555,0.1450446943430823,0.18213816406983294,0.26891372046162304
0.31375094666233905,0.4320307639694834,0.24188098366810587,0.17194846430970265
0.04831764578600021,0.12512597001458886,0.16876290595081658,0.07644867802405814
0.124096313125849,0.3386474185697082,0.1518209123333959,0.3714660804787202
0.15864738480772236,0.27325215467844444,0.26661347850572553,0.0757159430909202
0.027749528171469102,0.0891012744345447,0.1070489956823728,0.0
0.11735487516078236,0.24256458578148704,0.20644828233527313,0.12682420467729133
0.1276136896390061,0.20205044621580617,0.21935423315186783,0.24992367344446484
0.02704028273648527,0.0636344122793933,0.1895532194480946,0.13253343103132442
0.21366078834433264,0.33466367370400957,0.23432513609911768,0.2504121633998901
0.13824515849832308,0.2079951394674515,0.1574995306926976,0.1460279660499481
0.06908290958923871,0.0508173043690221,0.3229303547963206,0.0
0.1860483008162333,0.20097356175895978,0.226910080720856,0.10044574708432558
0.22814382054888385,0.2530023611419341,0.2662849633940304,0.1219698357452525
0.11246228377030067,0.10719002281103224,0.257227332457293,0.08719545704341455
0.23166119706204094,0.27838554646429,0.3041580626994556,0.2976125053428589
0.12250952672893602,0.21914962509140784,0.19152431011826543,0.3712828967454357
0.3386923437556349,0.309327783982799,0.2947719166510231,0.26967698601697504
0.05319100340197386,0.06929897004733197,0.2175239346724235,0.49655003968980893
0.3622320795316576,0.35710725550902794,0.27215130467430076,0.14718812969408315
0.1504658179763665,0.2604059417827531,0.15200863525436456,0.0791659034011113
0.011826367100628704,0.025765188254683172,0.19124272573681245,0.0
0.2315770492985683,0.3072649681482317,0.21775858832363432,0.27138670086096356
0.03132941445177732,0.07160554013395569,0.14459357987610286,0.363070159369848
0.15348071213050116,0.25262763445593683,0.204383330204618,0.1628503388899066
0.19249642372005238,0.2746200889884926,0.18213816406983294,0.18840446968309216
0.11435921478115572,0.13891445681002085,0.17810212126900696,0.06982353300360261
0.12236286919831224,0.1538780573877548,0.20278768537638445,0.1914575319045002
0.11579934364744493,0.17434977643733154,0.3149990613853952,0.2283995847835379
0.14010362196016204,0.1863446685124078,0.2643138727238596,0.26891372046162304
0.06874872275716157,0.15938617585959755,0.08813591139478129,0.1237100812114551
0.11067594696286681,0.1530194603208097,0.25901070020649525,0.25651828784270625
0.06866457499368891,0.15821106207729557,0.10310681434203114,0.3736032240337058
0.09351220743625807,0.15186253715433282,0.1518209123333959,0.25825853330890886
0.35694279154194763,0.26342194588655604,0.3641824666791815,0.07834157660133115
0.08316924519456165,0.15401266794486063,0.15388586446405106,0.1913048787934298
0.26455095147078267,0.20897379459884233,0.30185845691758967,0.19389998168162667
0.17166865014966282,0.2749802631818297,0.2437112821475502,0.30106246565305
0.06882084941156671,0.20098811425161983,0.20245917026468932,0.10044574708432558
0.20976835322826884,0.22177635001655344,0.41679181528064574,0.13772363680771815
0.060129587555747904,0.13187832660886903,0.19875164257555847,0.14608902729437628
0.058126870785098636,0.21420541571014343,0.1070489956823728,0.2843316846797338
0.13817303184391794,0.3521339411424434,0.11826544021024966,0.6265188984551506
0.11415245170519434,0.2354120356390545,0.16707339966209875,0.13036575685412471
0.028646302907906283,0.06869140347877337,0.2119861085038483,0.24998473468889298
0.1854015651484006,0.2962596455740412,0.19706213628684063,0.3159003480490933
0.1560075492564944,0.3888789851091618,0.11643514173080532,0.5702204310923856
0.05177010831019269,0.12791641048216046,0.1518209123333959,0.37500763265555354
0.11108466467116257,0.26989780512029454,0.12000187722920966,0.45948586432191485
0.09367809874138988,0.22556363623134096,0.12375633564858268,0.4520058618794651
0.030117686657771044,0.08721308851189848,0.0976628496339403,0.206875496122611
0.16353035931095003,0.3193144320707833,0.12582128777923784,0.3598949746595836
0.2987245603279358,0.25286047433849823,0.2755772479819786,0.08136410820052513
0.3843869835431017,0.4880251176023313,0.32616857518302983,0.305977895829517
0.04350679793717768,0.0823234509781094,0.3604749389900507,0.0
0.44328080108670825,0.2863130168408721,0.6608316125398911,0.07247969713622764
0.30515344945724693,0.2826385124442003,0.3698610850384832,0.18339744763998292
0.1774604204983952,0.29397490422640765,0.1389149615168012,0.14141784209562192
0.00984288410448748,0.027522401743388623,0.18185657968837993,0.23285705562679368
0.2006996285477298,0.3615093845387042,0.21029660221513047,0.1164132625022898
0.17078149230047965,0.25552358049529406,0.1387741693260747,0.08057031202295903
0.19860314712635388,0.34306773821520953,0.20076966397597146,0.3669475483910362
0.319845648959573,0.3341288695987514,0.24403979725924535,0.25080906148867316
0.1823241612271148,0.1847438943197983,0.240191477379388,0.10841423948220065
0.11813865147198481,0.1453684873047692,0.28538577060259057,0.335470476888319
0.2724824792335341,0.3397497698887098,0.23249483761967335,0.30860352933992796
0.13396804789209854,0.19907446146681848,0.219682748263563,0.20263173963485376
0.19158041520910718,0.1939847271589532,0.326497090294725,0.25932710508640167
0.0072968132039861995,0.04372660232039495,0.04125211188286089,0.0
0.02548475122314785,0.13767749493391349,0.04125211188286089,0.07037308420345607
0.10333104932261052,0.26204673533017786,0.14459357987610286,0.0787079440679001
0.042119561950785575,0.14623072249487934,0.07321193917777359,0.133510410942175
0.0793080649620734,0.1803890608912674,0.15754646142293974,0.0
0.0035293976222246274,0.04039771962440016,0.013140604467805517,0.0
0.05183502229915731,0.2572698796145045,0.04876102872160689,0.12010746779019357
0.10910118167502135,0.25256214823896644,0.15937675990238406,0.08145570006716736
0.01967374709990744,0.12191350725987478,0.028111507415055373,0.07815839286804666
0.07825501580775843,0.2373074978080308,0.08827670358550778,0.08627953837699212
0.06869582987726448,0.27406345614424427,0.07138164069832925,0.0
0.05095748133722818,0.09745076709826934,0.1574995306926976,0.0
0.11104138867851948,0.1704606227739234,0.15581002440397973,0.05825242718446602
0.23979948790075373,0.26825337344970474,0.2834616106626619,0.11552787445808146
0.036411939365525864,0.07711002048263342,0.07504223765721793,0.0
0.010052051402262374,0.023978869780657552,0.12582128777923784,0.0
0.00964573791578011,0.042489640444287595,0.0581471747700394,0.0
0.08876386935458666,0.18098571309033096,0.15200863525436456,0.16565915613360202
0.08552778679360959,0.15054553656859498,0.23061760840998685,0.1951822678146181
0.12261531248873023,0.29088249953613926,0.2137225455228083,0.2856750320571534
0.024890908435212238,0.03884424103293592,0.14252862774544772,0.18819075532759358
0.10003245699448232,0.2608570690552158,0.0976628496339403,0.15808756182451
0.011710964453580486,0.027285923737662213,0.1070489956823728,0.0
0.08622741534133939,0.21806182626506637,0.1518209123333959,0.09324052024180253
0.11314027432170894,0.18106211367679642,0.12582128777923784,0.05519936496305795
0.046218760142810775,0.18450014006774187,0.06011826544021024,0.10853636197105697
0.07423756115739237,0.24233538402209065,0.0976628496339403,0.21154668132136534
0.059242429706564737,0.18206259754717735,0.14252862774544772,0.10984917872626244
0.13237164460793152,0.13042307734286038,0.21029660221513047,0.0
0.1662230877420751,0.14104639698472352,0.2515017833677492,0.1377846980521463
0.12450262661233127,0.14644173363845062,0.22137225455228082,0.2666544544177811
0.1543991248632599,0.19883798346109208,0.2643138727238596,0.15213409049276425
0.009749119453760804,0.0,0.14459357987610286,0.5505281797643036
0.026090615120150984,0.04067057886177678,0.37868406232400975,0.0
0.17407046774135385,0.14302189786333025,0.3000281584381453,0.06805275691518593
0.13279959609073533,0.12665398174389794,0.4352825229960578,0.07565488184649204
0.02044550230204239,0.028817573590136314,0.3394030411113197,0.0
0.18048733576159737,0.12713421400168082,0.5050215881359114,0.07541063686877938
0.032204551191892965,0.08936685742559129,0.17997935047869346,0.2027843927459242
0.21717576063567623,0.14523387674766342,0.4449502534259433,0.13430420711974111
0.1449240866962386,0.15673034594913177,0.19692134409611411,0.18837393906087807
0.15508913652373568,0.2540210356281401,0.257227332457293,0.1620260120901264
0.1399665813167923,0.2172286960602764,0.1633658719729679,0.04677291323197167
0.09216584322069554,0.21530776702914498,0.19152431011826543,0.18867924528301888
0.01650017430608148,0.005755510847064217,0.3207715412051812,0.0
0.030076814886941472,0.08934866680976618,0.08067392528627744,0.0
0.1518434370755046,0.17052247086772873,0.27402853388398724,0.23297917811565
0.12228112565665308,0.3185540643292938,0.09198423127463862,0.1311595530316908
0.1964321348287593,0.2926469892711748,0.17059320443026094,0.17753556817487942
0.025328476805270058,0.08071540053916984,0.06194856391965458,0.22018684740795016
0.16412420209888565,0.24387067199772977,0.14459357987610286,0.04207119741100324
0.2522581653383341,0.2664343118671939,0.2118453163131218,0.07751724980155096
0.2053950737495041,0.27600621391436586,0.18936549652712595,0.11250534285888747
0.05219805979299651,0.14541942102907954,0.08818284212502346,0.4024546620260121
0.08530900260858068,0.13684800285228857,0.18213816406983294,0.1414789033400501
0.08467188382800198,0.1605722040113946,0.12375633564858268,0.1843438969286194
0.07979852621202832,0.1839689740856487,0.22906889431199548,0.05440556878549185
0.06073545145275104,0.1272688245587866,0.08818284212502346,0.1506686206264884
0.031788620818156685,0.09150243572345898,0.07889055753707527,0.099468767173475
0.3203673650931035,0.5119348630428534,0.2137225455228083,0.12523661232215913
0.025359731688845612,0.019245671542964415,0.12582128777923784,0.0
0.26533472778198514,0.22568369429578666,0.25140792190726485,0.0
0.22401096325146957,0.517915937526149,0.19152431011826543,0.1238627343225255
0.2680058182167887,0.25291868430913855,0.41679181528064574,0.08133357757831106
0.18471395770973834,0.31003721799997813,0.28538577060259057,0.0672894913598339
0.20754444805077712,0.25333706847311604,0.4124272573681246,0.08121145508945472
0.08760503444047747,0.17772231661130658,0.16519617045241225,0.22449166514013558
0.11062545830478321,0.16493795180942056,0.19124272573681245,0.24000122122488857
0.12200944859172709,0.2228132151185846,0.18185657968837993,0.13714355498565062
0.10297522449421184,0.13778300050569914,0.1633658719729679,0.21096659949929783
0.0027384086455816414,0.002117387682042588,0.07889055753707527,0.0
0.24050873333573752,0.31042285905547046,0.21006194856391966,0.20159369847957503
0.1673915395434383,0.3543823012584268,0.13506664163694385,0.20757770043353485
0.05482827845697044,0.12486766326987235,0.1464238783555472,0.3063137326738719
0.12492096120788104,0.24274649193973813,0.12765158625868217,0.08447823166636136
0.19730727156887495,0.29343282387481945,0.2552562417871222,0.31877022653721687
0.003957349105028429,0.02349499939970968,0.1070489956823728,0.25432008304329246
0.3656027985141909,0.49682573753851855,0.31157311807771726,0.23633754655919886
0.024494211835983985,0.04403584278942179,0.2719166510230899,0.1729865054649814
0.25680935723129816,0.3600832402580157,0.25126712971653836,0.3505220736398608
0.32334138747640856,0.2677476743297667,0.2887178524497841,0.192892471148562
0.019486217798454084,0.06408553955185599,0.11446405106063448,0.0
0.17437099546804188,0.15267383862013265,0.27778299230336023,0.06426695976063992
0.3099114044261724,0.5721639920397865,0.2627651586258682,0.22501068571777494
0.4301850048685492,0.2543630192056522,0.42617796132907826,0.04045307443365696
0.2378905357808311,0.1544492427246632,0.5644358926224892,0.06359528607193016
0.19201798357916502,0.228932538282151,0.47113760090107,0.13375465591988767
0.2995492084099679,0.252645825071762,0.31354420874788813,0.12215301947853699
0.06164184307644224,0.07809595186035427,0.2551623803266379,0.0
0.3612319232572397,0.2258583242077077,0.43312370940491834,0.09027904988703671
0.2448074819382836,0.24867663269872337,0.4543363994743758,0.0
0.12598603147126355,0.18558793889408334,0.4824948376196733,0.0
0.27604072751752073,0.23212317229787496,0.257227332457293,0.0
0.20873453784846188,0.2096759523696915,0.20091045616669795,0.0
0.18669503648406605,0.18550426206128784,0.238455040360428,0.0540086706967088
0.5031579453520382,0.3090440103759272,0.6074713722545523,0.13494535018623682
0.1425246733263611,0.15107670255068817,0.257227332457293,0.06484704158270746
0.15047543486362053,0.18767622159080574,0.257227332457293,0.05342858887464127
0.013997379398223282,0.028100863326627052,0.22686314999061385,0.0
0.18623583011768668,0.24651922566186552,0.18396846254927726,0.08328753740001221
0.007933931984564895,0.010750653952638915,0.1500375445841937,0.35913170910423153
0.25664106170435286,0.23865724150225381,0.3564388961892247,0.08582157904378092
0.18614206546696002,0.23508460455420255,0.3171109442462925,0.13054894058740918
0.09521199225840578,0.08741682340913969,0.1950910456166698,0.0
0.17978770721386758,0.20971960984767174,0.21958888680307864,0.193258838615131
0.31542188082272465,0.39827625724441273,0.334006007133471,0.42471148562007693
0.11876374914349598,0.162489494919361,0.21775858832363432,0.0608169994504488
0.24236719679757654,0.37676403496963984,0.2437112821475502,0.19588447212554191
0.22400134636421556,0.36135658336577325,0.2775952693823916,0.3202356964034927
0.12801038623823432,0.16061949961253988,0.29632063074901444,0.12288575441167492
0.003207231899215022,0.026983959514965416,0.13323634315749952,0.0
0.2030461490377102,0.28999115936070896,0.26093486014642386,0.17906209928558345
0.2416050584826956,0.28149250364721845,0.3113384644265065,0.11045979117054407
0.007568490268912209,0.045662083844186456,0.08827670358550778,0.0
0.1115751259211175,0.1386561500653043,0.3096958888680308,0.1398607803627038
0.18055946241600251,0.3125184179985229,0.22906889431199548,0.2670818831287782
0.24190799043119718,0.3304470889557495,0.21775858832363432,0.1583928680466508
0.0917162537415702,0.13236583511298192,0.15205556598460673,0.0
0.36889177395506506,0.43372976748754855,0.3698610850384832,0.3425841118641998
0.07299698270162405,0.0887119952558874,0.3698610850384832,0.20400561763448738
0.32136992558933486,0.2217690737702234,0.3768068331143233,0.18364169261769556
0.32988567925276785,0.4517603058933957,0.3323165008447531,0.1882823471942358
0.20267109043480352,0.2187894508980707,0.3112446029660222,0.27889723392562743
0.10622092394244292,0.12317957412130232,0.3957199174019148,0.15497343835867375
0.08536189548847778,0.14754408495745214,0.20644828233527313,0.26491420895157847
0.14069746474809766,0.19814310193657295,0.19330767786746764,0.05086401660865848
0.259667976967555,0.4803595920936307,0.17275201802140042,0.1997313305245161
0.009499080385156336,0.06068025626939574,0.05256241787122207,0.1373572693411492
0.08340005048865808,0.19538904270065155,0.2530974281959827,0.25764792086462723
0.26351713609097577,0.39324109478402275,0.33015768725361366,0.18806863283873726
0.10849531777801821,0.139951321912052,0.22906889431199548,0.0
0.29019918977724884,0.3425074672477962,0.24770039421813403,0.21438602918727484
0.3162561457920108,0.44826406953180986,0.18213816406983294,0.14227269951761617
0.29502205873513887,0.3629355288193926,0.35108879294161816,0.23194113696037125
0.26123312536814647,0.3173571218080017,0.2551623803266379,0.131617512364902
0.2850036664382656,0.32029308720217414,0.3604749389900507,0.260975758685962
0.029930157356317696,0.144488061498834,0.1500375445841937,0.2698296391280455
0.2330171781648575,0.6256735075509247,0.21029660221513047,0.326769249557306
0.15436786997968432,0.17494279051323006,0.24755960202740754,0.11384869023630702
0.034010121773834855,0.015505680929322179,0.22686314999061385,0.0
0.30230444660824407,0.5212448202221438,0.25492772667542707,0.3282347194235819
0.21342998305023622,0.4001571669207289,0.37155059132720103,0.26424253526286867
0.22750670176830515,0.3392004132907915,0.21029660221513047,0.37088599865665267
0.2075228100544556,0.37336602793350965,0.2755772479819786,0.2540147768211516
0.020529650065515048,0.03255756420377855,0.10878543270133283,0.4212615253098858
0.18435813288133965,0.35513539275358624,0.238455040360428,0.17756609879709348
0.16075348311635232,0.29219222387554705,0.13520743382767034,0.1422421688954021
0.23178621659634316,0.40010623319641864,0.31537450722733246,0.23786407766990292
0.2734634017334439,0.4267700378728621,0.26647268631499904,0.22366733834035538
0.10951951627057112,0.16527265914060255,0.23263562981039984,0.11980216156805278
0.2955630086431774,0.5415091662513143,0.19152431011826543,0.09888868535140748
0.029680118287713223,0.10017935947203557,0.07889055753707527,0.276851682237284
0.2623390674023586,0.3706883692840537,0.28538577060259057,0.22733101300604508
0.010626660415689953,0.010714272720988694,0.120095738689694,0.0
0.1801844038130958,0.35675071943885583,0.15397972592453538,0.23575746473713136
0.1393727385288567,0.24800357991319436,0.16693260747137226,0.20708921047810955
0.12362748987221561,0.16872523802420808,0.17059320443026094,0.11760395676863895
0.09116328272446417,0.2370419148169842,0.14459357987610286,0.25908286010868903
0.1382571796073906,0.2189422520710016,0.21569363619297915,0.1858093667948953
0.003038936372269706,0.038087511414611426,0.05256241787122207,0.0
0.006003341868320773,0.029508816991490425,0.05073211939177773,0.0
0.1234495774580163,0.31089581506692326,0.12582128777923784,0.1677352384441595
0.1433685551829012,0.3595848173844077,0.1389149615168012,0.175490016486536
0.12437760707802903,0.1445535477158044,0.17247043363994743,0.13485375831959456
0.10084748818926036,0.1732910825963102,0.142622489205932,0.11482567014715761
0.2605551348167382,0.31928896520862815,0.18579876102872162,0.1636136044452586
0.0028826619543919126,0.012384171253733624,0.07504223765721793,0.0
0.002466731580655632,0.02502664925218378,0.08818284212502346,0.24571044757892166
0.21060261819755488,0.323469168725238,0.2870752768913084,0.25859437015326375
0.11636433577361847,0.20406596644922814,0.1518209123333959,0.1981437381693839
0.3024727421351894,0.4690814102820636,0.2739346724235029,0.27242474201624234
0.10874535684662268,0.1452666198561486,0.18561103810775298,0.20141051474629054
0.11730198228088524,0.2136596972353902,0.12760465552844003,0.18999206203822436
0.2286126438025172,0.40766261501016854,0.20091045616669795,0.2855834401905111
0.11344320627021051,0.2600857869442312,0.1368969401163882,0.198174268791598
0.006431293351124574,0.015116401750664869,0.0976628496339403,0.0
0.2079940375299025,0.35486980976253973,0.30749014454664914,0.2665323319289247
0.3189272362268143,0.42305915224454005,0.31884738126525247,0.2505953471331746
0.015728419103946532,0.04554202577974074,0.17082785808147177,0.16901752457715088
0.06585884813732916,0.1917254526734748,0.07504223765721793,0.0524210783415766
0.08792960438530059,0.23728566906904064,0.24000375445841937,0.2588386151309764
0.0972988567925277,0.2664888837146693,0.13323634315749952,0.07748671917933687
0.03709954680418815,0.12152786620438248,0.0581471747700394,0.07837210722354522
0.10834866024739444,0.31916526902101744,0.08827670358550778,0.16367466568968678
0.08860759493670887,0.2169740274387249,0.18213816406983294,0.42153630090981253
0.0074963636145070735,0.025968923151924384,0.10320067580251548,0.24070342553581245
0.08046689987618258,0.26100259398181663,0.06753332081847192,0.15802650058008183
0.0768677798213663,0.1933080362502592,0.0976628496339403,0.3121756121389754
0.03709954680418815,0.19254403038560466,0.05073211939177773,0.3655126091469744
0.04046064889946746,0.14742766501617147,0.07504223765721793,0.5301642547475117
0.07911091877336603,0.4048467076804418,0.12192603716913834,0.6533553153813275
0.04022984360537103,0.20871184973096077,0.035667354984043546,0.09705684801856262
0.04077319773522306,0.16182371838016205,0.09198423127463862,0.4882457104475789
0.14431822279923545,0.49874666656965,0.0976628496339403,0.29965805703120235
0.051854256073665346,0.22109965910785945,0.08813591139478129,0.5524210783415766
0.015362977388293845,0.05811537943805549,0.08827670358550778,0.0
0.03784004712274755,0.11272724626819516,0.06950441148864275,0.08356231299993894
0.03932345198167983,0.1037010626957765,0.07133470996808709,0.17933687488551017
0.09979203481313187,0.20512102216708442,0.15937675990238406,0.0
0.08773967086203373,0.13588390021355784,0.12577435704899567,0.21353117176528058
0.010427110005169077,0.01474167506466764,0.120095738689694,0.0
0.02856455936624713,0.10186381049744059,0.08813591139478129,0.1820235696403493
0.08737422914638104,0.16838689256986106,0.12582128777923784,0.29452891249923674
0.13417721518987344,0.24146223446248546,0.18561103810775298,0.21227941625450328
0.08518398307427844,0.12216453775826128,0.35803454101745824,0.15607254075838067
1.0,0.5885428225287139,0.9077341843439084,0.1824815289735605
0.22656665103922488,0.18102209432198116,0.38999436831237094,0.27602735543750384
0.2787526897231538,0.23528106320511372,0.6604092359677116,0.30435977285217075
0.3348624184067222,0.27772340804825607,0.31537450722733246,0.22372839958478355
0.003916477334198854,0.009633750140977271,0.2814435892622489,0.0
0.2433673530719944,0.3149705130117475,0.2437112821475502,0.19884594248030774
0.24753146525298425,0.3723837346789538,0.24028533883987235,0.3961348232276974
0.04138867851948021,0.12327416532359288,0.06950441148864275,0.0
0.585593902893481,0.5520815521688671,0.7447906889431198,0.3105574891616291
0.4020003125488358,0.4505670014952686,0.36756147925661725,0.37751114367710814
0.04042939401589191,0.03734897241211204,0.2816313121832176,0.0
0.4003726543810932,0.5561162307588761,0.2946311244602966,0.4240398119313672
0.304662988207292,0.44188280150036197,0.314952130655153,0.40865237833547047
0.15810403067787035,0.3284497593381526,0.4674300732119392,0.31861757342614644
0.26451969658720714,0.3852481381904703,0.32813966585320065,0.4109421750015265
0.07883924170844003,0.14871556061658914,0.2947719166510231,0.5261342126152531
0.024587976486710662,0.03972102871570613,0.16496151680120144,0.37088599865665267
0.4225780470506209,0.4425194730542407,0.6796039046367561,0.28805642058985165
0.5294216644427615,0.6734966365551339,0.3506664163694387,0.38428894180863404
0.5859064517292365,0.6514969057762481,0.354796320630749,0.42996275264089884
0.16466755622873766,0.3418707956939174,0.13520743382767034,0.3988215179825365
0.16758868573214566,0.21538780573877547,0.19152431011826543,0.18861818403859074
0.5048264752906103,0.5240061557043951,0.37727614041674484,0.2653416376625756
0.13381177347422074,0.16813222394830957,0.24967148488830487,0.2949258105880198
0.05409739502566507,0.09933167677458553,0.1482072461047494,0.27883617268119926
0.22275836368663374,0.3770659991923367,0.4074056692322132,0.3634975880808451
0.18451440729921745,0.2185420585228492,0.26060634503472874,0.3257006777798132
0.029105509274285644,0.12093485212848397,0.10320067580251548,0.3148623068938145
0.3881423780157957,0.6711245802515399,0.33377135348226017,0.33742443671002015
0.2539483332732278,0.22061942685007657,0.3323165008447531,0.09226354033095195
0.18986860927789198,0.2543702954519822,0.3679369250985545,0.28320205165781276
0.4097010350174907,0.5691843691676338,0.41679181528064574,0.30155095560847534
0.24578840443819344,0.27379059690686763,0.33203491646330013,0.2644867802405813
0.3255652926539002,0.5058628354804323,0.3679369250985545,0.27450082432679984
0.1619652109103586,0.2975147980659737,0.18213816406983294,0.4545093729010197
0.2514335172563021,0.3146358056805655,0.38863337713534823,0.2985589546314954
0.17429886881363674,0.2237009171708499,0.22906889431199548,0.3188007571594309
0.07539639607150156,0.12198626972317521,0.3374319504411489,0.31251144898333033
0.024890908435212238,0.053218465657936385,0.1070489956823728,0.30268058863039626
0.06712106458941902,0.11573961224883307,0.22906889431199548,0.24516089637906824
0.272439203240891,0.2638075869420483,0.433029847944434,0.31290834707211335
0.13750465817976368,0.24009793827560236,0.18396846254927726,0.3840752274531355
0.2196184499981968,0.2623123183212244,0.360287216069082,0.43252732490688167
0.1250676187385048,0.22890707141999583,0.18213816406983294,0.3567503205715332
0.17585440032697416,0.3108739863279331,0.1895532194480946,0.4026378457592966
0.04857730174185871,0.09645755947421844,0.15951755209311058,0.2857055626793674
0.04112661834180822,0.13001196942521293,0.08250422376572178,0.14792086462722112
0.037955449769795764,0.09979371841654328,0.10512483574244413,0.46290529400989194
0.07306910935602919,0.1496360057773396,0.2119861085038483,0.19622030896989684
0.09029776287160253,0.29747477871115846,0.15566923221325324,0.27975209134762163
0.021748590524961836,0.06471857298256975,0.05439271635066641,0.3925016791842218
0.1959512904660584,0.3948418689766323,0.14459357987610286,0.24088660926909689
0.015644271340473873,0.023047510250412018,0.11643514173080532,0.25697624717591744
0.07512471900657554,0.1547693975631851,0.15397972592453538,0.12697685778836174
0.1965980261338911,0.2697013464693833,0.27374694950253425,0.11494779263601393
0.005794174570545879,0.03171715775265855,0.06950441148864275,0.42806985406362585
0.021488934569103346,0.08271273015676672,0.06950441148864275,0.10795628014898945
0.24967122266700323,0.47131157978222193,0.21024967148488832,0.3389814984429383
0.1413970932958275,0.3553354895276625,0.11624741880983668,0.3549490138609025
0.3096517484703139,0.3095788144811854,0.8860991177022715,0.1684069121328693
0.3581521151141404,0.6985196476841526,0.3001689506288718,0.23181901447151493
0.4426965751860267,0.4992050700884427,0.9317627182278956,0.2780118458814191
0.0848401793549473,0.17287633655549775,0.16120705838182842,0.23013983024974052
0.018901991897772488,0.031982740743705135,0.14060446780551902,0.42590217988642615
0.2814550350415329,0.4686630261180862,0.2628120893561104,0.4771630945838677
0.07024174450334787,0.13483248261886657,0.2044771916651023,0.35827685168223733
0.1253272746943633,0.27905859924981896,0.14060446780551902,0.259846125664041
0.10606464952456514,0.22792114004227498,0.12394405856955133,0.44770104414727974
0.2491182516498972,0.28518883678288043,0.767645954571053,0.3273798620015876
0.1150396095543775,0.15247010372289144,0.22906889431199548,0.19301459363741835
0.3567023693605972,0.6148901104898005,0.6002440397972593,0.4197655248213959
0.304934665272218,0.5991261228157617,0.6606908203491646,0.466324723697869
0.23464483633260003,0.5681475040656025,0.2137225455228083,0.3964706600720523
0.1250555976294373,0.18589354123994511,0.21958888680307864,0.4312145081516761
0.1355957060598411,0.26356019456682683,0.19523183780739628,0.5871954570434146
0.16367701684157382,0.23675814121011252,0.1930730242162568,0.34585088844110645
0.058970752641638716,0.06392546213259503,0.4874225642951004,0.1320754716981132
0.14483993893276595,0.28973285261599246,0.18213816406983294,0.4300848751297552
0.5178501448543643,0.5912532242866549,1.0,0.4723392562740429
0.06569055261038384,0.2626979593767167,0.07138164069832925,0.23560481162606095
0.15090338634642433,0.2958012420552485,0.18199737187910645,0.31635830738230447
0.0416483344753387,0.07829241051126545,0.12000187722920966,0.11281064908102828
0.086811641242021,0.27673747667053517,0.1070489956823728,0.14963057947120964
0.047149193984637024,0.13096151957128357,0.07504223765721793,0.3674665689686756
0.03394761200668374,0.09617742399051178,0.19152431011826543,0.19090798070464676
0.12631781408152717,0.28791742915664664,0.19706213628684063,0.1802527935519326
0.14282760527486268,0.32914827898583676,0.15397972592453538,0.2861635220125786
0.3279021962566266,0.5400793838474608,0.2720105124835743,0.17842095621908777
0.1966509190137882,0.2603622843047728,0.35099493148113386,0.39592110887219883
0.2211427266279587,0.3828615293942161,0.1389149615168012,0.22046162300787692
0.12489932321155951,0.30794893530325573,0.0976628496339403,0.20312022959027906
0.04221332660151226,0.08544496065369796,0.12192603716913834,0.21032545643280212
0.14020700349814275,0.31358074996270924,0.22123146236155433,0.29950540392013186
0.08879512423816222,0.18446739695925665,0.17810212126900696,0.27138670086096356
0.25351076490317,0.35156275580553503,0.33785432701332835,0.20916529278866705
0.2493370358349261,0.4921034536703205,0.26633189412427255,0.2818587042803933
0.13235962349886402,0.2545485634870683,0.10695513422188849,0.04042254381144288
0.11229398824335533,0.26692909661763686,0.12582128777923784,0.1547597240031752
0.13430223472417566,0.31131419923090076,0.14459357987610286,0.20104414727972156
0.03391635712310818,0.13608399698763401,0.1070489956823728,0.07107528851437993
0.047158810871891034,0.20006039284453936,0.11080345410174582,0.10087317579532272
0.02287617055549545,0.07534553074759792,0.054439647080908565,0.11629114001343348
0.05551829011744623,0.14894112425282047,0.16693260747137226,0.2627160041521646
0.06426244485316217,0.157276064423885,0.08067392528627744,0.06258777553886549
0.08370298243715965,0.21376884093034082,0.1632250797822414,0.4273065885082738
0.07652397610203518,0.26128636758868834,0.06565609160878542,0.2762410697930024
0.15205260437327947,0.2944369458683654,0.16496151680120144,0.17652805764181476
0.07485304194164955,0.15341965386896209,0.10873850197109065,0.0639921841607132
0.15879163811653263,0.3804749205979619,0.12192603716913834,0.13860902485192647
0.016593938956808153,0.05014788970665813,0.14252862774544772,0.3159003480490933
0.25783115150203756,0.42943314402965793,0.23817345597897502,0.17292544422055323
0.20956880281774795,0.4509126231959456,0.11643514173080532,0.35366672772791113
0.07854833086900598,0.1980485107342824,0.19152431011826543,0.6616901752457716
0.025100075732987125,0.1041703805840643,0.11812464801952317,0.7145997435427734
0.060704196569175466,0.22238027846194705,0.12582128777923784,0.59531660255236
0.1837522689843365,0.3156981376447518,0.38666228646517736,0.297643035965073
0.05407816125115703,0.0784197448220412,0.2814435892622489,0.4506319838798315
0.1363987161455516,0.3070175757730102,0.18213816406983294,0.23761983269219028
0.10399942298676478,0.32961759687412456,0.11446405106063448,0.5715637784698053
0.3166937141620686,0.30252449366420847,0.26647268631499904,0.24094767051352506
0.286830875016529,0.422375185089516,0.35108879294161816,0.5270806619038897
0.0308389532018224,0.11370953952275101,0.08067392528627744,0.16593393173352872
0.11434959789390171,0.22700797112785454,0.20621362868406234,0.17973377297429322
0.14986957096661738,0.4755499932694721,0.25131406044678056,0.7842095621908775
0.055184103285369115,0.13955840461022967,0.10695513422188849,0.06954875740367589
0.25207063603688074,0.2704144186097276,0.2795663600525624,0.15289735604811627
0.08245038287232381,0.16255134301316637,0.2947719166510231,0.36471881296940833
0.1063555603639992,0.19280961337665123,0.16496151680120144,0.31290834707211335
0.09079784100881148,0.32725645494002553,0.06950441148864275,0.7352995054039202
0.303891233005157,0.3240912877864567,0.27215130467430076,0.3226476155584051
0.30286943873441763,0.39938952293290936,0.3041580626994556,0.6089027294376259
0.05077956892302884,0.1175950550629941,0.10878543270133283,0.24186358917994752
0.09593325880245714,0.2867350391280146,0.08259808522620611,0.5428649935885694
0.09845769170663686,0.18998642980059444,0.10887929416181714,0.26424253526286867
0.20391407311238532,0.5356190448471443,0.1389149615168012,0.47963607498320815
0.11245026266123313,0.18745793420090442,0.18213816406983294,0.32096843133663067
0.01967374709990744,0.04166742460899271,0.08818284212502346,0.1796116504854369
0.1381513938475964,0.2824093106848039,0.10507790501220197,0.1468217622275142
0.1448086840491904,0.33759236285185196,0.10878543270133283,0.2483666117115467
0.00348852585139505,0.006472221110573477,0.09198423127463862,0.41677352384441596
0.19677593854809045,0.45444160266601663,0.20245917026468932,0.3042376503633144
0.09632755117987188,0.23800965557887993,0.10878543270133283,0.08603529339927948
0.11288783103129095,0.16426126090072654,0.23066453914022902,0.1806802222629297
0.3083270222510729,0.47920266892715385,0.4312464801952318,0.17793246626366246
0.10323728467188384,0.2594491153903524,0.0975220574432138,0.23832203700311413
0.10042915359371056,0.27304478165803825,0.08827670358550778,0.2272699517616169
0.0032481036700445984,0.009935714363674067,0.11826544021024966,0.0
0.08913892795749337,0.28006272124336495,0.120095738689694,0.2589607376198327
0.12437760707802903,0.2710328995477813,0.12751079406795568,0.15256151920376138
0.06719319124382417,0.15328140518869124,0.13140604467805517,0.0
0.018430764422325604,0.08640178704609865,0.0788436268068331,0.0
0.14359936047699762,0.4296587076658893,0.12582128777923784,0.345698235330036
0.024828398668061115,0.08070812429283981,0.06950441148864275,0.11009342370397508
0.051407070816353526,0.22349354415044365,0.06753332081847192,0.22791109482811261
0.10919494632574803,0.3703645763223668,0.1445466491458607,0.3128472858276852
0.09904191760731847,0.2082971036901483,0.14637694762530504,0.19444953288148012
0.054703258922668196,0.208919222751367,0.09381452975408296,0.04848262807596019
0.003144722132063905,0.027602440453019097,0.03379012577435705,0.0
0.04368471035137702,0.39292457806866593,0.03195982729491271,0.3495450937290102
0.05532835659417939,0.19514528844859513,0.06565609160878542,0.0
0.09005734069025209,0.3559794373278713,0.0976628496339403,0.08859986566526226
0.05019534302234723,0.05580517122826675,0.17082785808147177,0.0
0.18318968107997646,0.23553936994983027,0.24784118640886052,0.1737497710203334
0.17654200776563647,0.3880058355495567,0.22522057443213817,0.29932222018684745
0.05745849712094438,0.07781217825348258,0.21029660221513047,0.0
0.24141752918124226,0.22608024972077403,0.24784118640886052,0.09021798864260855
0.41240338033586976,0.3205222889615705,0.40684250046930726,0.13039628747633877
0.29196388858836114,0.23416052127028708,0.343251360991177,0.043658789766135436
0.007359322971137318,0.02222893253828215,0.1633658719729679,0.0
0.03622200584225901,0.045163660970578494,0.28895250610099493,0.0
0.3678363205789366,0.2499063183285007,0.36371315937675985,0.08224949624473347
0.15352398812314424,0.34281670771682304,0.1633658719729679,0.0
0.047461742820392616,0.1448809788006563,0.08827670358550778,0.0
0.11731400338995276,0.22910353007090703,0.10310681434203114,0.0
0.0789330063591667,0.21941520808245438,0.0976628496339403,0.0
0.14085373916597546,0.24563152360960025,0.257227332457293,0.08356231299993894
0.057468114008198394,0.1408899576886276,0.20062887178524497,0.13790682054100264
0.19100580619567964,0.252995084895604,0.46372254552280834,0.04066678878915553
0.10341279286426967,0.11415339054888365,0.3698610850384832,0.0826769249557306
0.14178417300780172,0.22373002215617005,0.12582128777923784,0.0
0.22169569764506475,0.3252045534749533,0.33198798573305804,0.06432802100506808
0.1868200560183683,0.20606693418999006,0.4237375633564858,0.0
0.25675646435140104,0.3422564367494097,0.3299230336024028,0.06130548940587409
0.022585259716061405,0.05827181873415142,0.13520743382767034,0.0
0.2630266748410208,0.35791491885166277,0.21029660221513047,0.14688282347194237
0.05952372365874477,0.14702747146801906,0.09569175896376945,0.06643463393783966
0.03476264320146177,0.08769695889284634,0.0976628496339403,0.0
0.12518061716373954,0.2377840919426486,0.1070489956823728,0.0
0.0781925060406073,0.21494395471264283,0.18396846254927726,0.09449227575257985
0.1012538016757426,0.14710023393131952,0.3041580626994556,0.13280820663125115
0.12694531597485184,0.25096137404635693,0.10132344659282898,0.04097209501129633
0.3440441415124959,0.36375046840835745,0.324479068894312,0.14465408805031446
0.0694074795340618,0.08069720992334474,0.16707339966209875,0.22021737803016425
0.14236839890848332,0.25089588782938654,0.16693260747137226,0.122916285033889
0.10446824624039815,0.21346323858447905,0.219682748263563,0.19017524577150885
0.14234676091216175,0.17676185209574086,0.21935423315186783,0.0
0.042222943488766276,0.08049711314926856,0.11826544021024966,0.0
0.14771057977809035,0.17493187614373495,0.1633658719729679,0.11384869023630702
0.4441799800449589,0.2954119628765912,0.5575840060071334,0.1759785064419613
0.2766033154218808,0.25700065850029286,0.5323822038670921,0.12022959027904988
0.5852284611778282,0.46442097450767095,0.4931481133846442,0.20629541430054346
0.010520874655895752,0.02062088209934259,0.13520743382767034,0.0
0.5343695529349538,0.241051126544838,0.7359207809273512,0.0
0.15031916044574273,0.11369862515325595,0.548197859958701,0.0
0.5088968228208735,0.2675512156788556,0.3604749389900507,0.11580265005800819
0.06821738973637707,0.08597976475895615,0.219682748263563,0.10462844232765464
0.058605310925986025,0.1704060509264481,0.10887929416181714,0.05828295780668011
0.04870232127616093,0.13995496003521704,0.08442838370565045,0.0
0.021760611634029356,0.077208249808089,0.10320067580251548,0.0
0.17822255881327612,0.20156293771169329,0.3171109442462925,0.0
0.16940387320134156,0.29521914234884505,0.1989393654965271,0.03523233803504916
0.10441535336050105,0.23753306144426212,0.08827670358550778,0.12929718507663188
0.02096721843557287,0.05127934601097985,0.07691946686690443,0.15543139769188496
0.18834433264813014,0.2554326274161685,0.19875164257555847,0.08060084264517312
0.06365658095615903,0.09344519349358053,0.13121832175708653,0.09775905232948648
0.11592436318174715,0.14700564272902894,0.16317814905199926,0.0
0.19896618462019303,0.24944063856337792,0.18570489956823727,0.16477376808939367
0.18473319148424636,0.254664983428349,0.18213816406983294,0.08081455700067168
0.029357952564703624,0.10289339935314169,0.17997935047869346,0.0
0.3482924014569584,0.24546053182084424,0.5286746761779614,0.08362337424436711
0.44749780614759516,0.24914231246384613,0.3229303547963206,0.08249374122244611
0.05490280933318908,0.048263341907176925,0.40313497278017646,0.0
0.38489667856756465,0.40316589477820186,0.3167824291345973,0.18367222323990962
0.20154351040426988,0.16892533479828425,0.5763562981039985,0.05874091713989131
0.291910995708464,0.4044283235164643,0.46897878730993053,0.156957928802589
0.2591991537139216,0.24833828724437634,0.23648394969025716,0.12410697930023815
0.10333104932261052,0.1432510996227266,0.257227332457293,0.0
0.06592135790448027,0.13042307734286038,0.13520743382767034,0.0
0.13497060838832992,0.2475560907638967,0.1518209123333959,0.0414911155889357
0.16301826006467357,0.21410718638468787,0.3229303547963206,0.1422421688954021
0.07077307752413237,0.10921645741394931,0.18378073962830863,0.0
0.08145984348515996,0.1166709717790786,0.3002158813591139,0.0
0.1449865964633897,0.2623195945675545,0.16120705838182842,0.0
0.2655631288542681,0.2733576602502301,0.2138633377135348,0.0
0.5587868296729057,0.4291420941764562,0.4543363994743758,0.12358795872259878
0.01113635544015291,0.02057358649819731,0.3489299793504787,0.0
0.20701311502999264,0.3038196655109562,0.34170264689318564,0.13714355498565062
0.06410617043528437,0.13512717059523333,0.34170264689318564,0.07153324784759114
0.17659490064553357,0.23766767200136793,0.15397972592453538,0.0
0.062194814093548274,0.11036246621093111,0.3266378824854515,0.17017768822128596
0.2029956603796266,0.24226262155879025,0.28538577060259057,0.0
0.55655330760816,0.3842767593054095,0.5680964895813779,0.1373267387189351
0.07451885510957242,0.0670324193155235,0.4895813778862399,0.0
0.45936264079724,0.23362207904186386,0.4074056692322132,0.0
0.4101097527257865,0.2586741951562028,0.3323165008447531,0.0
0.04860855662543426,0.09010175830492566,0.5575840060071334,0.0
0.4008631156310481,0.3359333786886021,0.5106532757649709,0.15595041826952433
0.3424285044538209,0.16749191427126575,0.6493805143608035,0.05919887647310253
0.04016733383821991,0.07247868969356089,0.12577435704899567,0.0
0.5169629870051811,0.3214318197528259,0.585742444152431,0.13006045063198388
0.45673242213326604,0.40886319565462564,0.3323165008447531,0.12944983818770225
0.6152595958503131,0.30736683559685224,0.5793129341092547,0.06780851193747328
0.15304314376044337,0.26484445204407947,0.14637694762530504,0.038957073945167
0.28759060910959644,0.16228576002211978,0.5049746574056693,0.060878060694876966
0.24802192650293914,0.28471224264826256,0.3698610850384832,0.0364230323013983
0.45115943596956254,0.28095406141879525,0.44865778111507415,0.11064297490382854
0.16293411230120092,0.1859517512105855,0.4336399474375821,0.05388654820785248
0.3593109500282496,0.2642368854755209,0.6979538201614417,0.0780973316236185
0.29589719547525456,0.28212917520109726,0.27961329078280456,0.0734872076692923
0.2262036135453857,0.2754823241786027,0.219682748263563,0.15027172253770532
0.07303785447245362,0.08109012722516708,0.18378073962830863,0.0
0.15792611826367103,0.32968308309109495,0.21029660221513047,0.15872870489100568
0.2193371560460168,0.5520306184445568,0.20245917026468932,0.2911705440556879
0.1252118720473151,0.3131223464439165,0.16519617045241225,0.2332844843377908
0.0927284311250556,0.2666635136265903,0.13520743382767034,0.15488184649203152
0.08721795472850326,0.13533818173880457,0.14459357987610286,0.07141112535873481
0.2245110413886785,0.5020137011718394,0.21212690069457482,0.2127068449655004
0.06906127159291715,0.12751985505717311,0.12000187722920966,0.0
0.12643321672857538,0.12801827793078108,0.19152431011826543,0.14990535507113636
0.23136788200079342,0.40645839624254637,0.317251736437019,0.23432252549306956
0.023147847620421463,0.08889026329097345,0.06011826544021024,0.1018501557061733
0.060295478860879714,0.13605489200231385,0.13140604467805517,0.071105819136594
0.19573250628102948,0.35256323967591596,0.1633658719729679,0.11919154912377114
0.11810739658840927,0.24399800630850554,0.11446405106063448,0.0
0.04141993340305577,0.1415484579814965,0.06753332081847192,0.0
0.030620169016793493,0.049882306715611544,0.19875164257555847,0.0
0.031088992270426868,0.13391931370444615,0.08635254364557911,0.14416559809488916
0.3335376921874812,0.387551070153929,0.3641355359489394,0.1906942663491482
0.16377078149230048,0.16725907438870438,0.2813966585320068,0.17777981315259206
0.0977364251625855,0.14221059639753045,0.2100150178336775,0.20519631190083656
0.2475531032493058,0.441046033172407,0.33015768725361366,0.21673688709775907
0.08763628932405304,0.22310062684862134,0.1445466491458607,0.27395127312694634
0.00428191904985154,0.028675686786700474,0.13506664163694385,0.0
0.12837342373207353,0.2061906303776008,0.22310869157124083,0.29440679001038045
0.012910671138519242,0.03079307446874306,0.14459357987610286,0.0
0.02005842259006816,0.05348768677214798,0.11624741880983668,0.0
0.18506737831632347,0.46441733638450594,0.3469119579500657,0.09168345850888442
0.1063675814730667,0.16835051133821086,0.14999061385395154,0.0
0.23578203325038766,0.4295168208624534,0.2947719166510231,0.12349636685595652
0.006169233173452584,0.012784364801886,0.13708466303735684,0.0
0.15193720172623126,0.18055277643369338,0.32288342406607845,0.1659949929779569
0.14612379338117734,0.30187326961766964,0.18213816406983294,0.06896867558160837
0.028427518722877375,0.03200456948269527,0.238455040360428,0.0
0.08998521403584694,0.18930610076873539,0.18213816406983294,0.05303169078585822
0.2923076923076923,0.3198455980528765,0.27595269382391585,0.1306710630762655
0.17747003738564923,0.27019249309666127,0.24000375445841937,0.1530194785369726
0.02852128337360405,0.06629388031302412,0.14060446780551902,0.2569151859314893
0.17666702729993872,0.24944427668654293,0.20076966397597146,0.16477376808939367
0.02369120175027348,0.08459000170991789,0.08452224516613477,0.0
0.02725906692151418,0.03747630672288779,0.2044771916651023,0.0
0.12830129707766838,0.20481178169805758,0.2943495400788436,0.1481040483605056
0.2680058182167887,0.4288146630916043,0.238455040360428,0.17316968919826586
0.336624712996021,0.2959504051050144,0.29617983855828794,0.17567320021982047
0.07880798682486446,0.24008702390610728,0.1070489956823728,0.0853636197105697
0.14980706119946627,0.33193144320707835,0.1950910456166698,0.22082799047444587
0.08993232115594986,0.12687590725696427,0.17064013516050308,0.07553275935763572
0.31923016817531585,0.3256811476095711,0.3229303547963206,0.1605910728460646
0.17422674215923162,0.15748343744429125,0.3505725549089544,0.12505342858887464
0.15833243175015327,0.20428061571596445,0.2215130467430073,0.14847041582707457
0.22999026290165528,0.23302542684280034,0.3694387084663037,0.043872504121634
0.04259800209167298,0.06132420406960457,0.24755960202740754,0.0
0.2780843160589996,0.260726096621275,0.20091045616669795,0.07907431153446907
0.07804584850998353,0.13066319347175182,0.11258682185094798,0.0
0.05399401348768437,0.12300130608621625,0.26661347850572553,0.07757831104597912
0.31798958971954755,0.3895556760178559,0.5875727426318753,0.1626671551566221
0.21565388822772788,0.16640411544492428,0.2947719166510231,0.17860413995237223
0.20779448711938162,0.14374952249633458,0.3621644452787685,0.06774745069304514
0.3199394136102997,0.28759727431812476,0.3041580626994556,0.03608719545704342
0.22871842956231142,0.22815397992483638,0.5650459921156373,0.04472736154362826
0.16488634041376657,0.22429756936991344,0.33419373005443964,0.045429565854552115
0.049579862238090085,0.1422069582743654,0.17064013516050308,0.0
0.19019077500090156,0.27226986142388865,0.27599962455415805,0.1899004701715821
0.09523363025472731,0.1541945741031117,0.33555472123146235,0.0
0.46823181506725814,0.2835371288659606,0.5642481697015206,0.07315137082493742
0.25461670693738203,0.2416877980987168,0.4742819598272949,0.08484459913293033
0.16678567564643515,0.21842927670473355,0.5474469682748263,0.09308786713073212
0.3338189861396612,0.2853234473399862,0.3075840060071335,0.1454173536056665
0.3670116724969046,0.3224141130073817,0.4768162192603717,0.09727056237406119
0.02926178369216344,0.036759596459378534,0.257227332457293,0.0
0.08983855650522317,0.24080373416961656,0.22906889431199548,0.5107162483971424
0.1625903085818698,0.36789065257015213,0.1801670733996621,0.22897966660560543
0.16476132087946435,0.3943070648713741,0.15768725361366623,0.375190816388838
0.0676427807229495,0.14180676472621304,0.2626243664351417,0.20571533247847593
0.10873573995936867,0.19945646439914577,0.20621362868406234,0.2022959027904989
0.08311875653647806,0.2240901963495072,0.10310681434203114,0.27282164010502535
0.034594347674516454,0.07969308792979876,0.211892247043364,0.44486169628137023
0.3042662916080638,0.30538042034875046,0.37727614041674484,0.17060511693228309
0.21519468186134852,0.4122975839224061,0.22906889431199548,0.33388288453318676
0.17306790724512244,0.2816707716823045,0.22906889431199548,0.2943762593881663
0.25289528411891277,0.16519262043097208,0.45574432138164067,0.11983269219026683
0.13359298928919183,0.3268817282540283,0.1801670733996621,0.3520486047505648
0.24691598446872706,0.4468488396206165,0.24587009573868968,0.23783354704768883
0.045081563225023144,0.1529685265964994,0.07138164069832925,0.25660987970934845
0.05246973685792252,0.2145874186424707,0.1070489956823728,0.23655126091469744
0.3113322995179535,0.5482360559834393,0.3600525624178712,0.44944128961348234
0.08793922127255462,0.30477649190335687,0.14459357987610286,0.3418208463088478
0.3178741870724993,0.7972401197670146,0.1633658719729679,0.29895585272027847
0.07048216668469834,0.2573862995557851,0.17275201802140042,0.4401905110826159
0.15045379686729898,0.5029814419337352,0.11812464801952317,0.27599682481528975
0.3184487960859269,0.49298387947625577,0.3843157499530693,0.32466263662453443
0.1052400014425331,0.2815216086325386,0.15566923221325324,0.4418086340599621
0.2812891437364011,0.4184460120712927,0.3225079782241411,0.37986200158759237
0.0365874475579117,0.07618593719871793,0.20278768537638445,0.46107345667704713
0.05237597220719583,0.10378837765173703,0.3266378824854515,0.5376137265677474
0.35794535203817907,0.5841188647600476,0.32246104749389903,0.5881724369542651
0.20376741558176154,0.2805320391316527,0.34142106251173265,0.443243573304024
0.08467188382800198,0.14914122102689664,0.17275201802140042,0.19680039079196435
0.28653755995528146,0.4624891311070445,0.26830298479444337,0.5753190450021372
0.09840479882673976,0.22140526145372122,0.35460859770978037,0.36783293643524456
0.2627141260052652,0.36156395638617944,0.49530692697578377,0.26186114673017036
0.41425222691045477,0.6053145703194636,0.31537450722733246,0.4261769554863528
0.357401997908327,0.5879097890980001,0.3041580626994556,0.6210539170788301
0.07777417144505752,0.21882583212972093,0.16496151680120144,0.5576723453623985
0.34880209648142135,0.5324211345850902,0.49145860709592637,0.4824143616046895
0.1705939629990263,0.26026041685615225,0.46372254552280834,0.39607376198326927
0.46495486073545145,0.3783720854085794,0.43683123709404914,0.19509067594797583
0.0693545866541647,0.04870719293330956,0.30749014454664914,0.1612627465347744
0.10224434106290646,0.13548006854224043,0.27599962455415805,0.1427306588508274
0.4573166480339476,0.4754444876976865,0.40313497278017646,0.22412529767356662
0.41448062798273766,0.31394092415604635,0.5794067955697391,0.2327044025157233
0.11160638080469305,0.13248589317742762,0.3150929228458795,0.0
0.4609157680887639,0.3110558924861842,0.5458513234465928,0.201196800390792
0.015656292449541396,0.05207609498411959,0.16120705838182842,0.15372168284789647
0.05797059636722084,0.19429032950481503,0.0976628496339403,0.20715027172253772
0.0647721398776251,0.12285578115961537,0.15937675990238406,0.3106185504060573
0.1734117109644536,0.33533672648953855,0.29617983855828794,0.43741222446113454
0.033844230468703045,0.10496712955720404,0.08813591139478129,0.17750503755266533
0.23035570461730798,0.40504680445451796,0.21592828984419,0.391830005495512
0.0312669046846262,0.11801343922697159,0.10132344659282898,0.5626488367832937
0.2257323860699388,0.32109347429847884,0.2832269570114511,0.3905782499847347
0.16590813468450602,0.3136244074406895,0.17275201802140042,0.33275325151126584
0.19545121232884946,0.45290267656721245,0.18753519804768162,0.3286926787567931
0.05041412720737615,0.1726180298107812,0.12938802327764218,0.2304451364718813
0.33191965090699266,0.6769164723302542,0.26060634503472874,0.4302069976186115
0.022741534133939197,0.09333604979862989,0.09381452975408296,0.5871038651767724
0.1051366199045524,0.1934753899158502,0.15951755209311058,0.36392501679184225
0.1165302270787503,0.1692818708684564,0.2834616106626619,0.41039262380167313
0.15688268599661007,0.22763736643540328,0.2530974281959827,0.2689442510838371
0.2633296067895224,0.5779376935026758,0.23634315749953066,0.5942785613970812
0.08024811569115366,0.3249171417449166,0.2025999624554158,0.25749526775355686
0.13482395085770613,0.3277439634441384,0.17631875351980475,0.4788728094278562
0.2723574596992318,0.5850029286891478,0.20091045616669795,0.3854185748305551
0.2589467104235037,0.579811326932662,0.219682748263563,0.3332417414666911
0.09655835647396831,0.3909818202985444,0.09198423127463862,0.4322525493069549
0.3127075143952781,0.6396693673667628,0.3604749389900507,0.3198387983147096
0.20859749720509213,0.27275009368167147,0.30185845691758967,0.37919032789888263
0.15893829564715642,0.5040146689126013,0.21024967148488832,0.6568663369359468
0.30256650678591607,0.6890059556076211,0.37117514548526376,0.5481773218538194
0.17486145671799683,0.6351871996274562,0.2887178524497841,0.7626854735299505
0.011482563381297559,0.09633386328660772,0.08442838370565045,0.9533492092568847
0.08484979624220132,0.23777681569631856,0.15013140604467803,0.3875251877633266
0.020832582014016617,0.07450148617331291,0.07874976534634877,0.4692861940526348
0.2342481397333718,0.7087609643936885,0.22137225455228082,0.41143066495695185
0.03705867503335858,0.14844997762554255,0.06753332081847192,0.19759418696953046
0.12185317417384928,0.5366959293039907,0.16890369814154307,0.7180497038529646
0.14101241780566676,0.38211935226855165,0.219682748263563,0.6902668376381511
0.11127219397261592,0.4247035839151298,0.14252862774544772,0.5243023752824083
0.04705542933391035,0.18644289783786336,0.07874976534634877,0.5375831959455334
0.15301188887686779,0.5307985316534906,0.2590576309367374,0.8467057458631008
0.21557935735150924,0.5897652319121611,0.16496151680120144,0.6009647676619649
0.14218086960702994,0.4382846976901556,0.21771165759339214,0.48455150515967516
0.22653539615564933,0.46732055867019323,0.29847944434015394,0.4557000671673689
0.034260160842439324,0.17496825737538518,0.14074525999624551,0.9106979300238139
0.15029752244942118,0.3358387874863116,0.3563450347287404,0.5927825609085913
0.32115114140430595,0.8017332018758162,0.2927538952506101,0.702723331501496
0.1758640172142282,0.47772922904532006,0.3564388961892247,0.5130976369298407
0.2033490809862118,0.73172843593447,0.18382767035855077,0.7090737009220248
0.007756019570365562,0.05611804982045862,0.06382579312934109,0.2911705440556879
0.0968805221969779,0.3930191692709565,0.17458231650084477,0.48387983147096536
0.09009821246108167,0.37095395227510025,0.07874976534634877,0.7099590889662332
0.039373940639763426,0.18988456235197385,0.07504223765721793,0.47588080845087627
0.05513121040547201,0.28665500041838415,0.11643514173080532,0.7963912804542957
0.23594792455551947,0.7422062306497323,0.18584569175896376,0.728460646027966
0.06502458316804309,0.2342987699505579,0.09198423127463862,0.4801245649386335
0.05131090194381333,0.07606951725743723,0.13520743382767034,0.0
0.1211126738552899,0.29302171595717197,0.17059320443026094,0.3191671246259999
0.20795076153725944,0.442228423201039,0.19124272573681245,0.16813213653294254
0.22171493141957277,0.47866058857556565,0.24967148488830487,0.2226598278072907
0.015884693521824325,0.04218039997526076,0.07889055753707527,0.0
0.12106939786264682,0.22583285734555258,0.1765064764407734,0.22574342065091288
0.06733023188719392,0.1694201195487272,0.10695513422188849,0.0
0.16130645413345834,0.507161645450345,0.17064013516050308,0.5055260426207486
0.07839205645112819,0.2070856086761961,0.11826544021024966,0.3910056786957319
0.13845432579609795,0.353916621493304,0.2628120893561104,0.5344385418574831
0.041179511221705316,0.17795515649386795,0.12582128777923784,0.056054222385052206
0.15954415954415954,0.42363761382777854,0.17247043363994743,0.20021982047994138
0.24769976077992956,0.5247046753520793,0.22137225455228082,0.4281003846858399
0.04379770877661173,0.14095180578243297,0.061901633189412414,0.06893814495939428
0.07848582110185486,0.2232352374057271,0.16139478130279705,0.5932099896195885
0.12238450719463377,0.24496210894723627,0.1781490519992491,0.6283812664102094
0.09198793080649621,0.19205288375832674,0.2533790125774357,0.31403798009403433
0.18068448195030473,0.2973183394150626,0.29256617232964144,0.559748427672956
0.0913916837967471,0.22551634063019568,0.12568049558851133,0.5424986261220004
0.08485941312945533,0.19321708317113365,0.14999061385395154,0.5725712890028699
0.07682450382872325,0.3045763951292807,0.09935235592265815,0.7866520119680039
0.03604649764987318,0.1723779136818898,0.07321193917777359,0.5768455761128413
0.21181194176974766,0.7274281743534146,0.20630749014454663,0.7428710997130121
0.040585668433769706,0.24043264560678437,0.06936361929791626,0.8524149722171338
0.1252647649272122,0.495716109973187,0.10878543270133283,0.43060389570739455
0.06642143604168921,0.301433056714702,0.15566923221325324,0.8288758624900776
0.13506437303905658,0.2776542837081206,0.2137225455228083,0.3356536606216035
0.09078822412155746,0.1943339869827953,0.22906889431199548,0.2588996763754045
0.23618834673686995,0.4156119141257408,0.2680683311432326,0.5097697991085058
0.05385937706612812,0.03871690672216017,0.4502064952130655,0.37720583745496733
0.0984168199358073,0.517068254828699,0.08067392528627744,0.8476521951517373
0.06972964525707141,0.1718431095766316,0.15397972592453538,0.2892165842339867
0.18680082224386022,0.5190000982293255,0.21024967148488832,0.6798253648409355
0.15037205332563983,0.35927557691538087,0.20076966397597146,0.6147035476583013
0.1111038984456706,0.2922322432303623,0.18378073962830863,0.4977712645783721
0.15920035582482842,0.45994608301469436,0.1387741693260747,0.555229895585272
0.03827761549280537,0.09161157941840962,0.19692134409611411,0.0
0.2693209275487757,0.32186111828629843,0.3096958888680308,0.35720827990474446
0.018233618233618232,0.07760116710991133,0.13323634315749952,0.11360444525859437
0.21448303220455117,0.27876754939661724,0.3243382767035855,0.3715576723453624
0.13558608917258708,0.3439226971589896,0.11624741880983668,0.39659278256090863
0.23795304554798224,0.4477365416728818,0.30185845691758967,0.42727605788605977
0.04614663348840565,0.12410729552838282,0.24784118640886052,0.2309336264273066
0.32375972207195836,0.45217505193420815,0.5294255678618359,0.2821945411247481
0.2872780602738409,0.25470500278316416,0.4631593767599023,0.20205165781278622
0.15991921814706625,0.15329595768135135,0.4894405856955134,0.06402271478292727
0.43861661076850955,0.2973729112625379,0.6354890182091233,0.17487940404225438
0.2866721963768377,0.3250772191641776,0.238455040360428,0.19301459363741835
0.32386310360993903,0.5835876987779544,0.2832269570114511,0.459913293032912
0.3069998918100184,0.3413141628496691,0.5294255678618359,0.2150882334981987
0.43799151309699835,0.5070088442774141,0.545616669795382,0.33711913048787934
0.19802853811292628,0.272670054972041,0.2140041299042613,0.07586859620199059
0.30402586942671334,0.3653876238326172,0.334006007133471,0.31687732795994383
0.4195006431293351,0.26751483444720536,0.4536793692509855,0.07721194357941015
0.04141031651580175,0.07830332488076051,0.19124272573681245,0.1127801184588142
0.9569764506473368,1.0,0.703538577060259,0.31574769493802285
0.08213783403656823,0.1613980579698545,0.14074525999624551,0.12233620321182147
0.04258838520441896,0.16343540694226663,0.09198423127463862,0.060481162606093916
0.21046557755418516,0.4246417358213245,0.21024967148488832,0.0749221469133541
0.247949799848534,0.4422866331716794,0.19710906701708278,0.2401844049581731
0.18934689314436148,0.36521299392069617,0.15397972592453538,0.14410453685046104
0.2033082092153822,0.2835553194817857,0.17997935047869346,0.2559992672650669
0.1318186735908255,0.26027496934881234,0.1445466491458607,0.15842339866886487
0.08768918220395015,0.0981310961301284,0.20245917026468932,0.0
0.4047964225179415,0.4596186519298424,0.31518678430636377,0.18519875435061367
0.33271304410544916,0.5165516413392659,0.3698610850384832,0.3932038834951456
0.3319725437868898,0.722636766145081,0.20091045616669795,0.47850644196128717
0.16360248596535518,0.26510639691196103,0.2494837619673362,0.3893570250961715
0.1258489908278938,0.15320864272539084,0.32246104749389903,0.06405324540514136
0.2358445430175388,0.34829208308018056,0.3079125211188286,0.4823227697380473
0.07337204130453076,0.18483120927575883,0.11624741880983668,0.4876045673810832
0.06758027095579838,0.11090818468568435,0.2775952693823916,0.4236734444647982
0.12697657085842742,0.30431445026139914,0.17247043363994743,0.6846186725285461
0.11195980141127822,0.2650190819560005,0.16496151680120144,0.5842034560664346
0.09655835647396831,0.15891321984814474,0.13506664163694385,0.4961836722232399
0.15204058326421196,0.24258277639731213,0.2533790125774357,0.3804420834096599
0.09569283662110667,0.1508656914071169,0.228928102121269,0.2597545337973988
0.02464086936660776,0.04925654953122782,0.22906889431199548,0.31993039018135194
0.35333165037806386,0.6793321861118287,0.2943495400788436,0.47636929840630154
0.08799211415245171,0.23210134355888482,0.17082785808147177,0.3082066312511449
0.1373075119910563,0.34939443439918216,0.2551623803266379,0.5109299627526409
0.1426400759734093,0.34674588073504636,0.18199737187910645,0.21191304878793432
0.11180352699340043,0.4178711886112192,0.10695513422188849,0.40572143860291876
0.12912594515970044,0.35392753586279907,0.13140604467805517,0.11876412041277401
0.0444781035498335,0.19624763976759668,0.08250422376572178,0.5132197594186969
0.041900777765756674,0.207231133602797,0.09935235592265815,0.34191243817549005
0.19545121232884946,0.4038353094405658,0.24784118640886052,0.3929291078952189
0.504901006166829,0.40184161794613393,0.5951285902008635,0.18425230506197718
0.3699760779929556,0.7332855526490993,0.35108879294161816,0.3832814312755694
0.3003426016084244,0.41862428010637864,0.336024028533884,0.35436893203883496
0.19608833110942814,0.5167008043890318,0.25140792190726485,0.2896440129449839
0.1554113022467453,0.3851208038796945,0.2909235967711658,0.10963546437076388
0.18613244857970598,0.47727810177285734,0.1633658719729679,0.2679367405507725
0.10732686597665501,0.2540683312292854,0.13506664163694385,0.08099774073395616
0.010804572829889286,0.05748962225367177,0.08250422376572178,0.14300543445075412
0.15508913652373568,0.3266852696031171,0.17265815656091607,0.03202662270257068
0.11104138867851948,0.22464682919375553,0.12375633564858268,0.045368504610123955
0.0734441679589359,0.1368407266059585,0.1481603153745072,0.2829578066801002
0.0272686838087682,0.12783637177253,0.0657030223390276,0.0
0.17305829035786843,0.24038171188247406,0.23432513609911768,0.08527202784392746
0.012910671138519242,0.08553955185598852,0.10690820349164631,0.21014227269951763
0.2555759914409704,0.3955694936096366,0.28538577060259057,0.26717347499542043
0.41321841153064787,0.5946039357216398,0.3736155434578562,0.2167979483421872
0.1801747869258418,0.32365835112981917,0.21029660221513047,0.16150699151248704
0.20655390866361328,0.3022116150720166,0.19152431011826543,0.31006899920620384
0.30080180797480377,0.39439437982733466,0.2624835742444152,0.3750992245221958
0.057071417408970156,0.15057100343075014,0.17064013516050308,0.26021249313061
0.4146897952805126,0.5332106073118998,0.585742444152431,0.4215057702875985
0.026874391431353454,0.08859193719144168,0.1633658719729679,0.612719057214386
0.26380083426496925,0.5095591686160943,0.22709780364182466,0.5871038651767724
0.3362905261639439,0.4815165152601076,0.38473812652524875,0.5092202479086524
0.39635519973072714,0.3366173458436262,0.30387647831800263,0.12453440801123528
0.4124154014449373,0.3370793874855839,0.4799136474563544,0.2176222751419674
0.49759457607558877,0.44266499798084163,0.48376196733621174,0.16797948342187213
0.00650342000552971,0.009029821695583681,0.2927538952506101,0.0
0.3824972651976871,0.34205633997533347,0.3698610850384832,0.1533247847591134
0.08482815824587976,0.27816362095122366,0.0975220574432138,0.4840019539598217
0.1654801832017022,0.4319216202745328,0.1950910456166698,0.4176589118886243
0.040354863139673264,0.14551037410820508,0.09935235592265815,0.33519570128839227
0.16379001526680853,0.3239566772293509,0.18213816406983294,0.4195823410881114
0.09110077295731304,0.2009262661578145,0.14445278768537637,0.301428833119619
0.07324702177022852,0.12467848086529122,0.18762905950816597,0.46006594614398244
0.06875833964441559,0.118755616352636,0.12582128777923784,0.0
0.24824071068796805,0.4449497393284752,0.39374882673174394,0.47762105391707893
0.010239580703715726,0.07073602869751551,0.06011826544021024,0.8552237894608292
0.15958503131498913,0.3912946988907362,0.16496151680120144,0.29694083165414914
0.08435933499224639,0.22550178813753557,0.1070489956823728,0.587745008243268
0.062194814093548274,0.14930493656932262,0.12938802327764218,0.19661720705867988
0.23017779220310866,0.3599013340997646,0.20062887178524497,0.32145692129205594
0.19345811244545422,0.15028359170071345,0.23817345597897502,0.0
0.02207316046978494,0.019962381806473674,0.433029847944434,0.0
0.2384627405724452,0.3685964484641662,0.2044771916651023,0.11427611894730415
0.27443230312428624,0.4361818625007731,0.2607940679556974,0.09736215424070344
0.1539615564932021,0.27679932476434055,0.3376196733621175,0.14960004884899555
0.07430968781179752,0.13368647382188478,0.11080345410174582,0.0
0.066306033394641,0.14694743275838862,0.15397972592453538,0.1329303291201075
0.11056294853763209,0.217661632716914,0.13520743382767034,0.0
0.1685696082320555,0.312190986913671,0.1930730242162568,0.1670940953776638
0.028239989421424024,0.06643576711645996,0.11080345410174582,0.0
0.10287184295623115,0.21839653359624833,0.12952881546836867,0.2327959943823655
0.046762114272662796,0.10980583336668279,0.19152431011826543,0.08545521157721195
0.19613881976751174,0.4097727264458811,0.1765064764407734,0.05165781278622458
0.22918725281594482,0.42956047834043376,0.19138351792753894,0.09879709348476523
0.18022527558392537,0.2905477922049573,0.2643138727238596,0.2144776210539171
0.32450983927777177,0.3043217265077292,0.4198892434766285,0.13692984063015207
0.09919819202519625,0.31001175113782303,0.204383330204618,0.63915857605178
0.24386983543101687,0.17170486089636078,0.32246104749389903,0.0
0.28131078173272267,0.2775960737374803,0.3543270133283274,0.11189473041460585
0.32397850625698726,0.2578046837197626,0.3563450347287404,0.11986322281248092
0.3080337071898253,0.5321155322392284,0.3323165008447531,0.583226476155584
0.08374385420798923,0.14762776179024764,0.2887178524497841,0.06619038896012701
0.4090134275788284,0.36168037632746014,0.3131218321757086,0.319960920803566
0.05513121040547201,0.061564320198495996,0.316970152055566,0.0
0.438085277747725,0.5392280630268457,0.34733433452224516,0.4566770470782195
0.47747604794018295,0.40362429829699453,0.34494086727989487,0.18345850888441106
0.35060766706336327,0.2817107910371197,0.6139008822977285,0.14718812969408315
0.018983735439431645,0.02393521230267729,0.17810212126900696,0.25178604139952376
0.27162657626792647,0.4294076771675028,0.5625586634128027,0.2964828723209379
0.06983302679505211,0.12357249142312464,0.18185657968837993,0.30909201929535324
0.199218627910611,0.1767691283420709,0.48582691946686685,0.16920070831043538
0.3807037157248127,0.5006712337239465,0.38093673737563355,0.34121023386456617
0.06884248740788826,0.13229671077284652,0.22906889431199548,0.21853819380838985
0.13866349309387285,0.25071034354797045,0.24000375445841937,0.7380777920254015
0.026852753435031917,0.1107990409907337,0.1387741693260747,0.4240398119313672
0.2322862947335521,0.49869937096850475,0.27032100619485644,0.6207791414789033
0.20979960811184442,0.3921278290955262,0.2233902759526938,0.5118458814190633
0.32216331878779136,0.6960748289172581,0.2327294912708842,0.5427734017219271
0.09075696923798192,0.26531376993236727,0.1482072461047494,0.5446968309214142
0.06079796121990216,0.29706367079351104,0.17059320443026094,0.8052756915185932
0.19578539916092658,0.5047277410529456,0.30749014454664914,0.6559809488917385
0.15374277230817315,0.37699687485220124,0.3604749389900507,0.6432191488062527
0.07517761188647265,0.36234979098982417,0.2100150178336775,0.5226537216828478
0.031129864041256446,0.04800139703929537,0.2626243664351417,0.16291140013433472
0.03227908206811161,0.0892358849916505,0.219682748263563,0.0
0.23721254522942284,0.2984206907340641,0.213910268443777,0.13946388227392076
0.056227535552430076,0.08102464100819669,0.20091045616669795,0.21951517371924043
0.24054960510656714,0.3324043992185311,0.2887178524497841,0.15750748000244247
0.25648478728647506,0.3010692443981998,0.23648394969025716,0.1383037186297857
0.06996045055116787,0.16493795180942056,0.16496151680120144,0.4800329730719913
0.07799535985189995,0.14442621340502862,0.24784118640886052,0.13494535018623682
0.4126125476336447,0.36634445022501794,0.3843157499530693,0.37357269341149174
0.07962301801964249,0.10450508791524628,0.18936549652712595,0.08908835562068755
0.3604289131715292,0.5952442453986837,0.23066453914022902,0.3970507418941198
0.1913496099150108,0.28679688722182,0.3997090294724986,0.21710325456432802
0.07290321805089739,0.08461546857207304,0.20245917026468932,0.21200464065457655
0.07689903470494189,0.1732110438866797,0.1445466491458607,0.22974293216095742
0.07688941781768786,0.09097126974136581,0.3880702083724422,0.0999267265066862
0.2864966881844519,0.29442603149887037,0.2628120893561104,0.21182145692129206
0.21508889610155432,0.2581030098192944,0.21958888680307864,0.0798375770898211
0.039970187649512545,0.059366893806822925,0.21029660221513047,0.13964706600720522
0.3271400579417457,0.283944598660443,0.45602590576309365,0.10957440312633572
0.006775097070455722,0.027864385320900655,0.12000187722920966,0.4623862734322526
0.31724668517917465,0.31745898925662225,0.257227332457293,0.36187946510349883
0.3115703174774905,0.28986746317309825,0.30185845691758967,0.14331074067289493
0.06328152235325232,0.04328638941742733,0.3041580626994556,0.0
0.3185738156202291,0.25216923093714416,0.26661347850572553,0.0815778225560237
0.0025172202387392264,0.031979102620540115,0.10310681434203114,0.4259327105086402
0.3405484029956604,0.2655575241844237,0.5232307114698704,0.3109849178726263
0.19909360837630877,0.3737480308658369,0.1930730242162568,0.33837088599865667
0.4083041821438446,0.39292457806866593,0.4049652712596208,0.3226476155584051
0.16797576544411988,0.16124525679692361,0.36559038858644644,0.24488612077914151
0.2739538629833988,0.36502744963928,0.25126712971653836,0.3460340721743909
0.049308185173164085,0.08870471900955733,0.2100150178336775,0.0
0.28050536742519866,0.3684036279364201,0.28538577060259057,0.22867436038346464
0.1737771526801063,0.3084291675610386,0.18213816406983294,0.4056298467362765
0.39222234243331294,0.6564811345123278,0.3041580626994556,0.14773768089393663
0.16758868573214566,0.23188669429214856,0.3374319504411489,0.13219759418696952
0.04943320470746631,0.09537703689420703,0.13520743382767034,0.09611039872992613
0.009664971690288147,0.03265943165239915,0.05824103623052374,0.21023386456615986
0.07198480531813867,0.12301222045571131,0.19875164257555847,0.07757831104597912
0.03373844470890885,0.09125868147140254,0.28538577060259057,0.09968248152897356
0.4080637599624941,0.4688485703995023,0.2589168387460109,0.1590034804909324
0.36025100075732985,0.3566597663597303,0.4074056692322132,0.058954631495389875
0.08018560592400256,0.12957903276857535,0.23277642200112633,0.22250717469622033
0.3498046569776528,0.3915566437586178,0.3323165008447531,0.1888318983940893
0.07172274514046666,0.11212695594596661,0.13121832175708653,0.167918422177444
0.11898253332852489,0.13190015534785915,0.3263562981039985,0.0730292483360811
0.41699544399966343,0.3135625593468841,0.3678899943683124,0.16642242168895402
0.2295094185389544,0.331709517694012,0.24967148488830487,0.12627465347743788
0.03832089148544845,0.11499379700000364,0.21024967148488832,0.08218843500030532
0.14318102588144782,0.3952202337857946,0.22906889431199548,0.4545704341454479
0.08538112926298581,0.14806797469321525,0.18195044114886427,0.0
0.14285886015843824,0.2584559077663015,0.1781490519992491,0.15946143982414362
0.16001298279779294,0.2895254795955862,0.2684437769851699,0.2510533064663858
0.04848353709113204,0.1164163031575271,0.1389149615168012,0.16263662453440803
0.13104691838869056,0.17514652541047124,0.27599962455415805,0.1137265677474507
0.08263791217377715,0.1996820280353771,0.13520743382767034,0.25261036819930394
0.10290309783980671,0.3429731470129189,0.08250422376572178,0.18351957012883924
0.2125115703174775,0.5599435363284788,0.12582128777923784,0.2297734627831715
0.13534566699123662,0.3926626332007844,0.12375633564858268,0.24213836477987424
0.17120944378328345,0.6353654676625422,0.08818284212502346,0.27111192526103683
0.08558067967350667,0.3340124496574707,0.06753332081847192,0.4076753984246199
0.24971209443783285,0.4960726460433591,0.17275201802140042,0.21514929474262687
0.06112012694291176,0.20561580691752737,0.06753332081847192,0.14758502778286622
0.24176133290057342,0.455518487122863,0.29247231086915715,0.35024729803993404
0.14350559582627095,0.26194486788155724,0.23648394969025716,0.15747694938022838
0.08561193455708224,0.14466632953392006,0.3323165008447531,0.0
0.011157993436474448,0.0600690515776721,0.12375633564858268,0.138425841118642
0.11194056763677018,0.21818916057584214,0.1389149615168012,0.13979971911827563
0.2598651231562624,0.6011816624039991,0.2945841937300544,0.23239909629358246
0.17475807518001613,0.31543255465370523,0.22906889431199548,0.23166636136044455
0.21131186363253873,0.31262756169347355,0.2816313121832176,0.10014044086218478
0.041179511221705316,0.14764231428290772,0.08827670358550778,0.06619038896012701
0.22032769543318065,0.4268973721836378,0.257227332457293,0.22360627709592723
0.07391539543438277,0.20938126439332477,0.14459357987610286,0.24192465042437566
0.2545013042903338,0.49335496803908796,0.2044771916651023,0.3244489222690358
0.10291271472706072,0.2798589863461238,0.14999061385395154,0.18510716248397144
0.15523338983254598,0.3982871716139078,0.09935235592265815,0.13271661476460891
0.2506401240578456,0.45310277334128873,0.22906889431199548,0.21121084447701044
0.11177227210982485,0.255512666125799,0.1389149615168012,0.24174146669109117
0.012566867419188096,0.053742355393699495,0.14459357987610286,0.15027172253770532
0.2997487588204888,0.6583584060654789,0.30199924910831616,0.22916285033888992
0.023272867154723695,0.07637148148013402,0.09564482823352731,0.0
0.03786168511906909,0.08653275948003944,0.11643514173080532,0.31226720400561764
0.34758315602197454,0.6964422793569253,0.1801670733996621,0.17048299444342677
0.07833916357123108,0.31570541389108187,0.06011826544021024,0.1653538499114612
0.0753026314207749,0.3354786132929744,0.06011826544021024,0.3122977346278317
0.005981703871999231,0.03861867739670459,0.037497653463487886,0.377816449899249
0.08874223135826513,0.2782072784292039,0.12582128777923784,0.33504304817732183
0.053400170699748756,0.22727719224206613,0.05626994556035291,0.044880014654698666
0.013098200439972594,0.07222765919517439,0.08072085601651961,0.0
0.009874138988063039,0.02968344690341147,0.08996620987422563,0.0
0.18555783956627842,0.5480468735788581,0.10507790501220197,0.11729865054649814
0.16561722384507196,0.3574710678255301,0.12582128777923784,0.14706600720522686
0.1276136896390061,0.3685236860008659,0.12014266941993616,0.22861329913903647
0.02696815608208013,0.12405636180407252,0.06007133470996807,0.15402698907003726
0.09590200391888157,0.27405254177474925,0.11812464801952317,0.15100445747084326
0.07290321805089739,0.25196913416306793,0.08250422376572178,0.1224277950784637
0.09299049130272759,0.2585250321064369,0.11643514173080532,0.07971545460096477
0.16812242297474364,0.34788461328569814,0.23432513609911768,0.18107712035171278
0.010898337480615963,0.06070936125471592,0.09564482823352731,0.0
0.07870460528688378,0.22867059341426943,0.13506664163694385,0.13390730903095807
0.6498106675321865,0.4840304583671376,0.326497090294725,0.08811137570983697
0.4087633885102239,0.2400069851964768,0.3229303547963206,0.0
0.02227030665849231,0.04888909909156064,0.2944903322695701,0.16083531782377725
0.46809717864570183,0.27694848781410647,0.6964520367936925,0.03736948159003481
0.16813203986199768,0.19238759108950873,0.5025342594330767,0.10450631983879831
0.3931095002824961,0.3977305387696595,0.2947719166510231,0.15946143982414362
0.0739779052015339,0.13975850138430587,0.12582128777923784,0.1389143310740673
0.3378460576772813,0.519429396762798,0.28538577060259057,0.22641509433962265
0.4756921153545626,0.5306821117122099,0.37868406232400975,0.24195518104658972
0.07824539892050442,0.0870457348463075,0.3323165008447531,0.2071808023447518
0.34373159267674036,0.29550291595571676,0.3698610850384832,0.10554436099407706
0.042525875437267845,0.1577490204353378,0.12000187722920966,0.18727483666117115
0.2293435272338226,0.4048248789414517,0.21006194856391966,0.2352079135372779
0.16114056282832653,0.2509286309378717,0.23061760840998685,0.368748855101667
0.0869679156598988,0.13795763041762016,0.3229303547963206,0.07025096171459976
0.03986440188971834,0.05711489556767454,0.22906889431199548,0.14370763876167797
0.15952252154783803,0.30360865436738493,0.2533790125774357,0.1715210355987055
0.2378905357808311,0.2567969236030516,0.23432513609911768,0.04011723758930207
0.21680070203276955,0.29788952475197095,0.27215130467430076,0.1396775966294193
0.19811268587639896,0.19637861220153746,0.27571804017270507,0.15387433595896685
0.20332984721170372,0.2032510268602633,0.23432513609911768,0.04970385296452342
0.223708031302968,0.2688864068804185,0.2834616106626619,0.11528362948036881
0.005878322334018538,0.010423222867786965,0.25694574807584003,0.0
0.3354370274201498,0.29104621507856526,0.28538577060259057,0.17845148684130185
0.37980453676656206,0.42859637570170295,0.30749014454664914,0.2970018928985773
0.06731821077812639,0.15925156530249177,0.16880983668105876,0.0
0.11874211114717445,0.11723851899282198,0.3604749389900507,0.08084508762288577
0.15741401901739457,0.2248469259678317,0.22906889431199548,0.3173352872931551
0.3440345246252419,0.24631549076462433,0.30387647831800263,0.041674299322220186
0.34197891497469557,0.21075647494970293,0.2947719166510231,0.0
0.16866337288278216,0.1434621107662979,0.4162286465177398,0.0
0.2730234291415726,0.1941848239330294,0.4502064952130655,0.05181046589729499
0.2307932729873658,0.17694012013082688,0.31157311807771726,0.11268852659217195
0.1624027792804164,0.18155326030407434,0.22686314999061385,0.27529462050436593
0.20234892471179391,0.1858389693924698,0.3749765346348789,0.21566831532026623
0.17882842271027927,0.13308254537649117,0.2531443589262249,0.0
0.24488201281450225,0.2574117664179403,0.3792472310869157,0.1200464065457654
0.00554413550194141,0.028137244558277277,0.11643514173080532,0.0
0.2479377787394665,0.27585341274143493,0.43312370940491834,0.15008853880442086
0.022991573202543667,0.07184565626284711,0.2684437769851699,0.0
0.22345799223436355,0.31941993764256893,0.23249483761967335,0.2616474323746718
0.09158161732001396,0.12700687969090507,0.21029660221513047,0.22638456371740856
0.1489102864630291,0.1897244849327129,0.22522057443213817,0.10584966721621787
0.09346893144361501,0.08697297238300704,0.2889055753707528,0.3109849178726263
0.2798586317573659,0.24121120396409898,0.32246104749389903,0.08499725224400073
0.353927897387813,0.2437215089479639,0.6111319692134409,0.08417292544422056
0.01780566675081443,0.0538442228423201,0.15397972592453538,0.0
0.10570882469616646,0.17970145561307832,0.17059320443026094,0.22229346034072175
0.09934484955582003,0.1468928609109133,0.17997935047869346,0.19945655492458936
0.26850589635399763,0.3613820502279284,0.23277642200112633,0.34933137937351166
0.06671475110293675,0.13727366326259607,0.2947719166510231,0.0
0.17174318102588146,0.23382217581594003,0.2628120893561104,0.043719851010563596
0.22660992703186797,0.2898529106804381,0.1930730242162568,0.2149661110093424
0.09620253164556963,0.21624640280572058,0.24784118640886052,0.14092935214019664
0.17179366968396506,0.31263119981663856,0.352778299230336,0.40050070220431094
0.12290622332816425,0.18599177056540075,0.16890369814154307,0.26937167979483423
0.09884236719679758,0.15168790724241177,0.19138351792753894,0.3877694327410393
0.18804140069962855,0.32349463558739316,0.15200863525436456,0.1292666544544178
0.10555255027828868,0.13390476121178607,0.18185657968837993,0.07208279904744458
0.14455864498058593,0.2626397494060764,0.09935235592265815,0.07855529095682971
0.06794571267145108,0.1210585483160947,0.12582128777923784,0.1572937656469439
0.037455371632586824,0.09332877355229985,0.14459357987610286,0.0
0.10935122074362581,0.22606569722811395,0.1633658719729679,0.09021798864260855
0.17803502951182276,0.17437524329948667,0.24770039421813403,0.2283690541613238
0.18020604180941735,0.310517450257761,0.18185657968837993,0.16794895279965805
0.18312717131282533,0.1701222773195764,0.24202177585883236,0.05837454967332235
0.23506076670633633,0.3706774549145586,0.23075840060071334,0.22736154362825914
0.023585415990479284,0.06575543808460091,0.15754646142293974,0.1292666544544178
0.0053566062004880574,0.0065486216970389284,0.19152431011826543,0.0
0.2540228641494464,0.4970949586527302,0.14074525999624551,0.21472186603162974
0.13114068303941723,0.40474484023182117,0.11826544021024966,0.26140318739695917
0.07422794427013836,0.23025317699105385,0.06753332081847192,0.13305245160896378
0.11726111051005567,0.28073577402889394,0.09569175896376945,0.0369115222568236
0.11051005565773499,0.4046211440442105,0.06565609160878542,0.3137632044941076
0.035221849567841135,0.141464781148701,0.045100431762718225,0.13741833058557734
0.13633620637840047,0.4164632349463559,0.07321193917777359,0.2035171276790621
0.07495882770144373,0.20838441864610882,0.08996620987422563,0.048604750564816515
0.20825369348576098,0.23903560631141604,0.257227332457293,0.21426390669841852
0.1387476408573455,0.22943096115575895,0.1389149615168012,0.0
0.1686225011119526,0.20537569078863596,0.17059320443026094,0.19698357452524884
0.20158678639691296,0.24094562097305242,0.18185657968837993,0.0
0.18418022046714028,0.3228434115408543,0.15397972592453538,0.2266593393173353
0.11324365585968962,0.20788599577250086,0.22888117139102684,0.0
0.0037385649199995186,0.01573488268871854,0.05256241787122207,0.0
0.30164809405315735,0.44943554519094686,0.21569363619297915,0.2601819625083959
0.09809224999098418,0.38844968657568935,0.10887929416181714,0.35336142150577027
0.08331590272518542,0.3388074959889692,0.0657030223390276,0.49505403920131896
0.039970187649512545,0.14318561340575622,0.10873850197109065,0.47594186969530444
0.03639030136920433,0.11629624509308138,0.0976628496339403,0.24415338584600357
0.033791337588805946,0.15801096530321937,0.05256241787122207,0.2493435916223973
0.08438097298856792,0.27958612710874714,0.08813591139478129,0.5558099774073395
0.051207520405832645,0.19506888786212967,0.16876290595081658,0.464431825120596
0.010583384423046871,0.06147700524253547,0.08996620987422563,0.1360444525859437
0.10723310132592834,0.34472672237845936,0.10512483574244413,0.3348293338218233
0.08904516330676669,0.3040452291471875,0.11263375258119016,0.4453501862367955
0.07247526656809357,0.2140125951823973,0.12000187722920966,0.3794345728765952
0.06629641650738698,0.126322912535881,0.15566923221325324,0.30329120107467794
0.054797023573394894,0.11720213776117178,0.1801670733996621,0.1617207058679856
0.04718044886821258,0.1624421993182157,0.13506664163694385,0.1824815289735605
0.01569716422037097,0.038404028129968314,0.11826544021024966,0.18959516394944131
0.019027011432074727,0.0821560973125184,0.06936361929791626,0.32563961653538503
0.13995696442953828,0.44470962319958374,0.12582128777923784,0.33449349697746844
0.11966052387993317,0.2541156268304307,0.12582128777923784,0.20247908652378335
0.028062077007224687,0.09492954774490936,0.14060446780551902,0.09650729681870918
0.06383449337035835,0.1606704333368502,0.12568049558851133,0.2456799169567076
0.060201714210153044,0.16226393128312966,0.1633658719729679,0.4261769554863528
0.10148460696983903,0.3176518097843684,0.12000187722920966,0.49319167124626007
0.15445201774315698,0.3866597299784987,0.16505537826168576,0.3549184832386884
0.05371271953550434,0.14141384742439073,0.11263375258119016,0.2062038224339012
0.18990948104872157,0.3268198801602229,0.2530974281959827,0.38413628869756367
0.22082777357038957,0.3609236467091357,0.2287873099305425,0.34975880808450877
0.240487095339416,0.4471180607348281,0.2175239346724235,0.4991756732002198
0.2099126065370791,0.32683443265288303,0.23249483761967335,0.3841057580753496
0.14089701515861855,0.3758290373162293,0.16317814905199926,0.33656957928802594
0.20386118023248823,0.3904688449322763,0.16317814905199926,0.5139219637296208
0.1992498827941866,0.32357103617385863,0.26060634503472874,0.3231361055138304
0.10424946205536924,0.3936703933174953,0.24784118640886052,0.34890395066251456
0.13143159387885128,0.21805818814190137,0.23817345597897502,0.32637235146852295
0.13213122242658107,0.43644744549181963,0.13708466303735684,0.3892043719851011
0.01888997078870497,0.08132296710772846,0.19706213628684063,0.10942175001526531
0.1408224842823999,0.2632655065904601,0.3094143044865778,0.2743176405935153
0.07161936360248597,0.101259882052047,0.2628120893561104,0.2744092324601575
0.13209996754300554,0.27507121626095526,0.2118453163131218,0.41381205348965017
0.1284046786156491,0.34924527134941624,0.10310681434203114,0.541216339989009
0.12939762222462645,0.3304434508325845,0.18396846254927726,0.41182756304573487
0.24060249798646421,0.46856843491579564,0.31518678430636377,0.2727300482383831
0.012504357652036977,0.04589492372674785,0.08072085601651961,0.16810160591072845
0.04227583636866338,0.10191474422175088,0.15768725361366623,0.7277889723392563
0.23299554016853594,0.45323010765206445,0.19124272573681245,0.39885204860475054
0.11477754937670549,0.18500220106451484,0.1613478505725549,0.21655370336447458
0.17929724596391264,0.3126566666787937,0.1765064764407734,0.3003602613421262
0.27272290141488453,0.4417336384505961,0.20091045616669795,0.19237345057092264
0.07511510211932153,0.20445160750472044,0.11061573118077717,0.24723697868962569
0.18788512628175078,0.2826748936758505,0.16120705838182842,0.2567320021982048
0.3330664647120343,0.43851753757271694,0.24000375445841937,0.4116443793124504
0.19189296404486278,0.2888633411795523,0.21029660221513047,0.35940648470415826
0.1732554365465758,0.29965765261017147,0.21569363619297915,0.20837149661110096
0.12683953021505764,0.2667690191983759,0.11643514173080532,0.07742565793490871
0.07524012165362377,0.17778780282827694,0.1633658719729679,0.2244306038957074
0.05011119525887458,0.11596517588506441,0.1070489956823728,0.16318617573426147
0.08180364720449108,0.25926357110893633,0.08813591139478129,0.19875435061366553
0.10431197182252036,0.264935405123205,0.07889055753707527,0.155828295780668
0.1100821041749312,0.15208082454423413,0.19692134409611411,0.19344202234841545
0.3480207243920324,0.6553933356859863,0.2890932982917214,0.3617268119924284
0.12078810391046678,0.19936914944318523,0.2383142481697015,0.35415521768333635
0.19091204154495295,0.37233643907780856,0.1781490519992491,0.2829883373023142
0.3448062798273769,0.6126744934823023,0.2737000187722921,0.2632655553520181
0.10779568923028839,0.27277919866699163,0.1895532194480946,0.22748366611711549
0.3397453929099499,0.5948440518505314,0.240191477379388,0.16254503266776577
0.08074819382836261,0.12092757588215393,0.18199737187910645,0.1574464187580143
0.11742700181518748,0.1399331312962269,0.21940116388211,0.1387616779629969
0.20893168403716925,0.35345821797451127,0.21935423315186783,0.29727666849850404
0.29333189080024524,0.37296583438535724,0.24188098366810587,0.1412651889845515
0.16090975753423012,0.30068360334270755,0.30223390275952694,0.41539964584478234
0.15612054768172912,0.3153634303135698,0.238455040360428,0.4303291201074678
0.21272073761525237,0.2863966936736676,0.19335460859770978,0.03623984856811382
0.1578539916092659,0.23107539282634873,0.33015768725361366,0.13262502289796665
0.002247947395626721,0.009084393543059009,0.08827670358550778,0.37961775660987973
0.18100905189512786,0.4959889692105636,0.219682748263563,0.430390181351896
0.20671018308149108,0.392771776895735,0.17997935047869346,0.48415460707089214
0.08512147330712731,0.20584864680008874,0.18213816406983294,0.4914208951578433
0.10698306225732387,0.2315738156999567,0.14637694762530504,0.35296452341698725
0.1665452534650847,0.34697872061760776,0.15397972592453538,0.5142883311961898
0.5683460156033996,0.4155937235099157,0.5589919279143983,0.20391402576784515
0.013735319220551288,0.0356426926477169,0.17059320443026094,0.39799719118275634
0.14462115474773704,0.10597488967391502,0.47306176084099866,0.0880503144654088
0.6467332636109008,0.31549076462434555,0.5587103435329454,0.09928558344019052
0.30661521631985766,0.3525268584442658,0.4111131969213441,0.23841362886975637
0.080426028105353,0.1052327125482506,0.4969495025342594,0.08856933504304818
0.2490557418827461,0.26290533239712294,0.47470433639947435,0.11772607925749527
0.2735571663841706,0.2315119676061513,0.5699267880608222,0.17652805764181476
0.30304494692680345,0.34496320038418576,0.25131406044678056,0.21295108994321307
0.011398415617824901,0.03640669851237143,0.1518209123333959,0.19631190083653904
0.2746102155384856,0.2683261359130052,0.29617983855828794,0.19249557305977896
0.4106819575174005,0.40696045723931934,0.35108879294161816,0.26002930939732555
0.41159075336290524,0.3491688707629508,0.39801952318378075,0.21050864016608659
0.10536502097683534,0.10283518938250136,0.5951285902008635,0.0
0.5464531717696275,0.6245274987539428,0.7546930730242162,0.4134762166452952
0.36173200139444867,0.2277792532388391,0.688239159001314,0.04478842278805642
0.3940279130152548,0.2651864356215915,0.7171484888304862,0.11677962996885877
0.06467837522689843,0.1633626444789662,0.18199737187910645,0.48415460707089214
0.3577049298568286,0.39387412821473655,0.3604749389900507,0.24143616046895036
0.07187901955834446,0.1864283453452033,0.15566923221325324,0.37632044941075904
0.37255340377703244,0.626743115761441,0.3641355359489394,0.4635769676986017
0.3918689218267277,0.35495712471850016,0.39801952318378075,0.11842828356841913
0.4711024559125825,0.4622672055939781,0.3678899943683124,0.20721133296696587
0.4189669058867371,0.3637177252998723,0.38107752956636004,0.289338706722843
0.19827857718153077,0.1407553471315218,0.352778299230336,0.0
0.2053950737495041,0.25666231304594583,0.25323822038670923,0.36111619954814683
0.4905934821546636,0.4086303557720643,0.4144922094987798,0.20721133296696587
0.2042482599444625,0.14625255123386946,0.362305237469495,0.13347988031996091
0.1490353059973313,0.2847413476335828,0.18396846254927726,0.47356048116260613
0.5584935146116581,0.5188654876722196,0.3659189036981415,0.2060511693228308
0.009874138988063039,0.04417409146969261,0.07691946686690443,0.34520974537461074
0.053284768052700555,0.08260722458498108,0.12938802327764218,0.10807840263784577
0.4368543161792107,0.37792823438244677,0.5155340717101559,0.25111436771081397
0.05018572613509322,0.071154412861493,0.34512859020086356,0.4864749343591623
0.3279021962566266,0.47467320558670195,0.29247231086915715,0.20202112719057214
0.029502205873513893,0.10477067090629287,0.13140604467805517,0.3555901569273982
0.40937886929448114,0.43688765839478727,0.5200394218134033,0.2673261281064908
0.2842944210032818,0.38328718980452364,0.2943495400788436,0.41295719606765585
0.26990515344945726,0.3780592068163875,0.24784118640886052,0.39048665811809247
0.3019918977724885,0.3403064027329581,0.314952130655153,0.12325212187824387
0.23241131426785433,0.284952358777154,0.27032100619485644,0.29123160530011605
0.49648863404137666,0.5970414782422043,0.3749765346348789,0.32392990169139646
0.21551684758435816,0.2989300279771671,0.2943495400788436,0.24366489589057827
0.5805017610924784,0.3606253206096039,0.5418152806457668,0.23334554558221896
0.09223796987510068,0.04918378706792739,0.9129904261310305,0.0
0.4720304855325952,0.4321108026791139,0.37155059132720103,0.27013494535018623
0.05579958406962626,0.07846704042318647,0.328515111695138,0.2251938694510594
0.566131727313162,0.6100113873255065,0.4298854890182091,0.2996275264089882
0.09275006912137715,0.15905510665158057,0.3229303547963206,0.1859314892837516
0.23661629821967375,0.22792114004227498,0.2624835742444152,0.13430420711974111
0.2984865423683989,0.22101598227506394,0.4447625305049746,0.1842217744397631
0.20024042218135044,0.16473785503534435,0.37342782053688756,0.12013799841240766
0.417026698883239,0.39106913525450493,0.5886990801576872,0.2970934847652195
0.08917979972832293,0.11654727559146788,0.4280082598085226,0.32496794284667524
0.04975777465228943,0.10867437706236108,0.18199737187910645,0.34481284728582773
0.34816738192265617,0.3797982296892679,0.3544208747888117,0.3610246076815046
0.10749516150360032,0.12507867441344359,0.27599962455415805,0.22940709531660256
0.26076430211451307,0.42235335635052584,0.238455040360428,0.2509922452219576
0.30080180797480377,0.35739466723906466,0.31354420874788813,0.3235940648470416
0.20832822436197962,0.20105360046859025,0.24784118640886052,0.2510533064663858
0.02087345378484619,0.07214034423921387,0.12192603716913834,0.12032118214569214
0.44788248163775585,0.5456566266594389,0.2887178524497841,0.2552054710875008
0.2565785519372017,0.3246151775222198,0.27374694950253425,0.28991878854491054
0.03312296392465169,0.08698388675250211,0.15397972592453538,0.41460584966721625
0.1403945327995961,0.3429258514117737,0.211892247043364,0.520028088172437
0.2649789029535865,0.3536619528717525,0.3694387084663037,0.35653660621603467
0.5810330941132629,0.6172112330690843,0.3002158813591139,0.20910423154423888
0.4280572685635977,0.3554409950994481,0.44649896752393464,0.2661354338401417
0.15630807698318247,0.1722287506321239,0.35460859770978037,0.2886365024119192
0.37155084328080107,0.42202592526567395,0.2737000187722921,0.301428833119619
0.41208121461286024,0.45774865662302133,0.3469588886803079,0.3486291750625878
0.19531417168547968,0.7240192529477892,0.10507790501220197,0.31342736764975276
0.10245350836068136,0.2958448995332288,0.1368969401163882,0.24604628442327656
0.38911368362845156,0.5517650354535102,0.4146330016895063,0.2136227636319228
0.26293291019029413,0.639039972059214,0.2849633940304111,0.2190572143860292
0.07754577037277459,0.18732696176696365,0.17275201802140042,0.3211821456921292
0.13517737146429132,0.2486002321122579,0.14060446780551902,0.16529278866703306
0.01773113587459579,0.052025161259809286,0.06194856391965458,0.0
0.29221392765696563,0.34509053469496154,0.23451285902008634,0.18245099835134643
0.006169233173452584,0.03787286214787515,0.08827670358550778,0.0
0.17353673049875581,0.13344999581615835,0.33963769476253053,0.07229651340294316
0.5668529938572133,0.3477791077139125,0.739628308616482,0.12074861085668927
0.18861600971305617,0.20877369782476612,0.29247231086915715,0.14553947609452283
0.037914577998966185,0.10096519407568025,0.0976628496339403,0.36676436465775175
0.5237669347373989,0.5294706166982577,0.5196170452412239,0.18187091652927886
0.23913111423659944,0.41222482145910566,0.1801670733996621,0.23117787140501925
0.0042290261699544415,0.058773879730924405,0.0975220574432138,0.14068510716248397
0.579227523531321,0.6988106975373544,0.32832738877416934,0.29352140196617205
0.07681488694146923,0.1625367905205063,0.11812464801952317,0.12157293765646945
0.5580559462416003,0.28036832358922675,0.4785526562793317,0.11088721988154118
0.18694507555267048,0.4289965692498554,0.1502252675051624,0.34618672528546135
0.12271869402671091,0.11955236532577575,0.43870846630373567,0.15897294986871832
0.46065611213290536,0.40404268246097197,0.429275389525061,0.15711058191365943
0.08914854484474738,0.07515634834301681,0.24967148488830487,0.11650485436893204
0.0911849207207857,0.19720810428316238,0.20621362868406234,0.30658850827379863
0.725120511618402,0.6047070037509049,0.4817439459357988,0.35549856506075594
0.02479714378448556,0.0646276199034442,0.11812464801952317,0.1309763692984063
0.11011335905850675,0.1307978040288576,0.26661347850572553,0.1471575990718691
0.004113623522906224,0.00366359002717678,0.12582128777923784,0.0
0.5894863380095448,0.7733303743264924,0.3697202928477567,0.2519692251328082
0.298277375070624,0.292512378714069,0.2814435892622489,0.17759662941930757
0.013223219974274829,0.0316916908905034,0.06753332081847192,0.0
0.032582014016613176,0.03818210261690199,0.1765064764407734,0.19032789888257923
0.4268142858860159,0.48022861965968994,0.457574619861085,0.1553703364474568
0.30970223712839745,0.3674431634208544,0.36371315937675985,0.17191793368748856
0.35599312392561333,0.5209246653836218,0.3792472310869157,0.18474079501740245
0.5710267229254571,0.5742122553816936,0.5951285902008635,0.1681931977773707
0.002788897303665236,0.002757697359086394,0.19124272573681245,0.0
0.22493899287148234,0.5681111228339524,0.12751079406795568,0.5853025584661415
0.19644175171601333,0.35858069539086174,0.17064013516050308,0.322586554313977
0.1835431016865616,0.3385746561064078,0.16139478130279705,0.3715271417231483
0.08922307572096602,0.18283387965816195,0.2812089356110381,0.16413262502289797
0.16231863151694376,0.3519483968610273,0.24028533883987235,0.3283263112902241
0.05482827845697044,0.06796377884576904,0.21569363619297915,0.0
0.1695288927356438,0.29610684440111035,0.2947719166510231,0.245832570067778
0.3089617368098381,0.28312602094831313,0.38999436831237094,0.2563351041094218
0.2535420197867455,0.3051657710820142,0.29617983855828794,0.27312694632716616
0.024337937418106196,0.03315785452600712,0.23634315749953066,0.0
0.10925745609289915,0.2409783640815376,0.16317814905199926,0.17011662697685778
0.1753735559642733,0.2560765752163774,0.4937112821475502,0.2814618061916102
0.22572276918268477,0.3184740256196633,0.3170170827858081,0.22959027904988705
0.24444204022263094,0.27484201450155893,0.2868875539703397,0.18825181657202172
0.011220503203625568,0.048612601731019,0.11061573118077717,0.16147646089027295
0.11352494981186967,0.29135545554759207,0.14628308616482072,0.28524760334615623
0.03968648947551901,0.11713301342103637,0.12394405856955133,0.24268791597972766
0.11514299109235819,0.30377964615614095,0.24403979725924535,0.27428710997130124
0.2395903206029788,0.29410951478351344,0.24028533883987235,0.17671124137509922
0.18278336759349417,0.3537128865960628,0.2327294912708842,0.35650607559382064
0.03965523459194346,0.09725794657052321,0.07138164069832925,0.09458386761922209
0.051645088775890476,0.2040550520797331,0.05073211939177773,0.3962874763387678
0.07341291307536033,0.20500096410263874,0.10310681434203114,0.345301337241253
0.1522184956784113,0.32179563206932804,0.1387741693260747,0.29233070769982294
0.061653864185509756,0.11253442574044902,0.17997935047869346,0.16739940159980463
0.15875076634570306,0.2840173611237435,0.219682748263563,0.3286316175123649
0.005147438902713164,0.02285468972266587,0.12000187722920966,0.0
0.1187108562635989,0.2597765464752044,0.17247043363994743,0.07934908713439581
0.2216211667688461,0.32400397283049615,0.22522057443213817,0.19362520608169997
0.028292882301321123,0.047324706130601336,0.1070489956823728,0.32908957684557616
0.004385300587832233,0.020762768902778433,0.16707339966209875,0.27132563961653544
0.19822568430163365,0.3066319347175179,0.208137788623991,0.16993344324357332
0.13213122242658107,0.28802293472843227,0.22686314999061385,0.21624839714233376
0.25857165182059694,0.289827443818283,0.21029660221513047,0.2149661110093424
0.016959380672460844,0.035682712002532126,0.219682748263563,0.39769188496061547
0.3029728202723983,0.3438717634346793,0.25718040172705087,0.15256151920376138
0.10674264007597341,0.2235190110125988,0.1502252675051624,0.27346278317152106
0.17333958431004845,0.3658241986124198,0.10132344659282898,0.25899126824204677
0.20376741558176154,0.2649463194927001,0.23432513609911768,0.155828295780668
0.0014930217461863028,0.039280815812738526,0.09935235592265815,0.18681687732795996
0.07161215093704545,0.24463467786238433,0.204383330204618,0.37751114367710814
0.05140466659454001,0.08250171901319547,0.34494086727989487,0.10816999450448801
0.0646062485724933,0.2616028843040452,0.08067392528627744,0.3153507968492398
0.1481697861444697,0.30976799688576656,0.18213816406983294,0.30298589485253713
0.1679709570004929,0.3067265259198084,0.2947719166510231,0.30579471209623255
0.07106158414175293,0.20825344621216804,0.17810212126900696,0.0972400317518471
0.028131799439816318,0.14338571017983243,0.09198423127463862,0.0
0.11085385937706614,0.2808267271080195,0.14459357987610286,0.2214080722965134
0.02722059937249811,0.12495134010266785,0.1368969401163882,0.3826708188312878
0.07779100099775205,0.24122211833359405,0.1518209123333959,0.25496122610978816
0.06818613485280152,0.27906587549614903,0.15013140604467803,0.18559565243939674
0.059754528952841196,0.2363797764009503,0.15397972592453538,0.21646211149783234
0.10473751908351064,0.273848806877508,0.0976628496339403,0.03776637967881786
0.10437688581148498,0.25896524500940454,0.13323634315749952,0.11937473285705565
0.09970788704965922,0.28791742915664664,0.11446405106063448,0.28842278805642063
0.09999158522365273,0.3384000261944868,0.1368969401163882,0.340752274531355
0.0787190306177648,0.20048605325484686,0.12568049558851133,0.2516944495328815
0.09185089016312646,0.2471631734620744,0.17064013516050308,0.290834707211333
0.013850721867599506,0.08293101754666803,0.15397972592453538,0.21545460096476768
0.09681079976438627,0.2893581259299952,0.1070489956823728,0.3229529217805459
0.023357014918196355,0.05817722753186086,0.1464238783555472,0.2835073578799536
0.06978734658059553,0.23068247552452636,0.0975220574432138,0.3099468767173475
0.1266616178008583,0.31429018397988845,0.16519617045241225,0.33208157782255604
0.10073448976402564,0.3165239916032117,0.14999061385395154,0.2309336264273066
0.034219289071609746,0.1278873054968403,0.08818284212502346,0.22504121633998903
0.060444540613316985,0.1810111799524861,0.12375633564858268,0.38645661598583386
0.0061163402935554825,0.03654494719264226,0.17810212126900696,0.39164682176222754
0.0715280031735728,0.29634332240683675,0.14459357987610286,0.42110887219881543
0.010294877805426329,0.09321599173418417,0.12192603716913834,0.195915002747756
0.08840083186074747,0.2741034754990595,0.208137788623991,0.30194785369725835
0.0002596559558584883,0.04123812607552016,0.19875164257555847,0.1808634059962142
0.06954211595561807,0.26959947902076276,0.1633658719729679,0.4599743542773402
0.126231262096241,0.5397264859004537,0.20076966397597146,0.575288514379923
0.008140695060526285,0.04225680056172622,0.08250422376572178,0.35580387128289676
0.06297378196112373,0.25892522565458925,0.08996620987422563,0.43777859192770346
0.08094293579525647,0.35138812589361396,0.12000187722920966,0.4484032484582036
0.10622332816425645,0.4281452484292403,0.12375633564858268,0.4211699334432436
0.07152079050813229,0.2839773417689282,0.12760465552844003,0.47475117542895523
0.018474040414968685,0.16050307967125918,0.06565609160878542,0.24589363131220618
0.07969274045223414,0.3342198226778769,0.12765158625868217,0.470110520852415
0.07481697861444699,0.34341335991588656,0.142622489205932,0.5498870366978079
0.06565689350499478,0.31103042562402905,0.12582128777923784,0.2683031080173414
0.012922692247586761,0.11422251488901906,0.07874976534634877,0.6611406240459181
0.0835178573575198,0.3026627423444793,0.12582128777923784,0.17204005617634488
0.06324065058242273,0.27548596230176775,0.14435892622489205,0.18782438786102462
0.029305059684806522,0.05066086507292618,0.2626243664351417,0.1568052756915186
0.0,0.029294167724754145,0.06194856391965458,0.4490443915246993
0.06385613136667988,0.2908643089203142,0.08067392528627744,0.32139586004762777
0.09111519828819409,0.22911808256356708,0.13520743382767034,0.1336630640532454
0.08485941312945533,0.25812847668144956,0.13708466303735684,0.19954814679123162
0.0532607258345655,0.16856152248178208,0.2138633377135348,0.17655858826402882
0.0672196376837727,0.3072831587640568,0.11629434954007882,0.6105513830371863
0.06675321865195284,0.30331760451418316,0.07504223765721793,0.5150210661293277
0.100397898710135,0.3060716637501046,0.13506664163694385,0.3744886120779142
0.07264837053866591,0.26456795468353783,0.0976628496339403,0.23404774989314284
