crack_coverage_percent,skeleton_length_pixels,maximum_width_pixels,branch_density
0.3004409097819902,0.5343528756280082,0.2,0.5570316352605388
0.034772781775520026,0.04862294546537432,0.06666666666666667,0.26402068171969095
0.07882927716187643,0.2611129789911527,0.02655555555555556,0.2377202289334867
0.13521181067681923,0.577281241894735,0.06666666666666667,0.5230203679074702
0.028540797085888844,0.1638132931152077,0.0,0.31769751490608045
0.12252840521693606,0.3193344796779989,0.13333333333333333,0.41321597752506756
0.5934006166153866,0.48392395700246893,0.34155555555555556,0.30155860069636425
0.7614635759617177,0.453445278052623,1.0,0.23807887147148046
0.09542491445911357,0.17465681706836764,0.3993333333333333,0.0
0.6750935346293645,0.5327313422799452,0.47977777777777775,0.13963149479221146
0.6912001429469324,0.46953765165851746,1.0,0.38607869215021146
0.14215226042674048,0.01160433817808048,0.901,0.0
0.1795629773714379,0.667041950451013,0.1111111111111111,0.23186240081292306
0.13640930471677853,0.44555279109309415,0.044444444444444446,0.16091095204650396
0.0,0.051228157811314234,0.0,0.0
0.07207691548105874,0.41415191308273863,0.04866666666666666,0.25541326080784227
0.10040924829035781,0.3330598756952517,0.13333333333333333,0.3006022205950477
0.171073935852564,0.42905311290214126,0.030888888888888903,0.16569285255308655
0.009763338187050457,0.047808336295257416,0.057555555555555554,0.5305518612053377
0.0,0.07916310435258746,0.0,0.0
0.16329335939398024,0.5029596826098235,0.030888888888888903,0.1462066079887625
0.10682932104909254,0.2902544693032595,0.28888888888888886,0.33156502637516994
0.021493764096808938,0.0789171846031182,0.06666666666666667,0.22486887132204605
0.13703626494712373,0.46144535490254485,0.022222222222222223,0.07830362079528982
0.0,0.06084208301712795,0.0,0.24668629238332906
0.10527445967783647,0.6478832649689239,0.0,0.17824534138286582
0.10271646193802811,0.4652494260271473,0.0,0.2333567447212301
0.0,0.07472117887779904,0.017555555555555536,0.22959099807229633
0.14487326782643858,0.4451301165236939,0.11511111111111111,0.4025762488979213
0.22792041993796225,0.46049241587335143,0.20433333333333334,0.07842316830795439
0.0,0.02105687854830499,0.022222222222222223,0.0
0.04336840653355256,0.30601638824580457,0.0,0.5324048476516385
0.12418984982735083,0.5712946329935927,0.0,0.5934338528668986
0.08133084848095373,0.4128762043823669,0.04866666666666666,0.34136792241366426
0.037111343434707574,0.1812812803196957,0.0,0.2995860667373989
0.004346401796868024,0.07316112546710343,0.0,0.23138421076226479
0.0014122279188525384,0.07472886386996995,0.0,0.22959099807229633
0.0,0.012372837395171902,0.0,0.0
0.16609587162362321,0.5906838682408093,0.03977777777777776,0.8981006888925417
0.0,0.08524193315978063,0.0,0.0
0.0,0.1222298004783908,0.0,0.0
0.0,0.09268869057339651,0.0,0.21064271731496284
0.0,0.13623954120596746,0.0,0.17561529610424542
0.0,0.0604424634242404,0.0,0.7416727685709589
0.16146890512367573,0.8981219800382331,0.0,0.2692807722769318
0.25987031327635307,0.43503972180328354,0.18655555555555556,0.32785905348256844
0.0052743029377789056,0.09029097301607127,0.013222222222222236,0.21303366756825412
0.19472287574118455,0.32683503203681114,0.10222222222222221,0.20317099777342756
0.10533088609856754,0.5765742226150108,0.13333333333333333,0.5889508211419776
0.26193301243418876,0.6484980643425972,0.11511111111111111,0.5342578340979393
0.12595787767692426,0.6737432636240502,0.0,0.6323465682392145
0.12808327285779442,0.8519582320675512,0.0,0.2820125823757079
0.1618764292734001,0.7285756827635234,0.0,0.32277828419432447
0.117713350647885,0.6507497670486749,0.013111111111111108,0.3551158863700892
0.05008942020285298,0.22678411896367887,0.013111111111111108,0.2609124463904123
0.064810446411358,0.30076753859307015,0.013111111111111108,0.3233760217576473
0.0,0.06323211558228227,0.0,0.0
0.11893592309705814,0.2952266592378409,0.09766666666666665,0.21841330563815956
0.00018338586737597182,0.027750506729171287,0.008888888888888898,0.3000044830317249
0.09564435053973437,0.2588766462694167,0.06199999999999998,0.11954751266456462
0.012427919166017506,0.09364162960258988,0.0,0.2097461109699786
0.23173233813846103,0.42268225439245344,0.06666666666666667,0.0
0.10639044888785092,0.5719555423202913,0.0,0.3293533973908755
0.0013558014981214775,0.06684406190261197,0.0,0.23897547781646464
0.15795792783374266,0.49615077954639347,0.09322222222222223,0.3695213616461692
0.013901275707328697,0.12256794013391102,0.0,0.0
0.07188882741195518,0.36225516095255483,0.013111111111111108,0.4710171998983846
0.08309887633052716,0.16670285017147143,0.537,0.9436482912177407
0.0829609450798512,0.48444653647009106,0.0,0.2260045726923594
0.2942089250923591,0.2321021335459515,0.34155555555555556,0.5139945307012956
0.1375754507452206,0.40777336958087984,0.06199999999999998,0.2584617223807887
0.07773836636107578,0.28277697192095996,0.16444444444444445,0.5627699158684379
0.0647853680021442,0.18500850152258913,0.13733333333333334,0.295999641357462
0.11355033471839297,0.2015158647057129,0.20422222222222225,0.4215843034115871
0.07384494333063218,0.2163325296112355,0.11077777777777777,0.2688623559826058
0.04393894034316668,0.2724022324902257,0.022222222222222223,0.46193158893587766
0.00018338586737597182,0.1187715540014794,0.08888888888888889,0.18816778493402472
0.08092332433122935,0.24854801679170796,0.05766666666666668,0.4914000508076928
0.0524844082827716,0.30583194843370265,0.022222222222222223,0.10651683378412706
0.04769443212293436,0.26702273797058573,0.008888888888888898,0.23413380355354982
0.016672439925454426,0.21965244622907046,0.0,0.0
0.0,0.1101951027387391,0.0,0.1949819931559049
0.03713642184392138,0.2878029568007378,0.0,0.4447167471121804
0.0,0.02458428995475462,0.0,0.0
0.05585745432202871,0.330708268090952,0.0,0.1007187794198957
0.008923211478387899,0.1318129857155208,0.0,0.17860398392085955
0.039938934073564386,0.2051047560495298,0.05322222222222221,0.13897398347255635
0.012540772007479642,0.21783878807673468,0.0,0.0
0.08100482916117424,0.20846309762821932,0.044444444444444446,0.41279756123074157
0.03077277550591772,0.3254517334460466,0.0,0.0
0.028214777766109356,0.2493395709853121,0.0,0.12259597423751101
0.03781980849499764,0.18882794263153346,0.0,0.1462066079887625
0.03795773974567358,0.19572138060884356,0.0,0.2861369715626354
0.05803927592362997,0.1664415604376603,0.14622222222222223,0.0
0.06040291599203133,0.26334162672071787,0.008888888888888898,0.23634543253784424
0.05316779493384785,0.24258446286707852,0.09322222222222223,0.37454235717808093
0.019399716927456002,0.11462934322135664,0.08855555555555554,0.19139556777596795
0.0,0.004979874926752433,0.06666666666666667,0.704852134670273
0.06600794045131732,0.3847645030211626,0.05766666666666668,0.4502159326947503
0.022308812396257677,0.24800238234757302,0.017555555555555536,0.24608855482000624
0.03000788402489659,0.25306679218820555,0.0,0.2428009982217307
0.07450325157249463,0.3104813686971057,0.044444444444444446,0.4215843034115871
0.08587631015095633,0.19738902390993196,0.14622222222222223,0.4269639414814925
0.017054885665965004,0.19081835560380028,0.022222222222222223,0.14531000164377827
0.0,0.07040989826991616,0.0,0.4692837609647484
0.023832325755996482,0.17185947991815487,0.0,0.0
0.04497342472323624,0.25772389744377955,0.044333333333333315,0.5995307760127916
0.0,0.035827433500802135,0.017555555555555536,0.5699427666283118
0.01659093509550956,0.1976272586672303,0.0,0.2844633063853315
0.0,0.06856550014889674,0.0,0.2368833963448348
0.014446731107729014,0.2329090577238975,0.0,0.3846441219982366
0.0,0.2058502002901085,0.0,0.2773502293817899
0.013054879396362695,0.21706260386747234,0.0,0.6707213198045398
0.0,0.15483722225957988,0.0,0.32785905348256844
0.0019263353077355989,0.15111000105668645,0.044333333333333315,0.1661710426037448
0.21989532898954384,0.33661802707038496,0.5555555555555556,0.09940375678058547
0.2708358477050904,0.3807913620688,0.5151111111111111,0.18153289798114136
0.26040949907444993,0.43288792399542747,0.3814444444444444,0.8228455296701982
0.7490246849916692,0.8408764733570928,0.4348888888888889,0.2377202289334867
0.08467881611099702,0.5883706855973642,0.0,0.19306923295327183
0.11363183954833785,0.6783619439187697,0.0,0.05714371105366189
0.28329981708435276,1.0,0.15955555555555556,0.43598977868766714
0.2706979164544145,0.9809892506172011,0.1862222222222222,0.3321627639384928
0.1620958653540209,0.6877299493751142,0.044444444444444446,0.39546317189437974
0.24383894018642657,1.0,0.06666666666666667,0.16270416473647245
0.07164431292212056,0.06934936935033,0.2926666666666667,0.4718540324870365
0.09907382299972256,0.34992074851823757,0.13333333333333333,0.48327081994650245
0.1577949181738529,0.39998847251174374,0.23955555555555558,0.8743705076286256
0.0582837904134646,0.19785780843235767,0.008888888888888898,0.42636620391816965
0.0,0.0,0.08855555555555554,1.0
0.15703629629513524,0.28782601177725053,0.20844444444444443,0.6670153469119383
0.033004753925946595,0.019681264949711348,0.45311111111111113,0.31668136104843164
0.01629626378724731,0.07376823984860567,0.35555555555555557,0.23066692568627742
0.10375094631809768,0.10065802745463456,0.24433333333333335,0.20323077152975982
0.15801435425447374,0.1947300166187956,0.26666666666666666,0.14351678895380982
0.2636508834653346,0.20598084515701406,0.37777777777777777,0.0
0.11493591682745584,0.16403615788816417,0.3592222222222222,0.0
0.09673526134053499,0.05931276957511601,0.3111111111111111,0.24871860009862667
0.30231552087072233,0.30434874494471614,0.4755555555555555,0.2138107264005738
0.2311868827380607,0.28578948885195826,0.23066666666666663,0.11171715058503563
0.07235277798241063,0.021356593242970633,0.26666666666666666,0.31309493566849467
0.41533137199274606,0.31599919307582214,0.5333333333333333,0.41632421285434623
0.3379644795681498,0.36742716068358017,0.33266666666666667,0.09318728612202812
0.005029788447944282,0.2244786213124046,0.0,0.39390905422974043
0.08081674109207067,0.16947713234517148,0.2222222222222222,0.6232011835203753
0.0005909100171003482,0.0,0.1111111111111111,0.0
0.020923230287194807,0.14848941872640473,0.06666666666666667,0.16772516026838413
0.01678529276691656,0.05772966118790768,0.013222222222222236,0.0
0.11640927336876702,0.2164862294546538,0.06199999999999998,0.13437140423497063
0.0953434096291687,0.18191144967771067,0.08888888888888889,0.0
0.000647336437831409,0.060903562954495255,0.0,0.0
0.0,0.034905234440292435,0.0,0.28661516161329365
0.020703794206573988,0.0906367976637624,0.0,0.0
0.004540759468275033,0.12901564856530806,0.0,0.18057651787982484
0.060133323092982895,0.27812755165755676,0.040000000000000015,0.7969037194219877
0.29967601830096907,0.2232874475259129,0.45755555555555555,0.5270252095817332
0.1033434221683733,0.24253066792188213,0.151,0.7491444881124942
0.2112370082084768,0.27386238100269944,0.2932222222222222,0.2301289618792869
0.23189534779835078,0.4760622100116237,0.2486666666666667,0.30550366861429484
0.04823988752333467,0.21999058588459067,0.00433333333333334,0.13299660783932812
0.012346414336072633,0.08849268484807732,0.008888888888888898,0.2148268802582226
0.3843093797952661,0.5024217331578594,0.7321111111111112,0.3658751625099
0.07830890017068992,0.12614146149338612,0.5056666666666666,0.18266859935145474
0.272328013053312,0.5356900642657472,0.2262222222222222,0.7643867959772261
0.041982824424489695,0.13166697086427345,0.13333333333333333,0.5361705943005723
0.3045788473022685,0.6491743436536376,0.17733333333333334,0.17794647260120441
0.02832136100526804,0.031147273268715366,0.08877777777777776,0.0
0.34677954040680314,0.9620150049472139,0.17733333333333334,0.2957007725758006
0.04707374149489262,0.3261894926944544,0.0,0.20346986655508897
0.013136384226307567,0.17077589602205598,0.0,0.0
0.04516778239464325,0.19693560937184798,0.0,0.2850610439486543
0.15629648322332793,0.5237936963851719,0.044444444444444446,0.07077212749742225
0.0,0.03476690458121597,0.030888888888888903,0.0
0.04753142246304462,0.17574040096446655,0.008888888888888898,0.15254262615998446
0.14843440193479926,0.4795896214180733,0.022222222222222223,0.45559557076465573
0.06778223790319421,0.18679141970624122,0.07977777777777778,0.0
0.006446718568524404,0.07653483703013482,0.0,0.0
0.13101744673580992,0.39986551263700915,0.03533333333333333,0.08744900551412901
0.027644243956495226,0.32774954610515,0.0,0.30412887221865237
0.08878540561975802,0.5469716327726493,0.0,0.13664280697559733
0.022578405295306105,0.09812966503040377,0.06666666666666667,0.4110641222971054
0.0589609074622374,0.39540821717787883,0.0,0.35284448362946247
0.0,0.13430292317889703,0.0,0.0
0.03248437693476009,0.24850190683868248,0.013222222222222236,0.368624755301185
0.05439036738302098,0.41004812726347045,0.03977777777777776,0.6863820439635977
0.0326787346061671,0.36227821592906756,0.0,0.4710171998983846
0.0,0.0636778451281953,0.0,0.48596063898145514
0.12693593563626274,0.4742178118906043,0.164,0.6129200974312227
0.1202713483876934,0.49346871727874436,0.16444444444444445,0.2968962477024462
0.050365282704204865,0.2122748537449928,0.044333333333333315,0.1360450694122745
0.07444682515176357,0.4238196332337487,0.0,0.16730674397405818
0.0,0.04365844052296373,0.0,0.2717912700428876
0.06764430665251826,0.48919586163171613,0.0,0.29898832917407614
0.1002963954488957,0.2899163296477392,0.04866666666666666,0.0
0.0,0.0024668824868634733,0.0,0.35935982306968123
0.19224638283132103,0.7791198762716263,0.008888888888888898,0.3047266097819752
0.03229628886565653,0.178568478083363,0.0,0.15116782976434195
0.13855977830686253,0.4047531676577105,0.204,0.43324018589638214
0.11662243984708438,0.36189396632052184,0.06666666666666667,0.1885264274720184
0.02304235586576155,0.184301482242865,0.013111111111111108,0.0
0.0,0.11933255842995615,0.0,0.0
0.049029857413569605,0.31560725847510546,0.03099999999999999,0.20831154081800382
0.0008667725184522287,0.14157292577258193,0.0,0.0
0.13548140357586766,0.6532243345277093,0.013111111111111108,0.4719735799997011
0.04454082216429806,0.35453942881295697,0.05766666666666668,0.19145534153230023
0.052352746634399115,0.4026397948107091,0.0,0.0
0.2746979227240168,0.5426680371569372,0.17733333333333334,0.20627923310270624
0.22514298611753308,0.49960134103113396,0.15966666666666668,0.29402710739849663
0.40207743272324875,0.5776424365267679,0.5111111111111111,0.39205606778343965
0.08636533913062558,0.4097791525374885,0.0,0.08583511409315739
0.07434024191260488,0.17238974437794793,0.15955555555555556,0.30855213018724126
0.08797035732030928,0.6329666951651794,0.03533333333333333,0.12116140408553625
0.1722714298925233,0.454167667316689,0.08877777777777776,0.07926000089660633
0.1882212981525049,0.400949096533108,0.14200000000000002,0.0
0.13645946153520616,0.35606874225496893,0.2,0.09539891510632256
0.13003938877647142,0.30248897683935494,0.07977777777777778,0.10735366637277903
0.022772762966713118,0.20359081259185974,0.0,0.41895425813296666
0.020377774886794497,0.1274786501311252,0.04866666666666666,0.36336466474394413
0.2623154581746993,0.4890652167648105,0.235,0.37382507210209354
0.015286857816391572,0.1742571974754801,0.044444444444444446,0.7665984249615205
0.6491624595022876,0.6718297005734927,0.4888888888888889,0.5185971099388813
0.12484188846690981,0.24675741361588496,0.2837777777777778,0.24686561365232593
0.41075456231122615,0.3600803081681861,0.4036666666666667,0.1892437125480058
0.4030554906825872,0.27907280569457926,0.5777777777777777,0.45434032188167783
0.0,0.06671341703570641,0.0,0.0
0.0762399314105508,0.6149761284930693,0.05766666666666668,0.9927225451665446
0.2277574102780725,0.5720631322106842,0.27944444444444444,0.7245177005035938
0.05575087108287004,0.11578209204699377,0.06666666666666667,0.0
0.22188279291973806,0.6942083977751949,0.2222222222222222,0.33628715312542024
0.3972310301426804,0.8894148839085874,0.37266666666666665,0.7695273390218024
0.18111783874269394,0.5000701255535597,0.20844444444444443,0.29378801237316754
0.47021547055716384,0.24605039433616083,0.5552222222222222,0.1236719018514921
0.29573243845209785,0.1916867597191136,0.37266666666666665,0.0
0.1272117981376146,0.16250684444615224,0.19555555555555557,0.0
0.9508557223443923,0.5265372385901883,0.8436666666666668,0.28183326110671103
0.5877955921561004,0.43312615875272586,0.5545555555555555,0.0
0.5026794712844376,0.4697528314393031,0.31955555555555554,0.07716791942497646
0.0,0.070870997800171,0.0,0.23407402979721753
0.5151434406637001,0.46331280800007696,0.4888888888888889,0.15606927778358912
0.4778079589466441,0.42384268821026144,0.4,0.08362348510886294
0.025330760706521484,0.060342558526018525,0.08877777777777776,0.0
0.27583899034324505,0.36950210856972704,0.5865555555555556,0.18565728716806884
0.38844104771324084,0.5778422463232117,0.26155555555555554,0.5879346672843287
0.018252379705924308,0.0,0.45755555555555555,0.0
0.36591436663693827,0.38762332010874273,0.3731111111111111,0.3581643479430356
0.01041537682660945,0.0,0.24444444444444444,0.0
0.2548044746151639,0.5342452857376152,0.1907777777777778,0.76606046115453
0.05376340715267579,0.2023842688210262,0.044444444444444446,0.5606180606404758
0.2706164116244696,0.4713051998578277,0.2262222222222222,0.6159087852478369
0.07972583029127005,0.22349494231452754,0.013111111111111108,0.5267263408000717
0.5927234995666137,0.5694656048569152,0.45755555555555555,0.3966586470210254
0.1455754632844252,0.4399504318004977,0.1731111111111111,0.9750892870485213
0.31213998768023143,0.7001258417467989,0.3333333333333333,0.33389620287212896
0.28168852929236565,0.4187014284479199,0.26211111111111113,0.337721723277395
0.0,0.0,0.0931111111111111,1.0
0.20027147377973945,0.5295343855368448,0.2663333333333333,0.7715596467371
0.18122442198185262,0.3395998040326997,0.15555555555555556,0.29635828389545565
0.062390379922225576,0.312333451810296,0.0842222222222222,1.0
0.4417514760994923,0.7833081970047745,0.33766666666666667,0.859427068545555
0.19671033967137877,0.6503962574088129,0.24433333333333335,0.7697664340471315
0.1353998987459228,0.40707403529332664,0.12855555555555556,0.7764610947563472
0.2777700278527082,0.7275382088204498,0.07977777777777778,0.7540459361317413
0.0,0.017729276938299118,0.0,0.0
0.29143149127192985,0.371469466565481,0.7504444444444445,0.4622902314738714
0.3738579527554118,0.6138848596047994,0.7187777777777777,0.43497362483001833
0.15521184202483074,0.3080068012180713,0.2262222222222222,0.10597886997713653
0.0558072975036011,0.14915032805310333,0.17777777777777778,0.5019800056785068
0.7597206265213581,1.0,0.3998888888888889,0.6954078811697724
0.08010827603178061,0.03783321645741076,0.4087777777777778,0.0
0.3897513945946623,0.5908298830920568,0.6033333333333333,0.5772351649008503
0.3601714109269763,0.4099789623339322,0.741,0.4290560229531224
0.3960899625234522,0.40532954207052907,0.790888888888889,0.4328217696020562
0.562109031518858,0.9234978241865919,0.3822222222222222,0.262765432836713
1.0,0.9265026561254192,0.9064444444444444,0.4804016796425529
0.4874380680847461,0.421552560543329,0.364,0.5879346672843287
0.546761045080008,0.6317755213786878,0.7548888888888888,0.3640221760635992
0.5019145798034165,0.4514625500725272,0.5326666666666666,0.39815299092933243
0.08598289339011501,0.22334124247110929,0.0842222222222222,0.1317413589563502
0.1322713671965003,0.2588535912929039,0.22655555555555557,0.4782498244145907
0.03713642184392138,0.0,0.21277777777777776,0.0
0.057136453191932904,0.1980268782601178,0.0711111111111111,0.14202244504550277
0.03733077951532839,0.14798220924312436,0.10655555555555556,0.16802402905004557
0.09572585536967926,0.2138963870930557,0.06666666666666667,0.54161000612681
0.09964435680933668,0.2401022103958732,0.08888888888888889,0.5027570645108265
0.09491080707023052,0.2732322116446844,0.06199999999999998,0.3457314066259209
0.1088669417977144,0.3125793715597653,0.12855555555555556,0.7342010490294236
0.028540797085888844,0.2143267466546269,0.02655555555555556,0.1352082368236226
0.0,0.07333019529486356,0.008888888888888898,0.0
0.0,0.0,0.03977777777777776,0.0
0.048678759684576314,0.435085831756309,0.0,0.4917586933456865
0.053493814253627356,0.5112133642013853,0.0,0.5772949386571825
0.0,0.04179098742543157,0.0,0.0
0.014390304686997946,0.14280252451992817,0.0,0.34262317129664216
0.053330804593737596,0.19588276544443273,0.0,0.28595765029363857
0.05449695062217966,0.19354652782447485,0.044444444444444446,0.14405475276080035
0.28827788131329357,0.49034861045735323,0.1731111111111111,0.22379294370806496
0.2268608571486789,0.4578795185352406,0.13733333333333334,0.31500769587112776
0.1553748516847205,0.4570649093651237,0.13333333333333333,0.315485885921786
0.018283727717441564,0.10352452953438554,0.1953333333333333,0.20072027376380397
0.0878888524903644,0.2687672311933833,0.017555555555555536,0.11655882484795049
0.06233395350149452,0.06938010931901364,0.13333333333333333,0.23586724248718596
0.26596436671530826,0.4535221279743322,0.14200000000000002,0.15869932306220952
0.015123848156501812,0.0,0.28888888888888886,0.0
0.37921846272486315,0.43671505009654277,0.28844444444444445,0.08171072490622991
0.4758204950164498,0.46132239502781014,0.4663333333333333,0.23491086238586947
0.23924332169799636,0.40512204728191437,0.14200000000000002,0.08661217292547706
0.005192798107834027,0.045572003573521376,0.13333333333333333,0.0
0.11689830234843626,0.1634520984831747,0.4348888888888889,0.15905796560020322
0.27494243721385137,0.3343202144112816,0.35044444444444445,0.09994172058757603
0.7805357061688184,0.2106379504125881,1.0,0.0
0.0734374191809078,0.123643839037839,0.11988888888888888,0.0
0.3134503345616529,0.43692254488515747,0.30166666666666664,0.3267831258685873
0.04423988125373238,0.05408697489889433,0.37777777777777777,0.5119622229859979
0.17436547706187627,0.24644232893687745,0.15966666666666668,0.0
0.019644231417290624,0.0,0.13733333333333334,0.0
0.4388925374491182,0.37325238474913314,0.43922222222222224,0.3685052077885204
0.08848446470919233,0.16439735252019716,0.10644444444444442,0.15852000179321266
0.44428439543008685,0.6551840075312925,0.27544444444444444,0.2353890524365277
0.08339981724109284,0.07309964552973613,0.3111111111111111,0.4628879690371942
0.25224647687535556,0.4094102729132846,0.14622222222222223,0.6012642149464277
0.01210189984623801,0.035650678680871115,0.040000000000000015,0.0
0.44605242327966027,0.6065610620659181,0.35555555555555557,0.5020995531911714
0.05795777109368509,0.0014524635203028004,0.431,0.0
0.14383878344636902,0.45804858836300066,0.11077777777777777,0.3936699592044113
0.3390804687781642,0.5748681543530678,0.2797777777777778,0.5248135805974387
0.36408991236663374,0.3341665145678634,0.3111111111111111,0.09994172058757603
0.5877705137468867,0.5973621264373339,0.5777777777777777,0.25421778568119663
0.36531248481580686,0.42270530936896616,0.28888888888888886,0.08380280637785979
0.2846038943634708,0.31773600130644875,0.5767777777777777,0.10364769348017752
0.19736237831093775,0.15601302606172973,0.46599999999999997,0.0
0.17240936114319927,0.20345248273278327,0.4444444444444444,0.13969126854854375
0.4942970130047225,0.4289685779882613,0.4303333333333333,0.08284642627654328
0.3370679264387561,0.4327188541676674,0.5464444444444445,0.16461692493910546
0.12334345351638482,0.305347793926935,0.2222222222222222,0.21327276259358327
0.582516587016594,0.4733801477439746,0.34644444444444444,0.23018873563561915
0.24019630124812105,0.2444519159646107,0.4036666666666667,0.24841973131696526
0.2667543366055432,0.22208858874725027,0.4444444444444444,0.26443909801401694
0.571958576737581,0.5321703378514684,0.4791111111111111,0.4191933531582958
0.12965694303596084,0.0672513664876704,0.7187777777777777,0.47699457553161273
0.3058264981606554,0.4286534933092538,0.35988888888888887,0.08290620003287556
0.6107109885752172,0.5046273259109119,0.7588888888888888,0.29163615714520535
0.3446854932374502,0.31278686634838,0.4666666666666667,0.41937267442729265
0.5870369702773828,0.6267034265458843,0.47544444444444445,0.2442953421300378
0.31121835614162396,0.21258993842400029,0.3333333333333333,0.2718510437992199
0.5754131276067829,0.4716587094976898,0.4,0.3077750713549216
0.42142542543170125,0.33067752812226825,0.4703333333333333,0.0
0.30931239704137464,0.25318975206294014,0.3111111111111111,0.0
0.026415401905018666,0.0,0.2926666666666667,0.0
0.7473381619720405,0.44729728431589166,0.5945555555555556,0.16043276199584572
0.8319150970456065,0.54672571302318,0.7010000000000001,0.27340516146385924
0.0,0.0,0.040000000000000015,0.0
0.46142548812772427,0.5019145236745791,0.35544444444444445,0.29295117978451557
0.49786441671538667,0.5275900825176035,0.5814444444444444,0.35176855601548135
0.08326188599041692,0.02398486056542331,0.8886666666666667,0.6151317264155172
0.6654069990705314,0.5772889268869059,0.43922222222222224,0.5883530835786547
0.7128051924846276,0.6372472358043787,0.5504444444444445,0.5421479699338005
0.06914274160304326,0.04889192019135632,0.3333333333333333,0.26360226542536497
0.03229628886565653,0.0,0.8310000000000001,0.0
0.5894006103457842,0.48667518419965616,0.5333333333333333,0.1500919021503609
0.577645106026812,0.4538602676298525,0.790888888888889,0.07931977465293863
0.01041537682660945,0.0,0.47988888888888886,0.6346777447361736
0.4351370456693505,0.12777067983361995,0.8175555555555556,0.0
0.6641280002006272,0.3206332433548834,0.5597777777777777,0.0
1.0,0.5102296852035083,0.7555555555555555,0.14453294281145862
0.2581524422452072,0.4540370224497835,0.46599999999999997,0.15857977554954494
0.3778328806158003,0.44257869912295034,0.5111111111111111,0.08087389231757797
0.38414637013537634,0.2587921113555366,0.7545555555555555,0.11954751266456462
0.36417141719657864,0.3197571542473992,0.3948888888888889,0.0
0.0,0.0,0.05766666666666668,0.0
0.44847248976879267,0.39644569112095224,0.6477777777777778,0.08804674307745183
0.16530590173338827,0.173012228743792,0.275,0.0
0.13121180440721691,0.09730737086811596,0.7333333333333333,0.20627923310270624
0.14318047520450658,0.1452540370224498,0.29766666666666663,0.16975746798368174
0.32174501840911973,0.32765732619909904,0.31955555555555554,0.6083772919499693
0.0037257111688262868,0.0,0.17777777777777778,0.0
0.10538731251929861,0.15715040490302504,0.27544444444444444,0.0
0.019857397895607993,0.0,0.30166666666666664,0.0
1.0,0.4878740429783188,1.0,0.14979303336869945
0.0,0.0,0.2528888888888889,0.0
0.9882727088913931,0.44456911209521716,0.768,0.08057502353591654
0.09148133461024234,0.06423884955667203,0.26155555555555554,0.0
0.6916390151081742,0.49870988193930793,0.7198888888888889,0.1472227618464113
0.28952553217168053,0.4525307639842843,0.6311111111111111,0.0
0.7232315411152681,0.42225189483088227,1.0,0.08386258013419207
0.3857200403135428,0.23071883495518697,1.0,0.12899176616506522
0.42270442430160543,0.6367861362741238,0.30166666666666664,0.542446838715462
0.3381839156487706,0.7492175717345989,0.6483333333333333,0.47269086507568847
0.24370100893575067,0.502729132844696,0.14200000000000002,0.21942945949580833
0.7139525297061593,1.0,0.3104444444444444,0.4242143486902075
0.418785922861948,0.738742927405643,0.23977777777777776,0.5316277888193188
0.011775880526458506,0.03654982276486807,0.04866666666666666,0.5673724951060237
0.18013978078335544,0.4318504500523541,0.14644444444444443,0.1648560199644346
0.44493643406964584,0.6799219973294652,0.20433333333333334,0.45637262959697544
0.019230437665262803,0.27674425306679223,0.0,0.0
0.016402847026405994,0.0,0.17777777777777778,0.0
0.23265396967706842,0.348714204747404,0.204,0.3875730360585185
0.24209599074606694,0.7274459889143989,0.1731111111111111,0.3770528549440368
0.3204158627207879,0.401932775530985,0.306,0.609811862101944
0.3609049543964802,0.8728921507411217,0.22655555555555557,0.36814656525052675
0.19031534532185787,0.40373106369897893,0.2751111111111111,0.260434256339754
0.040678747145371695,0.12340560428054065,0.3104444444444444,0.0
0.12392025692830239,0.30747653675827824,0.4755555555555555,0.21225660873593447
0.06960042257119524,0.3119184622330667,0.044333333333333315,0.0
0.0,0.05752985139146392,0.0,0.0
0.1398387771767667,0.48219483376401323,0.07977777777777778,0.45362303680569044
0.5341089876316419,0.44364691303470744,0.4888888888888889,0.1614489158534945
0.5093754065445242,0.44074967098627277,0.4487777777777778,0.16228574844214647
0.05485431795347642,0.09645433673714446,0.502,0.0
0.6245041136428112,0.3820593857770008,0.6655555555555556,0.0
0.39897397958304004,0.408472703868433,0.5111111111111111,0.0
0.0,0.013633176111201847,0.17777777777777778,0.0
0.7395575855134568,0.3986051739209791,0.7366666666666666,0.3506926284015003
0.4557389588384934,0.21005389100759858,0.599,0.13694167575725877
0.7041029844874365,0.4801429408543791,0.8565555555555556,0.6068829480416623
0.5739460406677752,0.6157907376631861,0.9718888888888889,0.43383792345970495
0.27295497328365714,0.5920825368159158,0.07100000000000001,0.06401769303187434
0.09809576504038406,0.18518525634252017,0.27944444444444444,0.0
0.11830896286671294,0.2959721034784196,0.164,0.10902733155008293
0.2543405240447085,0.4486575279301436,0.2,0.3200884651593718
0.24073548704621794,0.45309176841276105,0.13299999999999998,0.3970770633153513
0.3277324886089163,0.4539985974889289,0.35555555555555557,0.3171595510990899
0.0,0.007300742562368516,0.1111111111111111,0.0
0.0,0.0,0.3333333333333333,0.0
0.6711750331897071,0.5334998414970367,1.0,0.0
0.0,0.03740285689583956,0.1731111111111111,0.0
0.4269238666518286,0.4605385258263769,0.35488888888888886,0.3136328994754852
0.3227544243799755,0.466540504711861,0.4888888888888889,0.310405116633542
0.1208168037880937,0.4298292971114037,0.10644444444444442,0.744661456387573
0.37927488914559426,0.72493299647451,0.7731111111111111,0.5942706854555506
0.03430883120506459,0.18968866175467586,0.0,0.29163615714520535
0.03694833377481783,0.17309676365767207,0.0842222222222222,0.7695273390218024
0.01727432174658581,0.2037521974274489,0.0,0.5582868841435167
0.0,0.12718662042863046,0.0,0.18189154051913506
0.21804579631002555,0.46261347371252376,0.2,0.15624859905258595
0.07877285074114536,0.5327390272721161,0.0,0.34901896322419634
0.11736225291889171,0.48562234027224094,0.040000000000000015,0.15039077093202227
0.11395785886811734,0.46875378245708427,0.017555555555555536,0.5412513635888163
0.0,0.0185746260770997,0.02655555555555556,0.31913208505805524
0.21061631758043506,0.2520293182451321,0.7777777777777778,0.48685724532643937
0.13428390953590832,0.3312692725194287,0.37711111111111106,0.10059923190723112
0.6466044617624791,0.7205525509370889,0.4215555555555555,0.3801013165169832
0.4105100478213915,0.751269464644233,0.2132222222222222,0.8383867063165916
0.1442713860053072,0.3163142777548296,0.1731111111111111,0.7280443521271984
0.10214592812841397,0.13126735127138592,0.17777777777777778,0.1790224002151855
0.6834195664883488,0.8520120270127477,0.4262222222222222,0.7989958008936177
0.14884192608452362,0.11815675462780625,0.3333333333333333,0.7545241261823996
0.41170754186135083,0.42521830180885517,0.33266666666666667,0.4171610454429982
0.45682360003699063,0.6600486075754811,0.4303333333333333,0.5848862057113824
0.20781380535079208,0.2671994927905168,0.28888888888888886,0.7021025418789879
0.20489844027968696,0.4013179761573119,0.35044444444444445,1.0
0.0010297821783419737,0.17447237725626574,0.0,0.45960041243891864
0.16149398353288952,0.5885551254094661,0.030888888888888903,0.2573857947668076
0.040484389473964696,0.16656452031239496,0.03099999999999999,0.4720931275123657
0.1007352676101373,0.4414028953208005,0.05322222222222221,0.729419148522841
0.1374437890968481,0.4932304825214461,0.06199999999999998,0.3713145743361377
0.2085473488202959,0.7511541897616693,0.08888888888888889,0.9957112329831586
0.03098594198423509,0.20100097023026162,0.0,1.0
0.19583886495119895,0.6573204353548067,0.15955555555555556,0.8216500545435526
0.06843427654275319,0.28993169963208104,0.04866666666666666,0.9954721379578294
0.11553779864858721,0.5950412588017177,0.017555555555555536,0.6376664325527877
0.36678584135711806,1.0,0.10222222222222221,0.7931379727730539
0.3902404235743316,0.8663368524193318,0.2222222222222222,0.6948101436064495
0.07281045895056262,0.15638190568593363,0.13333333333333333,0.4891286480670661
0.19431535159146016,0.44136447035994597,0.20844444444444443,0.4863192815194488
0.3281400127586407,0.9023487257322359,0.17733333333333334,0.3128558406431656
0.15395792156414037,0.6428803350656588,0.14622222222222223,0.47836937192725526
0.271023935774194,0.5594520600582139,0.26155555555555554,0.7378472481656928
0.18985139475140242,0.34311184545480755,0.26211111111111113,0.9805286988747588
0.7284791982432574,0.9586028684233279,0.4888888888888889,0.5933143053542342
0.1925473237418867,0.26303422703388124,0.2262222222222222,0.7096340351768555
0.017192816916640943,0.10926521868605849,0.1953333333333333,1.0
0.30468543054142716,0.5323086677105449,0.2222222222222222,0.6984563427427187
0.13121180440721691,0.17255112921353719,0.20433333333333334,0.4625891002555328
0.3860460596333223,0.7532906175851835,0.25777777777777783,0.575083309672888
0.22767590544812763,0.27045792947098435,0.3948888888888889,0.5802836264737966
0.008076815167421897,0.0,0.4037777777777778,0.4964808200959368
0.290045909162867,0.3711390119021317,0.20844444444444443,0.4625891002555328
0.33233437669964994,0.41836328879239965,0.24844444444444444,0.42242113600023906
0.40890502963170783,0.4584558929480592,0.20433333333333334,0.39343086417908213
0.27230293464409816,0.3715847414480447,0.3333333333333333,0.3697604566714983
0.26528098006423206,0.39037454730593,0.4,0.44531448467550316
0.20446583772074878,0.34341924514164407,0.29766666666666663,0.48996548065571804
0.5871686319257552,0.7919691831813948,0.5238888888888888,0.7511170220714595
0.02851571867667504,0.07430618930056966,0.4755555555555555,0.2300691881229546
0.46400856427674647,0.5304027896521581,0.37777777777777777,0.6304338080365816
0.19417742034078422,0.19999423625587187,0.4888888888888889,0.42355683737055244
0.4746794273972215,0.6619160606730133,0.4133333333333334,0.5834516355594076
0.5814005978065796,0.6636451839114691,0.6798888888888889,0.7568553026793585
0.01028371517823696,0.04255180165035208,0.22188888888888889,0.0
0.18231533278265324,0.22821352750746887,0.22666666666666666,0.38972489128648063
0.3621275268456533,0.42123747586432153,0.4885555555555555,0.7563771126287003
0.8173006540762602,1.0,0.4176666666666667,0.990092499887924
0.6526420887807032,0.9749104218100081,0.2841111111111111,0.4175196879809919
0.2613938266360919,0.3711928068473281,0.35111111111111115,0.5550591013015735
0.33679833353970773,0.4168877702955841,0.35555555555555557,0.5082562500933965
0.5008550170141332,0.949188753013958,0.2837777777777778,0.9404802821321299
0.12555035352719987,0.3583742399062432,0.12866666666666665,0.569763445359315
0.13635287829604748,0.31646797759824785,0.2573333333333333,0.415846022803688
0.5396575856701968,0.8446651744973538,0.49322222222222223,0.8523737652983457
0.2265599162381132,0.6183037301030752,0.102,0.5558959338902254
1.0,1.0,0.7277777777777777,0.5177005035938971
0.9324105523676369,0.9300146975475271,0.6344444444444444,0.47878778822158125
0.6692941524986716,0.5736385556057216,0.4303333333333333,0.3943274705240664
0.6886170667979102,0.6828807193152674,0.4616666666666666,0.4546989644196715
0.4751935347861046,0.3187427352808385,0.3595555555555556,0.31028556912087746
0.10124937499902036,0.08218330627575675,0.45688888888888884,0.2213422196984414
0.6955825949570453,0.6920950249281935,0.7195555555555556,0.2809964285180591
0.572152934408988,0.5330464269589527,0.45688888888888884,0.34883964195519956
0.04339975454506982,0.0,0.3328888888888889,0.4891884218233984
0.05357531908357222,0.04993707912660066,0.21277777777777776,0.7861444432821769
0.49304309254403217,0.4592013371886378,0.33266666666666667,0.39289290037209157
0.06391389328196438,0.13446430801448625,0.2797777777777778,0.17681077123089106
0.48899292945600226,0.7488948020634205,0.37777777777777777,0.6304935817929138
0.38025294710493274,0.2609362241712217,0.5598888888888889,0.1188900013449095
0.3141525300196395,0.5039126216390168,0.37777777777777777,0.1459675129634334
0.4948173899959091,0.15973256227245222,0.8264444444444444,0.0
0.20571348857913568,0.36443001373692363,0.16433333333333333,0.28135507105605284
0.6425229506629321,0.7549813158627846,0.35555555555555557,0.5217651190244923
0.45274208893744344,0.6072373413769586,0.302,0.6270267039256413
0.038659935203660185,0.0,0.35555555555555557,0.0
0.5261089750924375,0.6830574741351985,0.3238888888888889,0.3409495061193383
0.6094006416937957,0.7037147330906157,0.35488888888888886,0.6648634916839761
0.0,0.0,0.164,0.9715028616685843
0.4965039130155376,0.5631562262845946,0.37777777777777777,0.26688982202364053
0.7075826137658522,0.6534471993006659,0.43922222222222224,0.4128573349870739
0.7529996128520577,0.6671802803100896,0.4176666666666667,0.6955274286824369
0.0,0.0,0.5856666666666666,0.0
0.06043426400354859,0.01358706615817636,0.4,0.0
0.4428674653095067,0.5141182912419909,0.3506666666666667,0.21548439157787772
0.4185664867813272,0.5640246303999079,0.24388888888888893,0.3998266561066363
0.6269806065526747,0.8309628334566137,0.4036666666666667,0.43228380579506565
0.6416514759427521,0.5935042603675349,0.43922222222222224,0.3833888731152587
0.22933735005854236,0.21689353403971226,0.28888888888888886,0.4026360226542536
0.42749440046144266,0.2371434884100712,0.4703333333333333,0.1267203634244385
0.3346478599496237,0.3626086705924169,0.8222222222222222,0.2824309986700339
1.0,0.8109050038905273,1.0,0.34346000388529413
0.789325688598258,0.5177917174996879,1.0,0.3570884203290545
0.9213885915181683,0.5269675981517595,1.0,0.3520674247971428
1.0,0.411431425854235,0.8474444444444444,0.0
1.0,0.5162393490811632,1.0,0.21476710650189032
0.3569864529568228,0.21521052075428204,0.7111111111111111,0.1348495942856289
0.0,0.0,0.24444444444444444,0.8221880183505431
1.0,0.8104439043602726,0.9720000000000001,0.4417878330518985
0.9839466833020113,0.8721390215083721,0.599,0.4144712264080455
0.577105920228715,0.38038405748374154,0.5242222222222223,0.3633048909876119
0.8362662010442022,0.45507449639285685,0.7244444444444444,0.5539831736875924
0.21082948405875243,0.04360464557776733,0.8254444444444445,0.0
0.23594551088638066,0.41248426978165026,0.28888888888888886,0.6832738086343191
0.2058263414205978,0.3292404345863073,0.33299999999999996,0.50520778852045
0.40975142594267383,0.5440667057320436,0.5056666666666666,0.20586081680838025
0.2367104023674018,0.2714646634453742,0.4,0.810293040840419
0.19301127431234216,0.23808105745492278,0.275,0.6319281519448885
0.650359953542247,0.7507238302000981,0.3552222222222222,0.576756974850192
0.011995316607079325,0.0,0.13333333333333333,0.0
0.33336886107971947,0.25780074736548864,0.4,0.599411228500127
0.6476891029609765,0.2249858307956849,0.711,0.2622274690297225
0.36797706579477396,0.24041729507488072,0.3111111111111111,0.0
0.5417014760211223,0.3160606730131894,0.6666666666666666,0.20813221954900699
0.06421483419253009,0.25514174007435236,0.15533333333333335,0.3621691896172985
0.559902131508043,0.5987531100202693,0.5018888888888889,0.5074791912610768
0.06630888136188301,0.23871122681293774,0.08855555555555554,0.5046698247134596
0.3014189677413287,0.22364095716577492,0.3333333333333333,0.5264872457747426
0.7924542201476803,0.8298561945840021,0.47477777777777774,0.33664579566341396
0.10027131703968185,0.18156562503001952,0.30166666666666664,0.1496734858560349
0.2978829120421818,0.6325978155409755,0.26155555555555554,0.7272672932948788
0.3879833667450889,0.49446008126879226,0.5333333333333333,0.14823891570406011
0.046634869333651,0.10546883255362687,0.15555555555555556,0.0
0.2803029471833028,0.42963717230713083,0.3908888888888889,0.2483001838043007
0.30705534021213193,0.34405709949183,0.42144444444444445,0.48930796933606296
0.04478533665413269,0.05167388735722727,0.35088888888888886,0.2594778762384375
0.5314444066526749,0.6241827491138245,0.45688888888888884,0.4902643494373794
0.33477952159799623,0.3566143766991038,0.275,0.28589787653730625
0.1544218721345958,0.024599659939096435,0.6666666666666666,0.0
0.45943802419753,0.3417823418092394,0.4393333333333333,0.19665565833320878
0.5692124909286692,0.45168541484548375,0.5325555555555556,0.23879615654746783
0.2675443064957782,0.14367861362741238,0.5111111111111111,0.17071384808499826
0.5783849190986193,0.5053036052219523,0.6222222222222222,0.5826745767270879
0.2937449745219036,0.3801765626951269,0.35555555555555557,0.7269086507568852
0.8574950744436902,0.5706644636355779,0.6,0.5279815896830496
0.11297980090877884,0.06363942016734071,0.4171111111111111,0.9721603729882394
0.9188807505967876,0.6715914658161943,0.5464444444444445,0.28816927927793295
0.3666479101064421,0.4673243739132942,0.26199999999999996,0.154993350169608
0.005111293277889154,0.0,0.35488888888888886,0.0
0.5781654830179983,0.5663070730746694,0.4176666666666667,0.5313289200376574
0.05597030716349084,0.06851170520370034,0.24444444444444444,0.7108295103035012
0.37450999139497076,0.4508938606518796,0.386,0.3188332162763938
0.476253097575388,0.497349638325056,0.3333333333333333,0.36886385032651414
0.27249102271320175,0.21069174535778448,0.3237777777777778,0.13670258073192962
0.293362528781393,0.2423001181567547,0.3822222222222222,0.37484122595974234
0.2762465144929694,0.28554356910248907,0.647888888888889,0.44716747112180394
0.33962592417856446,0.3108809882899932,0.5278888888888889,0.5264872457747426
0.15355039741441598,0.25393519630351885,0.11077777777777777,0.24220326065840792
0.26288599198431345,0.24048646000441892,0.5153333333333333,0.5022191007038359
0.15333096133379517,0.25145294383231354,0.14622222222222223,0.7314514562381386
0.2181273011399704,0.2380426324940682,0.26155555555555554,0.505626204814776
0.9050876255291935,0.47369523242298206,0.7643333333333334,0.1533794587486364
0.1911554720305204,0.24258446286707852,0.26644444444444443,0.37454235717808093
0.664153078609841,0.35868163959307975,0.6167777777777779,0.3796231264663249
0.4219395328205843,0.49811045254997655,0.4791111111111111,0.5894290111926358
0.15373848548351957,0.34181308177792297,0.3814444444444444,0.19665565833320878
0.5212939205233863,0.38572512704252687,0.8888888888888888,0.2696394148149255
0.13107387315654098,0.19582897049923634,0.37266666666666665,0.2860174240499708
0.12585129443776558,0.3697326583348544,0.15555555555555556,0.5566729927225451
0.33459143352889265,0.6610860815185546,0.1821111111111111,1.0
0.2719518369151048,0.41452847769911344,0.29766666666666663,0.2552339395388455
0.048973430992838546,0.06235602647479805,0.40399999999999997,0.4894275168487276
0.4577515011779015,0.5430599717576539,0.36866666666666664,0.618479056770125
0.38109934341589874,0.7387045024447882,0.17777777777777778,1.0
0.10927446594743878,0.18746001402511075,0.26155555555555554,0.7342010490294236
0.26395182437590026,0.4873745184872094,0.1862222222222222,0.8995950328008486
0.21855990369890857,0.39372520389244864,0.19511111111111112,0.8849504624994395
0.05281042760255109,0.10148032161692239,0.13333333333333333,0.4050269729075449
0.40071692902339967,0.5917597671447373,0.2,0.7046130396449438
0.753269205751106,0.4513857001508181,0.5545555555555555,0.15929706062553234
0.9766551358230968,0.9481359090865428,0.6743333333333333,0.5990525859621333
0.08772584283047465,0.09115169213921366,0.7555555555555555,0.0
1.0,0.5220492031623745,1.0,0.1419028975328382
0.7700341223105365,0.514287361069751,0.7777777777777778,0.3590609542880198
0.43704300476959995,0.5382337966743198,0.23099999999999998,0.27687203933113164
0.0,0.0,0.33266666666666667,0.45589443954631714
0.4976449806347658,0.6808903063430006,0.4,0.22791733289499244
0.41962604957061056,0.45701111441992726,0.23066666666666663,0.157742942960893
0.4921778874261558,0.6419350810286364,0.3774444444444444,0.718420777357701
0.808347661986931,0.6230530552647001,0.47988888888888886,0.49104140826969916
0.44972641022948306,0.30749959173479097,0.47077777777777774,0.21225660873593447
0.28234683753422807,0.22432492146898628,0.5777777777777777,0.656794034579118
0.6848364966089286,0.6349263681687626,0.45255555555555554,0.6041931290067096
0.3236258991001553,0.3377707758960221,0.4222222222222222,0.39671842077735764
0.4738643790977728,0.3270194718489131,0.6751111111111112,0.5077182862864059
0.0,0.009621610197984621,0.0,0.0
0.04072890396379932,0.2080788480196736,0.0,0.13777850834591074
0.24373235694726791,0.4707903053823765,0.24444444444444444,0.1540967438246238
0.0841082823013829,0.22614626461349296,0.07544444444444444,0.2613906364410705
0.18108649073117666,0.29830065610620665,0.2751111111111111,0.0
0.0,0.002589842361598098,0.0,0.0
0.10944374520963197,0.46069991066196614,0.017555555555555536,0.2351499574111986
0.2587794024755525,0.45075553079280306,0.27944444444444444,0.15947638189452917
0.02557527519635611,0.1747797769431023,0.0,0.1530208162106427
0.17834040492226474,0.41853235862015975,0.1111111111111111,0.1689206353950298
0.15341246616374007,0.4961738345229062,0.0711111111111111,0.0
0.10715534036887205,0.12310588958587501,0.275,0.0
0.2638389715344381,0.27732831247178175,0.271,0.11404832708199464
0.599607522895804,0.48390090202595615,0.5732222222222223,0.22618389396135624
0.06922424643298813,0.08013909835829358,0.07977777777777778,0.0
0.000484326777941664,0.0,0.2,0.0
0.0,0.007008712859873779,0.03977777777777776,0.0
0.20574483659065293,0.2995609948222365,0.26199999999999996,0.3243324018589638
0.19730595189020672,0.23526066532819725,0.44811111111111107,0.3821336242322808
0.2940208370232555,0.5317015533290427,0.4081111111111111,0.5593030380011655
0.0391803121948467,0.0,0.23955555555555558,0.36844543403218816
0.23513046258693193,0.4682773129424876,0.13333333333333333,0.3095085102885578
0.004810352367323462,0.0,0.15555555555555556,0.0
0.1991304061605112,0.3778787500360235,0.26155555555555554,0.18254905183879017
0.2693123343453516,0.2997223796578258,0.2,0.10807095144876641
0.09479795422876837,0.30698469725933974,0.044444444444444446,0.2124957037612636
0.16786389947319663,0.4291530178003632,0.13333333333333333,0.4141723576263841
0.12876038990656724,0.3018357525048272,0.23955555555555558,0.21506597528355173
0.31946288317066324,0.19275497363087066,0.4,0.0
0.40773888360326577,0.2151951507699402,0.4975555555555556,0.26975896232759
0.29894247483146524,0.226591994159406,0.4262222222222222,0.5220639878061537
0.37690497947488943,0.3372712514049127,0.5278888888888889,0.2978526278037627
0.0,0.0,0.24444444444444444,1.0
0.04230884374426919,0.0031662167744166653,0.7986666666666666,0.0
0.42820286552173276,0.2193681015187466,0.6124444444444445,0.13323570286465727
0.32057887238067767,0.1847933217418035,0.9326666666666666,0.14811936819139557
0.027587817535764166,0.0,0.7056666666666668,0.0
0.44493643406964584,0.18580774070836423,1.0,0.1476411781407373
0.05825244240194733,0.10602983698210362,0.3282222222222222,0.3970172895590191
0.5406105652203216,0.22404057675866249,0.9555555555555556,0.2629447541057099
0.3521964767969855,0.24832515201875144,0.3683333333333333,0.3688040765701818
0.3787043553359801,0.45383721265333965,0.5111111111111111,0.3172193248554222
0.3392685568472677,0.3761188868288841,0.28888888888888886,0.09157339470105649
0.21461632385003734,0.3720612109626414,0.35555555555555557,0.36940181413350465
0.017299400155799612,0.0,0.6615555555555557,0.0
0.05270384436339243,0.10599141202124904,0.0931111111111111,0.0
0.3702403922263201,0.27745895733868725,0.5508888888888889,0.45613353457164624
0.29314936230307564,0.5901536037810162,0.11988888888888888,0.2567880572034848
0.48651643654613874,0.535428774531936,0.306,0.3475843930722216
0.04032137981407495,0.08775492559966956,0.04877777777777778,0.43108833066841995
0.4022655207923523,0.432396084496489,0.24444444444444444,0.08236823622588503
0.6320966020322916,0.48005840594049903,0.4036666666666667,0.15176556732766477
0.5098895139334074,0.5002776203421744,0.35044444444444445,0.2202662920844603
0.1103904551574532,0.2244325113593791,0.1108888888888889,0.7879376559721453
0.19673541808059258,0.20632666980470518,0.3333333333333333,0.2769915868437962
0.19507397347017782,0.25644050375123684,0.19511111111111112,0.36091394073432054
0.18236548960108084,0.30586268840238623,0.4444444444444444,0.10651683378412706
0.13265381293701087,0.186092085418688,0.1108888888888889,0.2949834874998132
0.057167801203450164,0.11054092738643027,0.08888888888888889,0.19474289813057574
0.80970816568678,0.998641677633791,0.4081111111111111,0.24519194847502201
0.04040288464401982,0.0,0.2,0.0
0.6661969689607663,0.39397880863408874,0.4973333333333333,0.0
0.5584350445690354,1.0,0.35555555555555557,0.2425021294400693
0.6731624971199013,0.4515086600255527,0.8888888888888888,0.15923728686920008
0.4559583949191143,0.572163037108906,0.5777777777777777,0.1317413589563502
0.5154945383926932,0.4523924341252078,0.8785555555555555,0.15899819184387093
0.20272288828038912,0.29266755684492657,0.2932222222222222,0.4395164303112718
0.2627543303359409,0.26566249435633393,0.35488888888888886,0.4698814985280712
0.29244089724278566,0.38791534981123743,0.33266666666666667,0.26850371344461216
0.24280445580635704,0.20830171279263016,0.28888888888888886,0.4130366562560708
0.0,0.0,0.08888888888888889,0.0
0.6014570555753221,0.572977646279023,0.3994444444444445,0.3946861130620601
0.4107859103227434,0.6658354066801796,0.22188888888888889,0.40640176930318744
0.1172494000774296,0.18101999058588464,0.2487777777777778,0.5997100972817884
0.30003338563226584,0.43002142191567655,0.20433333333333334,0.16539398377142514
0.48879857178459524,0.5370887328408536,0.5064444444444445,0.6240977898653596
0.0,0.0,0.15555555555555556,0.49791539024791165
0.9276707330262272,0.9667259051479844,0.6397777777777778,0.4627086477681973
0.038145827814777135,0.010274834532512326,0.5458888888888889,0.33867810337871157
0.643964959192726,0.6778777894120022,0.49699999999999994,0.6862624964509332
0.81746366373615,0.48283268811419905,0.5856666666666666,0.3776505925073596
0.025086246216686862,0.05262682638642065,0.1731111111111111,0.0
0.4289865658096642,0.2397563857481821,0.5597777777777777,0.12582375707945426
0.7824416652690678,1.0,0.5242222222222223,0.4405325841689206
1.0,0.45455960191740563,0.9111111111111111,0.07920022714027405
0.5946294586668629,0.2435066619275882,1.0,0.12450873444014406
0.47500544671700107,0.40084150664271523,1.0,0.2618688264917288
0.7554196793411901,0.45093228561273413,0.6444444444444445,0.23915479908546153
0.13501745300541224,0.08222173123661132,0.5062222222222222,0.0
0.9162725960385517,0.39434768825829264,0.9275555555555556,0.17675099747455877
0.612667104493894,0.4425479591542667,0.9777777777777777,0.0
0.30281081945269506,0.30928250991844314,1.0,0.0
0.6941155080180375,0.40758124477660695,0.5111111111111111,0.0
0.5185979915329021,0.36016484308206614,0.37777777777777777,0.0
0.4611245472171586,0.30910575509851207,0.4666666666666667,0.10573977495180739
1.0,0.5700650342462464,1.0,0.2642000029886878
0.3459394136981406,0.23638267418515074,0.5111111111111111,0.1269594584497676
0.36667298851565594,0.3136936954245479,0.5111111111111111,0.10460407358149404
0.01077274415790621,0.0,0.43922222222222224,0.0
0.45992705317719934,0.4379907587969145,0.33766666666666667,0.16306280727446612
0.0,0.0,0.2573333333333333,0.7031186957366368
0.6435260870314843,0.42138349071556896,0.746,0.16802402905004557
0.4596825386873647,0.41383682840373115,0.652888888888889,0.25559258207683916
0.2225599099685109,0.10191068117849358,0.364,0.0
0.44311197979934136,0.36025706298811716,0.422,0.378367877583347
0.7968115937485795,0.7585548372222598,0.6928888888888889,0.8315127243383792
0.2839769341331256,0.26049049462530866,0.4176666666666667,0.11906932261390635
0.6063034581558905,0.7131134785156439,0.4791111111111111,0.3835084206279233
0.5584099661598216,0.6805675366718222,0.5593333333333333,0.6269669301693092
0.30808982459220147,0.25654040864945876,0.6036666666666667,0.2405893692374363
0.0,0.0,0.21755555555555553,0.0
0.503764112482935,0.5298187302471686,0.5198888888888888,0.35057308088883576
0.6043159942256963,0.511866588535913,0.6392222222222222,0.2162614504101974
0.0,0.013710026032910985,0.1111111111111111,0.0
0.26523082324580444,0.21014611091364954,0.6353333333333334,0.2738235777581852
0.44512452213874937,0.5774042017694696,0.4444444444444444,0.5229008203948057
0.6051059641159311,0.6152758431877349,0.4176666666666667,0.3101062478518806
0.21344390821929185,0.19685875945013886,0.26211111111111113,0.0
0.9362475489773494,0.8334450859278191,0.7777777777777778,0.6707213198045398
0.16462878468461548,0.10464653839133904,0.7777777777777778,0.39940823981231033
0.8123225898473193,0.38570975705818505,0.7942222222222223,0.3595391443386781
0.8345295212061461,0.8715319071268699,0.6888888888888889,0.368624755301185
0.5027860545235965,0.37941574847020637,0.639,0.5460332640953989
0.2512684189160171,0.17745415421858043,0.8390000000000001,0.303411587142665
0.19687334933126854,0.228920546787193,0.3908888888888889,0.5186568836952136
0.34117451594751713,0.33580341790026813,0.3597777777777778,0.09958307804958232
0.6514195163315303,0.9319436305824265,0.3111111111111111,0.39103991392579085
0.0,0.045433673714444914,0.02655555555555556,0.26892212973893814
0.19175735385165177,0.329985878826886,0.5013333333333333,0.5044307296881304
0.6614571496193568,0.7479188080577144,0.6837777777777778,0.368206339006859
0.2571994626950826,0.212881968126495,0.4444444444444444,0.0
0.7310371959830658,0.6407515922343155,0.4885555555555555,0.4197313169652863
0.7989871457478773,0.8641466296506213,0.3333333333333333,0.2785457045084356
0.7436140182037901,0.6839028232739989,0.7333333333333333,0.4541012268563486
0.6555010274310773,0.5876252413567855,0.5062222222222222,0.25768466354846903
0.7174885854053062,0.5938270300387133,0.7555555555555555,0.5109460691283492
0.05232139862288186,0.22246515336362507,0.2573333333333333,0.5282804584647111
0.5819209747977662,1.0,0.4,0.6397585140244175
0.37682347464494453,0.2867962228263481,0.4882222222222222,0.22289633736308073
0.06296091373183971,0.0,0.43922222222222224,0.0
0.7626046435809459,1.0,0.5056666666666666,0.6426276543283671
0.5308425248315436,0.7625279781746224,0.7817777777777778,0.5173418610559033
0.5675510463182543,0.6337659343509545,0.4,0.7261315919245654
0.5154381119719623,0.7059356958280101,0.5545555555555555,0.4973176526845887
0.027807253616384985,0.0,0.15966666666666668,0.8247582898728312
0.4550304937782033,0.6674262000595588,0.4666666666666667,0.34764416682855387
0.39347553836291277,0.5344681505105718,0.2222222222222222,0.27848593075210326
0.5787109384183987,0.7624203882842296,0.6487777777777778,0.46569733558481147
0.6873944943487371,0.8187436959048601,0.533,0.4379025388903002
0.25987031327635307,0.26636951363605804,0.45288888888888884,0.2345522198478758
0.7450246787220669,1.0,0.35555555555555557,0.1936071967602624
0.05166935998332285,0.12886963371406068,0.08888888888888889,0.5420284224211359
0.6583850444906654,0.7002795415902171,0.5777777777777777,0.44507538965017407
0.0019827617284666667,0.0,0.18644444444444447,0.0
0.4441464641794109,0.6708383365834447,0.26666666666666666,0.46157294639788393
0.33771996507831514,0.4411262356026476,0.29733333333333334,0.4054453892018709
0.29666033959300875,0.27366257120625564,0.306,0.23024850939195143
0.21200189968949792,0.417971354191683,0.24444444444444444,0.5072400962357477
0.33481086960951345,0.3797385181413847,0.41277777777777774,0.3637830810382701
0.0,0.0,0.02655555555555556,0.0
0.0,0.0,0.022222222222222223,0.0
0.2961963890225533,0.5739766952612418,0.2,0.328397017289559
0.34814004410665217,0.6768249454845868,0.23099999999999998,0.34357955139795865
0.2986164555116857,0.22260348322270154,0.3104444444444444,0.26402068171969095
0.23725585776780211,0.283307236380753,0.23977777777777776,0.22480909756571377
0.653732999581504,0.591705972199541,0.342,0.3203275601847009
0.0,0.0,0.07977777777777778,0.0
0.0,0.0,0.1108888888888889,0.48105919096220795
0.5234694725226842,0.6005360282039215,0.5817777777777777,0.5062837161344311
0.2777198710342806,0.34831458515451647,0.26155555555555554,0.3879316785965122
0.7630435157421877,0.9081201548525923,0.5506666666666666,0.533361227752955
0.2578515013346416,0.2241097416882007,0.34155555555555556,0.3943274705240664
0.2801650159326268,0.36857990950921726,0.20422222222222225,0.3719720856557928
0.5704350633778421,0.7783821170232185,0.37777777777777777,0.5591237167321687
0.27010230423558657,0.46664809460225376,0.2262222222222222,0.38799145235284443
0.0,0.0,0.13333333333333333,0.0
0.5166669540234389,0.6668651956310822,0.6301111111111111,0.5218248927808246
0.8059526739070124,0.8109050038905273,0.6569999999999999,0.4906229919753732
0.015286857816391572,0.013456421291270806,0.3065555555555556,0.33090751505551486
0.14601433544566683,0.3222470917107754,0.07977777777777778,0.10263153962252872
0.20356928459135515,0.41848624866713424,0.4703333333333333,0.5067619061850893
0.22800192476790715,0.4801736808230628,0.21755555555555553,0.1517057935713325
0.07101735269177537,0.17396516777298537,0.03977777777777776,0.15343923250496866
0.25681701695457204,0.5914446824657299,0.1111111111111111,0.32044710769736545
0.20533731244092857,0.37558093737692017,0.3333333333333333,0.8252962536798217
0.0,0.0,0.14644444444444443,0.47125629492371374
0.18410843904144047,0.4685847126293241,0.06199999999999998,0.30938896277589323
0.174722844393173,0.325590063305123,0.13333333333333333,0.6111866584975866
0.07101735269177537,0.3239762149492311,0.022222222222222223,0.7156114108100837
0.0797822567120011,0.22867462703772376,0.07977777777777778,1.0
0.1805723833422936,0.7724339330829308,0.1907777777777778,1.0
0.07918037489086972,0.3581283201567739,0.0,0.19002077138032544
0.08059730501144986,0.25908414105803135,0.11988888888888888,0.9559019112658586
0.35061653701651563,0.9707835810142269,0.13333333333333333,0.5866794184013508
0.10949390202805959,0.3842957184987369,0.11077777777777777,1.0
0.014333878266266878,0.04001575423395038,0.1111111111111111,0.0
0.07294839020123856,0.15537517171154386,0.06666666666666667,0.16360077108145665
0.07681673482246837,0.13630870613550566,0.07100000000000001,0.35111104469582627
0.23450350235658676,0.35054323288408157,0.27944444444444444,0.0
0.20307398600938242,0.2042901468794129,0.19988888888888892,0.4180576517879825
0.0014623847372801548,0.0,0.18644444444444447,0.0
0.04876026451452117,0.13242778508919395,0.11077777777777777,0.35637113525306713
0.20212100645925776,0.2729478669343606,0.2,0.5766374273375273
0.3241713545005556,0.42730861967934375,0.34155555555555556,0.4156069277783589
0.1964093987608131,0.17531004140289536,0.7497777777777779,0.30556344237062716
1.0,1.0,1.0,0.3572677415980513
0.5650996318176048,0.2996378447439457,0.8254444444444445,0.5404145310001643
0.7011876194163312,0.4142518179809605,1.0,0.5958845768765223
0.8475075979742913,0.5039049366468459,0.6487777777777778,0.43802208640296475
0.0,0.0,0.5684444444444444,0.0
0.6089116127141264,0.5825838864926658,0.4791111111111111,0.38930647499215465
0.6197705639037052,0.7038607479418632,0.47100000000000003,0.7755644884113629
0.08220232320113353,0.1776539640150242,0.06666666666666667,0.0
1.0,1.0,1.0,0.6080186494119757
1.0,0.8690112296948099,0.7723333333333334,0.7391024970486707
0.07970075188205625,0.0,0.5688888888888889,0.0
1.0,1.0,0.5996666666666667,0.8301977016990689
0.7687551234406321,0.8506671533828377,0.6477777777777778,0.8000717285075987
0.3865664366245088,0.611056782485903,1.0,0.6237989210836982
0.6640715737798961,0.731034880258216,0.679,0.8045547602325198
0.17986391828200357,0.23139511426622741,0.6,1.0
0.03839034230461176,0.0011604338178080413,0.2926666666666667,0.7261315919245654
1.0,0.8520120270127477,1.0,0.5639653909950836
1.0,1.0,0.7323333333333333,0.7523722709544374
1.0,1.0,0.7421111111111112,0.8417938104275318
0.4036824509129324,0.6394067186044056,0.2222222222222222,0.7808245789686038
0.41130001771162644,0.37223028079040155,0.35555555555555557,0.3692822666208401
1.0,1.0,0.7953333333333333,0.5194937162838655
0.32321837495043093,0.2724099174823966,0.49322222222222223,0.5774144861698471
0.1153434409771802,0.1270790305382377,0.25300000000000006,0.5459137165827344
0.555168581768937,0.7137513328658299,0.8666666666666667,0.7116663428921531
0.45543801792792776,0.37889316900258413,0.5191111111111111,0.6376664325527877
0.050170925032797846,0.17271251404912635,0.14644444444444443,0.6164467490548273
0.9864482546210885,1.0,0.6923333333333334,0.660619554984384
0.6365041324516183,0.3832812995321762,0.6888888888888889,0.18063629163615713
0.4694004222577151,0.45457497190174745,0.7732222222222223,0.5544613637382506
1.0,1.0,0.8888888888888888,0.5903853912939524
0.6152251022337025,0.4955974601100876,0.6882222222222222,0.5178200511065616
0.8232630458668431,0.9858154257005354,0.7732222222222223,0.5374258431835502
0.3966354179238525,0.5457112940566193,0.3333333333333333,0.8898519105186866
0.6299461284422075,0.5818768672129416,0.8222222222222222,0.5845275631733886
0.4287984777405606,0.38979048790094056,0.4444444444444444,0.6241575636216918
0.17088584778346044,0.17493347678652055,0.7010000000000001,0.6118441698172417
0.0391803121948467,0.029671754771899844,0.15555555555555556,0.5925970202782467
0.14930587665497908,0.1617383452290608,0.4444444444444444,0.47998326334822694
0.6847236437674666,0.474509841593099,0.9273333333333332,0.6126212286495614
0.332848484088533,0.42442674761525095,0.33766666666666667,0.7519538546601113
0.5469804811606287,0.47135130981085327,0.7551111111111111,0.8468148059594435
0.3004158313727764,0.40078771169751876,0.3333333333333333,0.6984563427427187
0.432854910430894,0.5739305853082164,0.35088888888888886,0.788296298510139
0.10094843408845468,0.12100788672321541,0.2797777777777778,0.5593628117574978
0.08151893655005729,0.19188656951555735,0.09744444444444444,0.2896038494299078
0.07324933111180425,0.12805502454394377,0.151,0.9062896935100643
0.16481687275371903,0.2333394172854687,0.40399999999999997,0.3841659319475784
0.20974484286025522,0.5456267591427393,0.27066666666666667,0.5477069292727027
0.03098594198423509,0.053964015024159706,0.030888888888888903,0.7684514114078212
0.48526251608544835,0.7513002046129167,0.24444444444444444,0.47161493746170735
0.01506742173577075,0.0,0.17777777777777778,0.5031157070488201
0.1701773827231704,0.24418294123862866,0.26666666666666666,0.24859905258596213
0.4869490391050769,0.48695952890998,0.5502222222222222,0.2250481925910429
0.0,0.0,0.06666666666666667,0.8380878375349302
0.03030882493546228,0.09197398630150148,0.06666666666666667,0.21136000239095024
0.6253505099537773,0.9128310550533628,0.3998888888888889,0.6636680165573304
0.34299897021782166,0.6678488746289591,0.17733333333333334,0.6949296911191141
0.7817645482202951,0.5711947280953709,1.0,0.3297120399288692
0.9082412354878299,1.0,0.6127777777777779,0.45386213183101953
1.0,0.9717518900277623,1.0,0.5442998251617627
0.19551284563141946,0.2824311472732688,0.2837777777777778,0.450574575232744
0.023562732856948054,0.0,0.235,0.8338439008353382
0.7082346524054112,0.9072363807529374,0.5243333333333333,0.9342040377172401
0.1574438204448596,0.2020691841420187,0.3862222222222222,0.7014450305593329
0.3010929484215492,0.5067253287735715,0.235,0.5087344401440547
0.2508608947662927,0.3987050788192011,0.19555555555555557,0.8765223628565877
0.6239085014239834,0.5196745405815619,1.0,0.6409539891510632
0.2742653201650786,0.2393260261866109,0.4444444444444444,0.37788968753268876
0.9044606652988483,1.0,1.0,0.8218293758125494
0.7694635885009223,1.0,1.0,0.9129843542192799
0.586165495557203,1.0,0.4081111111111111,0.776221999731018
0.30038448336125917,0.30992804926079986,0.422,0.8442445344371553
0.3278704198595922,0.4739872621254768,0.36433333333333334,1.0
0.4010993747639102,0.4173719248023517,0.3592222222222222,0.6771171117320939
0.12805192484627717,0.0522886867309004,1.0,0.25858126989345326
0.3519770407163647,0.5292730958030338,0.3333333333333333,0.8420329054528609
1.0,1.0,1.0,0.9247597842167395
0.1455754632844252,0.4721659189809701,0.0711111111111111,0.4612740776162225
0.3677889777256704,0.5420916627441187,0.33299999999999996,0.6193756631151093
0.08287944024990636,0.08263672081384071,0.1862222222222222,0.22086402964778312
0.20065391952025002,0.5018223037685281,0.15555555555555556,0.29295117978451557
0.09722429032020424,0.19389235247216596,0.07977777777777778,0.7194369312153498
0.06279790407194995,0.12041614232605503,0.35555555555555557,0.3737652983457613
0.3036760245705714,0.5254382847097476,0.36866666666666664,0.3529042573857948
0.3467293835883755,0.6125323009827185,0.26666666666666666,0.560259418102482
0.829357099305798,1.0,0.5461111111111112,0.3493178320058578
0.4870869703557528,0.4672321540072432,0.7331111111111112,0.775146072117037
0.5509554090210174,0.7259935253940961,0.23099999999999998,0.4316262944754105
0.2999769592115348,0.5677518516028013,0.13333333333333333,0.3976748008786742
0.08435279679121753,0.09774541542185806,0.1907777777777778,0.4117814073730928
0.33989551707761295,0.5796482194833765,0.4258888888888889,0.5863805496196893
0.2058263414205978,0.3069155323298015,0.3237777777777778,0.5313289200376574
0.63536306483239,0.659879537747721,0.7020000000000001,0.4095100046324661
0.6244790352335975,0.9567507853101377,0.5326666666666666,0.5518313184596303
0.31943153515914596,0.45495153651812226,0.15533333333333335,0.07914045338394178
0.26710543433453654,0.48110356487574335,0.2,0.302993170848339
0.3244973738203351,0.574860469360897,0.24444444444444444,0.39361018544807896
0.06271639924200509,0.2047128214488132,0.15555555555555556,0.1391533047415532
0.09724936872941806,0.3398534087743399,0.16444444444444445,0.19749249092186075
0.033926385464554024,0.07641187715540017,0.03099999999999999,0.2276782378696633
0.11904877593852026,0.2318715837808241,0.29733333333333334,0.5143531732392892
0.14185131951617477,0.24947790084438856,0.0931111111111111,0.12253620048117873
0.1925473237418867,0.3688104592743447,0.28855555555555557,0.8365934936266232
0.17382629126377938,0.4691841420186554,0.057555555555555554,0.5408329472944904
0.37078584762672034,0.5392097906800258,0.2926666666666667,0.34561185911325626
0.16946891766288033,0.2413318091432195,0.15955555555555556,0.12528579327246372
0.388359542883296,0.7209521705299764,0.1907777777777778,0.2713728537485617
0.017543914645634238,0.023185621379648236,0.23955555555555558,0.618479056770125
0.646629540171693,0.8243691101739691,0.46599999999999997,0.33855855586604694
0.5207735435321998,0.8697413039510467,0.17777777777777778,0.6924191933531583
0.17910529640328587,0.33560360810382434,0.35555555555555557,1.0
0.039725767595247014,0.13730007012555362,0.18177777777777776,1.0
0.132572308107066,0.3870008357428987,0.2,1.0
0.4534505539977335,0.5841208849268487,0.8175555555555556,0.5827343504834203
0.11529328415875259,0.08290569553982269,0.5684444444444444,0.8822606434644868
0.32996446702894516,0.5657844936070473,0.3333333333333333,0.46521914553415317
0.24547530638762755,0.6135236649727664,0.1731111111111111,1.0
0.8001282133671056,0.5562935282759682,0.533,0.4717344849743719
0.7222534831559296,0.8094602253623957,0.7333333333333333,1.0
0.05469130829358666,0.1574501195976907,0.0931111111111111,0.32487036566595434
0.27246594430398796,0.39677614578430154,0.39033333333333337,0.3518881035281459
0.36509304873518605,0.9217840709324779,0.4971111111111111,1.0
0.11817730121834046,0.21205198897203628,0.15533333333333335,0.13616461692493909
0.6316075730526222,0.48846578737547924,0.5640000000000001,0.2993469717120698
0.18928086094178828,0.2606211394922142,0.6,0.7140572931454444
0.25161951664501037,0.3245372193777078,0.2926666666666667,0.6126212286495614
0.21104892013937324,0.6085361050538431,0.06666666666666667,1.0
0.7667425811012242,0.6018501618651477,0.5464444444444445,0.6316890569195593
0.764078000122257,0.7609064448265594,0.6222222222222222,1.0
0.10669138979841661,0.1656576912362271,0.15966666666666668,0.47352769766434044
0.2244407906595465,0.5229406622542004,0.09766666666666665,1.0
0.23102387307817093,0.31857366545307836,0.15988888888888889,0.5173418610559033
0.5060274389144809,1.0,0.23099999999999998,0.939045711980155
0.26751295848426093,0.31323259589429303,0.3333333333333333,0.6284015003212838
0.02557527519635611,0.005271904629247171,0.1108888888888889,0.35164900850281683
0.33453500710816153,0.5138032065629835,0.15088888888888888,0.2874519942019456
0.35189553588641986,0.6303691678114104,0.15966666666666668,0.48625950776311655
0.0,0.0,0.11988888888888888,0.8159715476919858
0.48741298967553237,0.8771957463568336,0.3814444444444444,0.5956454818511931
0.2254690054373126,0.42001556210914615,0.15966666666666668,0.16844244534437156
0.26865402610348915,0.26423308581254384,0.44822222222222224,0.35374108997444664
0.7783099973510929,0.9294998030720758,0.9231111111111111,0.34836145190454126
0.2434878424574333,0.4653032209723438,0.13299999999999998,0.46659394192979564
0.23616494696700147,0.49402203671505024,0.1111111111111111,0.4449558421375095
0.0,0.0,0.1821111111111111,0.0
0.20672289454999143,0.5088463866127437,0.18644444444444447,0.5070010012104185
0.2986164555116857,0.4897722360445347,0.204,0.2986894603924147
0.14949396472408263,0.24103977944072472,0.2132222222222222,0.0
0.02233389080547148,0.09976656836280849,0.08877777777777776,0.0
0.3487419259277836,0.824845579688566,0.2,0.6768182429504326
0.03901730253495695,0.08773955561532774,0.06666666666666667,0.21554416533420998
0.10832775599961755,0.38935244334719843,0.06199999999999998,0.44621109102048745
0.25902391696538707,0.6995955772870058,0.24433333333333335,0.6125016811368967
0.23254738643790976,0.3572522310492897,0.2486666666666667,0.38069905408030597
0.11692338075765007,0.35856636471051606,0.12422222222222222,0.0949207250556643
0.0,0.0,0.0,0.0
0.08818979340093008,0.7472502137388449,0.0,0.6843497362483002
0.11855347735654757,0.3294709843514348,0.057555555555555554,0.0
0.20911788262991005,0.6692091182432109,0.13333333333333333,0.17346344087628326
0.10516787643867778,0.035135784205419844,0.3065555555555556,0.0
0.4519834670587258,0.4147974524250954,0.4888888888888889,0.3401724472870186
0.4346480166896813,0.7368601043237689,0.43533333333333335,0.5860219070816958
0.12410834499740594,0.08162230184727999,0.4,0.0
0.603826965246027,0.39481647278071846,0.4888888888888889,0.17663144996189423
1.0,0.5943111845454809,0.8653333333333333,0.2552937132951777
0.7356390840737994,0.411884840392319,0.7147777777777777,0.0854764715551637
0.0,0.0,0.28888888888888886,0.0
0.06872894785101544,0.012657182105495731,0.5862222222222223,0.0
0.933495193566134,0.4451454865080357,0.7632222222222222,0.16103049955916854
0.37462284423643294,0.6414048165688433,0.28888888888888886,0.0
0.09803933861965301,0.2232951325180838,0.1111111111111111,0.0
0.2801963639441441,0.4012027012747482,0.14622222222222223,0.0
0.1801084327718382,0.3807375671236035,0.13333333333333333,0.0
0.34158204009724147,0.4361156207072115,0.5111111111111111,0.16360077108145665
0.12413342340661976,0.21486469610659092,0.37711111111111106,0.2699980573529192
0.4723659441472478,0.45167004486114193,1.0,0.07961864343460004
0.2439455234255853,0.15838768864254224,0.7777777777777778,0.16186733214782048
0.3440083761886774,0.38985196783830783,0.2,0.0
0.5523974175508112,0.6042017694694475,0.6881111111111112,0.1259433045921188
0.46145056653693817,0.3525413308485193,0.9053333333333333,0.0
0.6438270279420499,0.6402213277745225,0.6832222222222222,0.12002570271522287
0.03316776358583634,0.040346208897299694,0.2222222222222222,0.0
0.6601781507494524,0.6732975340781373,0.4,0.2875715417146102
0.12949393337607112,0.22782927789892318,0.12866666666666665,0.13006769377904628
0.06492329925282014,0.10250242557565396,0.13333333333333333,0.0
0.30071050268103866,0.41953909259454947,0.15555555555555556,0.0
0.17817739526237503,0.37129271174554995,0.33766666666666667,0.18499977584841373
0.23831542055708546,0.2279829777423415,0.6222222222222222,0.260015840045428
0.3053123907717723,0.4473741342376008,0.14200000000000002,0.08021638099792286
0.8714512091711741,0.6856242615202837,0.6703333333333333,0.28320805750235356
0.15526826844556182,0.08771650063881498,0.29766666666666663,0.43114810442475227
0.3455318895484162,0.4472358043785244,0.29733333333333334,0.24064914299376858
0.24669787883680067,0.3681649199319879,0.4222222222222222,0.3723307281937865
0.3454754631276851,0.2906387189118052,0.42144444444444445,0.0
0.08437787520043134,0.08729382606941473,0.1821111111111111,0.0
0.3594629458666863,0.2867731678498353,0.28888888888888886,0.22289633736308073
1.0,0.541269368581831,1.0,0.3445359314992752
0.6955825949570453,0.46013122124131844,1.0,0.2353890524365277
1.0,0.8982756798816512,1.0,0.40389127153723153
0.0017068992271147792,0.0,0.2222222222222222,0.0
1.0,0.42644021556403044,1.0,0.0
0.36626546436593155,0.15742706462117798,1.0,0.0
1.0,0.4824176985369697,0.7555555555555555,0.22672185776834677
0.1521648153053531,0.09887510927098248,0.4222222222222222,0.20484466295073145
0.12709894529615248,0.27721303758921806,0.15988888888888889,0.11410810083832693
0.10127445340823417,0.21288965311866592,0.102,0.0
0.031017289995752345,0.08034659314690826,0.14644444444444443,0.0
0.4390304686997942,0.34302731054092744,0.652888888888889,0.0
0.4160335674507326,0.5408620639967724,0.3731111111111111,0.06897891480745379
0.2465599475861247,0.41900882813475643,0.1111111111111111,0.25314185806721556
0.02894832123561323,0.02557565394480255,0.0842222222222222,0.3043081934876492
0.4654254943973266,0.45681898961565437,0.37266666666666665,0.1578027167172253
0.14027137973570492,0.11464471320569845,0.21277777777777776,0.19139556777596795
0.2765725338127489,0.22778316794589767,0.28844444444444445,0.0
0.49312459737397696,0.4441618075101587,0.34177777777777774,0.3225989629253276
0.4560085517375419,0.45519745626759156,0.3333333333333333,0.15822113301155127
0.05082923327466031,0.13460263787356266,0.3282222222222222,0.0
0.8825295964413736,0.4357544260751785,1.0,0.16372031859412126
1.0,0.4435316381521437,0.6666666666666666,0.16150868960982678
0.11744375774883659,0.01920479543511466,0.8565555555555556,0.0
0.9779842915114286,0.7688834666999685,0.6521111111111111,0.3595989180950103
0.49984561104327746,0.2740852457756559,1.0,0.11500470718331116
0.7355011528231233,0.7715501589832756,1.0,0.3072968813042633
0.6501969438823572,0.44183325488237163,0.46199999999999997,0.24298031949072757
0.24373235694726791,0.2198522560255142,0.5111111111111111,0.0
0.14617734510555658,0.19275497363087066,0.2222222222222222,0.0
0.32624032326069474,0.44018098156562513,0.26155555555555554,0.08123253485557165
0.39938150373276443,0.36952516354623977,0.6666666666666666,0.27848593075210326
0.15882940255392247,0.14795915426661163,0.33722222222222226,0.0
0.1866977847927661,0.16370570322481487,0.6128888888888888,0.0
0.35235948645687526,0.4713666797951951,0.2837777777777778,0.0
0.6667925811795944,0.49468294604174884,0.40844444444444444,0.0
1.0,0.8237543108002962,0.9777777777777777,0.2419641656330788
0.003311917416798466,0.0,0.7282222222222223,0.0
0.5141089562836305,0.5590293854888136,0.7111111111111111,0.26850371344461216
0.1414437953664504,0.20269166850786274,0.7111111111111111,0.14004991108653744
0.43478594794035724,0.4192931728450803,0.26666666666666666,0.0
0.13645946153520616,0.15037992680044962,0.6754444444444445,0.33317891779614156
0.5036324508345623,0.42899931795694496,0.5777777777777777,0.0
1.0,0.7289829873485818,1.0,0.2688623559826058
0.16859744294270054,0.058851670044861165,1.0,0.0
1.0,0.41074746155102365,0.8666666666666667,0.0
1.0,0.46366631763993904,0.6888888888888889,0.0
0.10102993891839955,0.10758220540062828,1.0,0.0
1.0,0.6268648113814735,1.0,0.305324347345298
0.8672380364232545,0.27105735886031573,1.0,0.11590131352829539
0.07901736523097998,0.07035610332471977,0.19988888888888892,0.0
1.0,0.5962324325882095,1.0,0.2546362019755226
1.0,0.7809181644396201,0.6888888888888889,0.253440726848877
1.0,0.566522252855455,1.0,0.132757512813999
0.3733689237757426,0.4767000643618095,0.2486666666666667,0.07627131307999223
0.7242346774838205,0.26006013506373743,1.0,0.11918887012657092
0.6210495627736093,0.5186678066071722,0.7777777777777778,0.07131009130441279
1.0,0.5107292096946178,0.9643333333333334,0.21662009294819107
0.3991620676521436,0.3100510091355345,0.9287777777777778,0.10550067992647827
0.9112631837980935,0.47541667066926685,1.0,0.15290126869797813
0.7458961534422467,0.513211462165823,0.5641111111111111,0.1438754314918035
0.5641529218697835,0.4991709814695627,0.4222222222222222,0.2942064286674935
0.16473536792377413,0.08854647979327375,0.33722222222222226,0.0
0.38610248605405334,0.6136619948318429,0.4,0.3107637591715357
0.5462469376911248,1.0,0.3814444444444444,0.5700623141409764
0.3007920075109835,0.5786799104698414,0.2932222222222222,0.4567312721349691
0.2160834107890451,0.4805425604472666,0.2222222222222222,0.30323226587366814
0.2017134823095334,0.20313739805377576,0.24444444444444444,0.13981081606120832
0.5597391218481532,0.9776847039837079,0.4043333333333333,0.4164437603670108
0.15436544571386474,0.18662234987848111,0.1862222222222222,0.0
0.30397696548113706,0.18767519380589634,0.35555555555555557,0.29348914359150613
0.5776200276175982,0.7758383846146459,0.6532222222222223,0.4587635798502667
0.03463485052484409,0.10502310300771385,0.044444444444444446,0.19940525112449378
0.13150647571547916,0.2046513415114459,0.2132222222222222,0.13921307849788547
0.48469198227583427,0.6619929105947224,0.28888888888888886,0.2333567447212301
0.2822653327042832,0.432665059222471,0.1731111111111111,0.0
0.08228382803107842,0.21625567968952633,0.06199999999999998,0.0
0.054120774483972546,0.022624616951171485,0.37266666666666665,0.0
0.05534334693314565,0.20014025110711922,0.10655555555555556,0.282251677401037
0.8440530471050893,0.7358994803024046,0.7642222222222222,0.3733468820514353
0.40134388925374487,0.27056551936137724,0.5683333333333334,0.34806258312287985
0.22914299238713537,0.21765434826463279,0.3993333333333333,0.4017394163092694
0.6198269903244361,0.8488996051835274,0.6837777777777778,0.4243338962028721
0.20280439311033402,0.3885224641927397,0.24433333333333335,0.5363499155695691
0.0,0.0,0.22188888888888889,0.0
0.3090365345400227,0.35280262058233036,0.4303333333333333,0.5763983323121983
0.007938883916745956,0.0,0.24444444444444444,0.0
0.02657841156490841,0.03024044419254748,0.17733333333333334,0.0
0.4568800264577217,0.8982679948894805,0.7234444444444444,0.17950059026584378
0.25165086465652764,0.27287101701265154,0.2572222222222222,0.0
0.5891310174467358,0.8245458649939,0.6,0.24178484436408193
0.0,0.0,0.22666666666666666,0.0
0.3704849067161547,0.2986464807538978,0.6665555555555555,0.3249899131786189
0.355325008346408,0.5549179146773746,0.3333333333333333,0.13502891555462573
0.04840289718322443,0.0,0.4666666666666667,0.0
0.2089297945608065,0.3171365719171174,0.3333333333333333,0.10382701474917437
0.7365356372031929,0.5928817760016908,0.5554444444444444,0.25583167710216825
0.43706808317881374,0.4879970028530534,0.4703333333333333,0.2995860667373989
0.04864741167305904,0.05729161663416558,0.235,0.5029961595361556
0.4349740360094608,0.4441694925023296,0.3774444444444444,0.3225989629253276
0.03605178064542421,0.09593944226169324,0.10222222222222221,0.0
0.045355870463746804,0.0,0.3862222222222222,0.0
0.3088484464709192,0.3498900085495538,0.599,0.28996249196790147
0.6731624971199013,0.8230626615049138,0.4666666666666667,0.33903674591670524
0.8521032164627215,0.5424067474231261,0.6033333333333333,0.3439381939359524
0.1797824134520587,0.42440369263873823,0.15555555555555556,0.1671274227050613
0.3649300390752963,0.6184113199934679,0.364,0.4323435795513979
0.20879186331013058,0.1852621062642293,0.30611111111111106,0.14788027316606642
0.8067426437972472,0.6052085034438373,0.6666666666666666,0.31440995830780494
0.42861038967145715,0.24991594539813067,0.7321111111111112,0.24483330593702832
0.3871620488433367,0.3487679996926004,0.4265555555555556,0.29067977704388887
0.5740275454977202,0.4094871228349937,0.7767777777777778,0.08589488784948966
0.08535593315976985,0.04679391732869674,0.4882222222222222,0.0
0.6994446699759717,0.46800065322433465,0.37777777777777777,0.15481402890061116
0.17779494952186445,0.193262183114151,0.16866666666666666,0.0
0.11507384807813176,0.17707758960220565,0.5333333333333333,0.15188511484032932
0.8035075290086661,0.7401339109885784,1.0,0.31847457373840016
0.5366419069622366,0.2687595462012124,0.6,0.3496764745438515
0.5161465770322523,0.22090509995292945,0.7595555555555555,0.13263796530133443
0.8085921764767655,0.5247620053987071,0.6222222222222222,0.07065257998475769
0.570710925879194,0.3991969183181396,1.0,0.08756855302679357
0.4042529847225465,0.3910508266169705,0.6933333333333334,0.08894334942243606
0.10356285824899411,0.21764666327246182,0.30611111111111106,0.0
0.47024054896637757,0.4923851333826455,0.5555555555555556,0.3717927643867959
0.22261633638924194,0.24296871247562424,0.6965555555555555,0.0
1.0,0.5161855541359668,1.0,0.1432179201721484
0.6382470818919779,0.4277850891939405,1.0,0.1661112688474125
0.4092059705422735,0.37865493424528585,1.0,0.18225018305712876
0.8447865905745933,0.5199588852918857,0.6303333333333334,0.2847024014106606
0.9313447199760501,0.5983073804743563,1.0,0.19043918767465143
0.05057844918252223,0.0,0.5111111111111111,0.0
0.2085473488202959,0.4259176360964083,0.4444444444444444,0.9998953959264184
0.39826551452275,0.6943697826107842,0.32866666666666666,0.44830317249211726
0.40392696540276707,0.7501705107637923,0.27544444444444444,0.7345596915674172
0.15066638035482813,0.21680131413366127,0.5238888888888888,0.40275557016691815
0.2578264229254278,0.33857770007396815,0.39033333333333337,0.39606090945770256
0.1910238103821479,0.39061278206322836,0.14622222222222223,0.5341382865852746
0.06448442709157852,0.08559544279964267,0.4037777777777778,0.8709634035176855
0.7677206390605628,0.5623262471301359,0.7953333333333333,0.33401575038479353
0.5354444129222772,0.7881727970489631,0.4444444444444444,0.6536857992498393
0.4255884413611933,0.5122431531522877,0.4444444444444444,0.5763385585558659
0.6337580466427063,0.26620044380829794,0.981111111111111,0.23461199360420804
0.3226478411408168,0.6077445508602389,0.32866666666666666,0.6892511842675473
0.6181655457140215,0.8611571676961357,0.4842222222222222,0.46563756182847915
0.09183243233923563,0.24037887011402614,0.0711111111111111,0.5023984219728327
0.11109892021774329,0.3705395825128004,0.15555555555555556,0.4631270640625233
0.7861470002304077,1.0,0.7545555555555555,0.8799294669675278
0.20359436300056893,0.5610505384297642,0.24444444444444444,0.6692269758962327
0.8032065880981004,1.0,0.28888888888888886,0.5853046220057083
0.15807078067520483,0.46094583041143533,0.3111111111111111,0.8618180187988463
0.3666165620949249,0.9797289119011713,0.18177777777777776,0.540354757243832
0.8047050230486255,0.958610553415499,0.8119999999999999,0.63563412483749
0.2487104211762087,0.5119280684732803,0.27066666666666667,0.8649860278844572
0.7078020498464731,0.8011604338178082,0.6656666666666666,0.7437050762862565
0.06968192740114013,0.07818711034688136,0.3822222222222222,0.9027032681301275
0.11085440572790865,0.1364931459476076,0.6754444444444445,1.0
0.9077020496897329,1.0,0.6655555555555556,1.0
0.5056449931739704,0.5098377506027917,0.7104444444444444,0.8677953944320745
0.19507397347017782,0.23229425835022435,0.3111111111111111,0.38530163331789175
0.7214885916749085,0.8941949490388958,0.5373333333333333,1.0
0.230885941827495,0.3849412578410936,0.7416666666666667,0.7201542162913372
0.6593631024500038,0.6810055812255642,1.0,0.5126795080619853
1.0,1.0,0.6487777777777778,0.8343818646423287
0.9062851195691527,1.0,0.6222222222222222,1.0
0.17708648446157438,0.3794925983919155,0.2926666666666667,1.0
0.8838587521297054,1.0,1.0,0.9444851238063927
0.4191370205909413,0.46701697422645766,1.0,0.7754449408986983
1.0,0.716510245055188,0.9363333333333332,0.3819543029632839
0.15513033719488586,0.020142364479966195,0.6301111111111111,0.31572498094711515
0.24089849670610763,0.20343711274844145,0.5555555555555556,0.2794423108534198
1.0,0.9215612061595215,0.8565555555555556,0.4387991452352844
1.0,0.580409033708297,1.0,0.45559557076465573
0.2653123280757493,0.19711236419177902,0.6481111111111111,0.0
1.0,0.574314834916762,1.0,0.39390905422974043
0.015098769747288007,0.027258667230232764,0.2837777777777778,0.30096086313304143
0.12544377028804118,0.3276650111912699,0.13333333333333333,0.4055649367145355
0.14318047520450658,0.17677018991536905,0.27944444444444444,0.6081381969246402
0.42648499449058697,0.6256044726654436,0.6033333333333333,0.8563786069726086
0.06252831117290152,0.1389830834109838,0.11077777777777777,0.3475246193158893
0.5749805250478448,0.7728566076523311,0.4133333333333334,0.7671363887685111
0.0558072975036011,0.1665414653358822,0.14200000000000002,1.0
0.5629240798183069,0.5955177283163143,0.5726666666666668,0.7646856647588876
0.4069175657015136,0.5797404393894275,0.3111111111111111,0.6514741702655449
0.48395843880633044,0.8739449946685369,0.3461111111111111,0.6435242606733512
0.10573841024829192,0.2818855128291338,0.20844444444444443,0.45117231279606684
0.8398336047548662,1.0,0.5191111111111111,0.84227200047819
0.03357528773556071,0.11441416344057101,0.12422222222222222,1.0
0.24844082827716027,0.3259435729449851,0.2797777777777778,0.7125031754808051
0.2781524735932188,0.2748383750084055,0.5732222222222223,0.8034788326185388
0.38338147865435523,0.3981056494298697,0.5013333333333333,0.5265470195310749
0.6609681206396876,1.0,0.4616666666666666,1.0
0.18353790523182636,0.6035946550879452,0.38177777777777777,0.504131860906469
0.32585787752018414,0.6095658940047457,0.31955555555555554,0.937551368071848
0.6845104772891493,1.0,0.37777777777777777,0.7545838999387319
0.6495386356404946,1.0,0.4222222222222222,0.6524305503668614
0.22607088725844396,0.7431464279195767,0.11988888888888888,0.8462768421524529
0.7897332127479822,1.0,0.7555555555555555,0.6261898713369893
0.5182406242016052,0.4933995523492061,0.6167777777777779,0.7423900536469462
0.3887419886238066,0.9819114496777107,0.3998888888888889,1.0
0.7632880302320222,1.0,0.7808888888888889,1.0
0.43026556467956845,1.0,0.5856666666666666,1.0
0.004214740148495536,0.12074659698940435,0.102,1.0
0.19553792404063328,0.41952372261020765,0.25755555555555554,0.7587082891256592
0.02859722350661992,0.07462895897174808,0.08855555555555554,0.9187824085835112
0.5851310111771334,1.0,0.4262222222222222,0.8055111403338363
0.07091076945261669,0.23083410983775066,0.06199999999999998,0.3868557509825311
0.2920333730930612,1.0,0.302,1.0
0.34199583384926935,0.7244257869912296,0.4222222222222222,1.0
0.2644408533555695,0.8143786203517805,0.23955555555555558,1.0
0.09697977583036964,0.31108848307860787,0.08855555555555554,1.0
0.37328741894579764,1.0,0.5154444444444445,1.0
0.5364475492908296,1.0,0.2926666666666667,1.0
0.34504286056874695,0.8430666961258036,0.4175555555555555,0.9486692867496525
0.5650181269876599,0.90440061864187,0.6087777777777779,0.8921830870156457
0.0636129523713987,0.28685001777154445,0.23533333333333334,1.0
0.3662090379452005,0.6266650015850298,0.7457777777777779,1.0
0.8117520560377053,1.0,0.5952222222222221,1.0
0.4328799888401078,0.9263873812428555,0.746,1.0
0.5045540823731698,1.0,0.3373333333333333,1.0
0.0,0.03579669353211848,0.05322222222222221,0.5700623141409764
0.2269110139671065,0.7474500235352887,0.31544444444444447,0.9473542641103422
0.20922446586906876,0.7008405460186938,0.08855555555555554,1.0
0.07694839647084085,0.3183584856722928,0.07977777777777778,0.9316935399512843
0.11803936996766452,0.5227715924264403,0.17777777777777778,1.0
0.5895636200056739,1.0,0.3421111111111111,1.0
0.14383878344636902,0.4121768700948137,0.11988888888888888,0.9400020920814716
0.10807697190747947,0.07794119059741211,0.2222222222222222,0.0
0.2901023355835981,0.5362203287255403,0.306,0.6248748486976792
0.5165541011819768,0.8513972276390744,0.35488888888888886,0.32917407612187866
0.5524475743692387,0.9283547392386098,0.49322222222222223,0.4359300049313349
0.01569438196611594,0.006355488525346074,0.08888888888888889,0.0
0.28998948274213593,0.39429389331309633,0.31999999999999995,0.4419671543208954
0.1498513320553794,0.2751304047109003,0.15533333333333335,0.0
0.39491754689270664,0.9885589679055515,0.30611111111111106,0.9897338573499304
0.1786977722535615,0.3546931286563752,0.1821111111111111,0.7655224973475395
0.3353249769983965,0.6648517276823026,0.5243333333333333,1.0
0.08165686780073321,0.29315939634386506,0.2,0.10974461662607031
0.39032192840427643,0.8121269176457028,0.3104444444444444,0.39199629402710734
0.6202094360649467,1.0,0.4262222222222222,0.8381476112912625
0.08848446470919233,0.21499534097349643,0.04866666666666666,0.13496914179829345
0.17894228674339616,0.38880680890306346,0.2842222222222222,1.0
0.2934189552021241,0.4347015821477633,0.3238888888888889,1.0
0.21415237327958192,0.3229387410061577,0.502,0.6148328576338558
0.44545054145852886,0.5452963044793899,0.5947777777777777,1.0
0.21259751190832585,0.39362529899422677,0.19966666666666666,1.0
0.1955630024498471,0.3253979385008502,0.2572222222222222,1.0
0.1746099915517109,0.5606278638603638,0.13733333333333334,1.0
0.06827126688286346,0.2813783033458535,0.07544444444444444,1.0
0.5266230824813205,1.0,0.39055555555555554,1.0
0.08010827603178061,0.4251337668949751,0.06633333333333333,1.0
0.30092993876165947,0.9643819825358554,0.15966666666666668,0.8430490593105097
0.14748142238467457,0.5539880306246939,0.27066666666666667,1.0
0.32648483775052933,0.5037589217955986,0.4081111111111111,0.6571526771171117
0.21102384173015942,0.3277572310973209,0.4444444444444444,0.506881453697754
0.5901905802360191,0.7951738249166661,0.5367777777777778,0.9980424094801177
0.11472275034913847,0.0,0.9680000000000001,0.7385047594853479
0.23091728983901227,1.0,0.0931111111111111,1.0
0.15610839515422437,0.2802486094967291,0.26666666666666666,0.5662367937357103
0.46140040971851043,1.0,0.3998888888888889,1.0
0.3664033956166075,0.6761717211500592,0.3774444444444444,1.0
0.26400198119432783,0.5345526854244519,0.33722222222222226,0.9745513232415307
0.38942537527488286,0.8888231395114269,0.23066666666666663,1.0
0.0740894578204668,0.11077147715155766,0.3683333333333333,0.0
0.6765919695798895,0.5971392616643773,0.6353333333333334,0.699352949087703
0.021819783416588426,0.08117657230136698,0.21755555555555553,0.22241814731242246
0.5335886106404555,0.5061105293998983,0.6699999999999999,0.7274466145638757
0.3278453414503784,0.6437410541888011,0.17733333333333334,0.7764610947563472
0.5947924683267527,0.8630323057858388,0.6167777777777779,0.8365337198702909
0.09460986615966484,0.17941382722216354,0.4888888888888889,0.4521286928973834
0.8185545745369505,0.872407996234354,1.0,0.5524888297792854
0.7234196291843716,0.45528199118147156,0.9986666666666666,0.39558271940704426
0.39129998636361496,0.2410705194094084,1.0,0.12534556702879598
1.0,0.5454115793619536,1.0,0.342384076271313
0.7218396894039019,0.6039327947434655,0.4666666666666667,0.37788968753268876
0.818824167435999,1.0,0.5726666666666668,0.9004318653895006
0.7748491768795874,0.6382309148022557,1.0,0.42110611336092885
1.0,0.9882361982343731,1.0,0.6600218174210613
0.4906794524756308,0.4932304825214461,0.4087777777777778,0.14853778448572152
0.7670936788302175,0.6890825079971951,0.6928888888888889,0.620391816972758
1.0,0.48234084861526055,0.9762222222222222,0.15116782976434195
0.08225874962186461,0.08265977579035343,0.35488888888888886,0.22080425589145083
1.0,1.0,1.0,0.6181801879884636
0.18846581264233955,0.25818499697403435,0.23533333333333334,0.2395134416234552
0.08533085475055603,0.2624885925897464,0.11988888888888888,0.11841181129425125
0.5231121051913873,0.8142479754848753,0.3998888888888889,0.14668479803942078
0.6208614747045057,0.8515201875138093,0.36877777777777776,0.47024014106606493
0.468039918557866,0.6887136283729912,0.26666666666666666,0.2821321298883725
0.5044474991340111,0.5162239790968214,0.3282222222222222,0.5012029468461872
0.3180208746408693,0.4670477141951413,0.24433333333333335,0.3101660216082129
0.20294232436100995,0.12454298312183597,0.3814444444444444,0.0
1.0,0.8881314902160445,0.6483333333333333,0.3625876059116245
0.8419025735150054,1.0,0.7777777777777778,0.7698262078034638
0.8399715360055423,1.0,0.37777777777777777,0.9368340829958606
0.40090501709250326,0.4772533837981153,0.4927777777777778,0.7622947145055963
0.3024534521213983,0.24088607959730646,0.6655555555555556,0.12540534078512827
0.5892940271066256,0.6529707297860692,0.6311111111111111,0.9443058025373958
0.16560684264395395,0.30768403154689294,0.17733333333333334,0.9546466623828807
0.15050337069493838,0.15153267562608674,0.5593333333333333,0.8294804166230816
0.3053938956017172,0.5600745444240579,0.3104444444444444,1.0
0.26623395961435675,0.4770689439860134,0.2926666666666667,1.0
0.22607088725844396,0.2529361473213,0.22188888888888889,0.971443087912252
0.3707544996152031,0.4296755972679854,0.502,0.7448407776565698
0.22381383042920125,0.2359369446392377,0.4441111111111111,0.5085551188750579
0.0385282735552877,0.021302798297774237,0.4444444444444444,0.6263691926059863
0.8956706828694087,1.0,0.599,0.9326499200526008
0.2037322942512449,0.40753513482358145,0.3065555555555556,0.6034160701743899
0.33233437669964994,0.6552992824138563,0.5062222222222222,1.0
0.3462403546087062,0.6497046081134306,0.33299999999999996,0.4148896427023715
0.26582643546463236,0.7999462050548038,0.15533333333333335,0.7943334478996996
0.31099892006100316,0.6648747826588153,0.2132222222222222,0.23251991213257817
0.0902587621610692,0.33179953697922177,0.09744444444444444,1.0
0.0835377484917688,0.3550005283432119,0.13733333333333334,0.6694062971652296
0.48395843880633044,0.7702975052594166,0.4888888888888889,0.7692882439964732
1.0,0.7660861295497557,1.0,0.36073461946532376
0.939075139616206,1.0,0.7333333333333333,0.750399736995472
0.7574886481013293,0.8015369984341828,0.6976666666666668,0.6937939897488007
0.48561988341674506,1.0,0.4973333333333333,0.5670736263243623
0.37954448204464264,0.7307659055322339,0.590888888888889,0.21464755898922577
0.45965746027815085,0.9254344422136622,0.28888888888888886,0.5245744855721096
0.25415243597560494,0.4539371175515616,0.22188888888888889,0.15857977554954494
0.002446712298922104,0.03869393558055313,0.09744444444444444,0.2799802746604103
0.3787043553359801,0.6073295612830095,0.3108888888888889,0.06270267039256414
0.2638389715344381,0.3917885858653783,0.19511111111111112,0.0888238019097715
0.16579493071305754,0.20631129982036334,0.2528888888888889,0.5539831736875924
0.04538094887296062,0.18729094419735062,0.05766666666666668,0.0
0.4255633629519795,0.4250261770045823,0.45688888888888884,0.16694810143606448
0.007938883916745956,0.09794522521830182,0.1552222222222222,0.4114227648350991
0.6407486532110551,0.7528372030470996,0.5777777777777777,0.5230801416638025
1.0,1.0,0.7866666666666666,0.4244534437155366
0.4441213857701971,0.600935647796809,0.4,0.3162031709977734
0.512911462243671,0.5556326189492695,0.35555555555555557,0.6070622693106591
0.7586861421412885,0.7503549505758943,0.5235555555555556,0.7343803702984204
0.12309893902655018,0.23531446027339364,0.30611111111111106,0.509451725220042
1.0,1.0,1.0,0.8252364799234896
0.044352734095194496,0.10439293364969889,0.28888888888888886,1.0
0.6621969626911639,0.9936233777461841,0.43977777777777777,1.0
0.8512317417425417,0.9343874580927773,0.8130000000000001,0.9969664818661366
1.0,0.6283095899096054,0.6215555555555555,0.24381715207937954
1.0,0.6292855839153115,1.0,0.42606733513650824
1.0,0.8523194266995844,1.0,0.32887520734021725
0.0,0.0,0.5952222222222221,0.0
0.9717272284125835,0.6397986532051222,0.7777777777777778,0.3001838043007218
0.19548149761990222,0.5048348206995265,0.13299999999999998,0.9475933591356713
0.40580157649149917,0.8296256448188745,0.364,0.817704986625622
0.07950639421064921,0.22462463616365197,0.13733333333333334,0.6562560707721274
0.4013940460721725,0.6015658171548239,0.3333333333333333,0.8214707332745558
0.21183889002960818,0.34168243691101746,0.2441111111111111,0.5901462962686232
0.16528082332417446,0.1806203709929971,0.3463333333333333,0.9007307341711621
0.1535754758236298,0.1681092037387487,0.2,0.0
0.6216200965832235,0.8571456017829183,0.8343333333333334,0.9351006440622245
0.0009733557576109129,0.06667499207485184,0.044444444444444446,1.0
0.39042851164343517,0.7438073372462753,0.2926666666666667,0.5813595540877777
0.1942589251707291,0.3935945590255431,0.15555555555555556,1.0
0.13645946153520616,0.23264008299791553,0.20844444444444443,0.3849429907798981
0.5745165744773894,0.6774935398034565,0.37711111111111106,0.6293578804226004
0.47876093849676876,0.23470734589189143,0.46599999999999997,0.0
0.03183233829520109,0.0,0.9273333333333332,0.0
0.5961216240150846,0.6958606710919414,0.3862222222222222,0.22373316995173265
0.6899211440770283,0.838624770651015,0.5195555555555555,0.19061850894364826
0.37576391185566116,0.5019529486354336,0.7014444444444444,0.2928914060281833
0.16805198754230022,0.19964841160818073,0.16444444444444445,0.0
0.1471804814741089,0.22766020807116308,0.26666666666666666,0.2602549350707572
0.2625913206760512,0.3770334008972229,0.2222222222222222,0.0
0.4138580154514348,0.5767125524740874,0.3592222222222222,0.32714176840658105
0.047913868203555185,0.05759133132883122,0.16444444444444445,0.0
0.2425348629073086,0.3785857693157476,0.20877777777777776,0.45577489203365257
0.09621488434934851,0.14920412299829972,0.35555555555555557,0.16730674397405818
0.4857515450651176,0.7828394124823487,0.31999999999999995,0.10113719571422165
0.5719334983283673,0.8246380848999513,0.3552222222222222,0.19342787549126556
0.4442530474185696,0.5309945340493186,0.5278888888888889,0.4199106382342832
0.8205106904556276,0.5600899144083998,0.8962222222222221,0.2680852971502862
0.23295491058763412,0.5721092421637097,0.386,1.0
0.6102219595955479,0.2799565797942344,0.6655555555555556,0.0
0.707858476267204,0.5036359619208639,0.741,0.21907081695781463
0.8191251083465646,0.46182960451109056,0.7457777777777779,0.23467176736054032
0.7775451058700718,1.0,0.6888888888888889,1.0
0.1926539069810454,0.22909730160712405,0.5856666666666666,0.12958950372838804
1.0,0.6812515009750335,0.6434444444444444,0.6264289663623186
0.11803936996766452,0.04730112681197708,0.6525555555555556,0.0
1.0,1.0,0.7244444444444444,0.8940958472182787
1.0,0.7698517757135037,0.7187777777777777,0.35918050180068434
0.8885672234595978,0.5123276880661679,1.0,0.28816927927793295
0.023775899335265423,0.0,0.3237777777777778,0.49295416847233225
0.6826045181888999,0.8243153152287729,1.0,0.5804629477427934
0.1563779880532728,0.17828413337303917,0.33266666666666667,0.605149509108026
0.49378290561583943,0.290654088896147,1.0,0.3312661575935085
0.9670501050942084,0.9748489418726408,0.804,0.6680315007695871
0.15379491190425063,0.19671274459889151,0.4444444444444444,0.42786054782647676
0.3358704323987968,0.44684386977780777,0.4703333333333333,1.0
0.04429630767446344,0.1513021258609593,0.23066666666666663,0.8301977016990689
0.5800150156975168,0.9706836761160053,0.5421111111111112,1.0
0.5213754253533313,0.7455672004534146,0.431,1.0
0.8143915586074586,1.0,0.45311111111111113,1.0
0.21094233690021458,0.4776914283518575,0.25300000000000006,1.0
0.1328168225969006,0.544758355027426,0.306,1.0
0.4848299135265102,0.98341770814321,0.6301111111111111,1.0
0.3751933780460471,0.7136053180145825,0.7555555555555555,1.0
0.17031531397384633,0.6826655395344818,0.3993333333333333,1.0
0.05544993017230434,0.01865147599880884,0.5238888888888888,0.31895276378905835
0.058446800073354344,0.1057531772639507,0.4222222222222222,0.0
0.5928614308172896,0.547624857107177,0.4085555555555556,0.27304651892586557
0.12089830861803857,0.0884081499341973,0.37777777777777777,0.4297733080291098
0.6015636388144808,0.6194103689756867,0.5856666666666666,0.3083728089182444
0.64311856288176,0.5532195314076025,0.46199999999999997,0.27077511618523886
0.15671027697535575,0.26566249435633393,0.2926666666666667,0.9398227708124748
0.17766328787349195,0.2223345084967195,0.4888888888888889,0.2642000029886878
1.0,0.6911036609381456,0.8119999999999999,0.7313916824818063
0.18190780863292888,0.13800708940527767,0.35044444444444445,0.17441982097759978
0.9141785488691987,1.0,0.44822222222222224,0.7773577011013313
0.4732624972766415,0.5230713071211059,0.8484444444444444,0.4250511812788595
0.16438427019478086,0.09599323720688964,0.3814444444444444,0.41506896397136833
0.17480434922311788,0.28313816655299284,0.24433333333333335,0.4497975164004243
0.17477927081390407,0.10941891852947677,0.8208888888888889,0.19563950447555997
0.7213820084357498,0.5391867357035132,0.5243333333333333,0.4147103214333746
0.5351685504209253,0.4624597738691055,0.422,0.15630837280891824
0.07850325784209691,0.04265939154074487,0.4,0.27340516146385924
0.827369635375604,0.5170462732591092,0.9817777777777777,0.2145280114765612
0.0,0.0,0.1862222222222222,0.9052735396524155
0.8015702218968995,0.5878404211375711,0.5111111111111111,0.7084983338065423
0.7867676908584496,0.5295574405133576,0.6167777777777779,0.2805780122237332
0.1392933217763664,0.008691726145303993,0.6222222222222222,0.0
0.8050310423684048,0.4499255516383444,0.5333333333333333,0.15971547691985832
0.0,0.0,0.14622222222222223,0.8339036745916705
0.8623352074219552,0.47820632282730874,1.0,0.6088554820006276
0.49345688629605994,0.706742620005956,0.3592222222222222,0.6624725414306848
1.0,0.7472502137388449,0.8608888888888889,0.6316890569195593
0.4123094236824822,0.257862227302856,0.7676666666666667,0.4794452995412364
0.6886734932186412,0.6883216937722746,0.49699999999999994,0.6774757542700877
0.10285439318870405,0.1046311684069972,0.3993333333333333,0.0
0.7057581594955477,0.6954533665068829,0.5777777777777777,0.4477054349287945
0.42743797404071165,0.568766270569362,0.3333333333333333,0.7941541266307026
0.9970877697300466,1.0,0.6222222222222222,0.28924520689191413
0.41130001771162644,0.40708172028549755,0.7010000000000001,0.25882036491878235
0.10318041250848355,0.11872544404845391,0.2222222222222222,0.18816778493402472
0.0,0.0,0.040000000000000015,0.41160208610409593
0.16198928211486224,0.17710064457871835,0.37266666666666665,0.15188511484032932
0.06225244867154964,0.11002603291097901,0.5777777777777777,0.19516131442490173
1.0,0.9076283153536538,0.5151111111111111,0.31130172297852626
0.9137145982987432,0.6706462117791718,0.8666666666666667,0.11542312347763713
0.18337489557193662,0.19097205544721854,0.4532222222222222,0.43563113614967347
0.8864731762902448,0.7443606566825812,0.6888888888888889,0.3697006829151661
0.16130589546378596,0.15410714800334302,0.21277777777777776,0.32875565982755267
0.28454746794273966,0.19587508045226182,0.6747777777777778,0.14297882514681928
1.0,0.5796097945225219,0.7731111111111111,0.32582674576727083
0.5727736250370298,0.6179425354710422,0.49322222222222223,0.24722425619031962
0.07420231066192894,0.16016292183402345,0.3998888888888889,0.16091095204650396
0.34765101512698293,0.7520994437986918,0.4444444444444444,0.8899714580313512
0.19692350614969614,0.23002718565980465,0.3328888888888889,0.0
0.34681088841832036,0.4632052181096842,0.3238888888888889,0.3121983293235105
0.39154450085344955,0.5288350512492916,0.5376666666666666,0.49151959832035735
0.10070391959862006,0.16316775377285087,0.23099999999999998,0.31841479998206784
0.31600833230146125,0.28722658238791926,0.5555555555555556,0.22265724233775158
0.18976988992145755,0.3390541695885648,0.2222222222222222,0.4945680598933038
0.24261636773725348,0.6417352712321925,0.09744444444444444,0.3593000493133489
0.5284475367516249,1.0,0.2,0.44985729015675663
0.3272183812200332,0.746696894302539,0.19511111111111112,0.474065661471331
0.420742038780625,1.0,0.1108888888888889,0.530790956230667
0.19744388314088263,0.6228071355152308,0.06199999999999998,0.7981589683049657
0.625457093192936,0.965135111768605,0.3111111111111111,0.4212256608735934
0.13365694930556316,0.3515883918193259,0.06199999999999998,0.28894633811025267
0.6047235183754206,0.8794705040394243,0.5945555555555556,0.6857245326439426
0.34849741143794893,0.4705751256015909,0.46199999999999997,0.30831303516191216
0.19752538797082753,0.22284171797999988,0.6888888888888889,0.0
0.003368343837529527,0.04414259502973132,0.19511111111111112,0.27101421121056796
0.2661838027959291,0.37814772476200553,0.23099999999999998,0.27370403024552065
0.6519336237204133,1.0,0.5995555555555555,0.4549978332013329
0.42999597178052,0.5835598804983719,0.4444444444444444,0.4535632630493581
0.5253190052022024,0.577634751534597,0.5688888888888889,0.19605792076988596
0.08165686780073321,0.22912804157580768,0.1111111111111111,0.12958950372838804
0.548830013840147,0.8190126706308419,0.5111111111111111,0.4377829913776356
0.1670237727645341,0.35954235871622214,0.24444444444444444,0.473647245177005
0.6379461409814122,0.9593944226169322,0.3862222222222222,0.635215708543164
0.24264144614646727,0.5084160270511726,0.2572222222222222,0.3624082846426276
0.37908053147418724,0.7585778921987725,0.13733333333333334,0.2598365187764312
0.6278771596820684,0.8743676692379373,0.4444444444444444,0.41351484630672897
0.26574493063468746,0.45698805944341453,0.23099999999999998,0.4732886026390113
0.007042330787352338,0.03077839364451149,0.24444444444444444,0.2942064286674935
0.7559400563323765,1.0,0.6171111111111112,0.448661815030111
0.03496086984462358,0.07857904494759797,0.12855555555555556,0.0
0.07300481662196961,0.10004322808096142,0.17777777777777778,0.6113659797665834
0.8806800637618553,1.0,0.32866666666666666,0.33377665535946444
0.17855984100288558,0.5841362549111905,0.044444444444444446,0.32373466429564096
0.17064133329362585,0.6259041873601093,0.044444444444444446,0.6114257535229157
0.0,0.0,0.0,0.7397002346119935
0.2056884101699219,0.5049270406055775,0.2,0.655957201990466
0.11352525630917916,0.3973448352049492,0.03533333333333333,0.08786742180845498
0.008427912896415205,0.06982583886492669,0.09322222222222223,0.0
2.0376207486219865e-05,0.0,0.11511111111111111,0.0
0.45815902532762587,1.0,0.15088888888888888,0.2296507718286286
0.40615894382279594,0.6723599650332858,0.2,0.28793018425260386
0.30705534021213193,0.6957069712485232,0.18655555555555556,0.4475858874161299
0.04459724858502912,0.17930623733177076,0.044333333333333315,0.30155860069636425
0.22435928582960157,0.49615077954639347,0.18177777777777776,0.29564099881946826
0.16438427019478086,0.44950287706894404,0.09744444444444444,0.23969276289245203
0.21676679744012134,0.4633512329609315,0.17777777777777778,0.15606927778358912
0.41269186942299274,0.6521100106629267,0.45688888888888884,0.35451814880676635
0.0026912267887567285,0.04549515365181224,0.12855555555555556,0.0
0.17951282055301024,0.40028818720640935,0.22188888888888889,0.2621676952733902
1.0,0.9396977876828789,0.6751111111111112,0.17250706077496675
1.0,0.42423462281097807,0.6666666666666666,0.0
0.03234644568408414,0.020526614088511908,0.5993333333333333,0.3148881483584632
1.0,0.5022680333144413,1.0,0.07316307775071354
0.4127169478322066,0.32364576028588177,1.0,0.20460556792540233
0.9994012529800202,0.7574020883966226,0.6,0.3121983293235105
0.16718678242442386,0.21247466354143657,0.2,0.2719705913118845
0.8552881744328752,1.0,0.5777777777777777,0.44328217696020555
1.0,1.0,0.7986666666666666,0.4737070189333373
0.17831532651305093,0.10112681197706035,0.6888888888888889,0.40562471047086773
0.8706361608717254,0.5414614933861037,0.7777777777777778,0.20663787564069994
0.08516784509066627,0.2504769498266074,0.1862222222222222,0.36665222134221964
0.5723410224780915,0.7723878231299054,0.3994444444444445,0.46049701878390287
0.39448494433376846,0.44730496930806257,0.44811111111111107,0.7219474289813057
0.2010614436699744,0.20867059241683406,0.6666666666666666,0.1375394133205816
0.07822739534074503,0.037902381386948965,0.4444444444444444,0.28135507105605284
0.39026550198354537,0.5585836559429006,0.502,0.335808963074762
0.5946294586668629,0.4597008616797472,0.45688888888888884,0.07854271582061895
0.5396325072609831,0.5465028482502234,0.5464444444444445,0.27346493522019155
0.49089888855625163,0.3320761966973747,0.5548888888888889,0.30125973191470284
0.5045039255547421,0.3465931469082317,0.45688888888888884,0.0973116753089556
0.5576450746788005,0.4852380906636952,0.5732222222222223,0.22570570391069797
0.0,0.0,0.5104444444444444,0.0
0.8490060329248164,0.5320473779767338,0.5777777777777777,0.3493776057621901
0.9647052738327175,0.822601561974659,0.6301111111111111,0.5814791016004422
0.14981998404386213,0.253650851593195,0.30177777777777776,0.0
0.2839205077123945,0.16490456200347747,0.7555555555555555,0.15828090676788356
0.3847670607634181,0.39221126043477855,0.4444444444444444,0.6212884233177424
0.8714261307619604,0.4375603992353434,0.6215555555555555,0.08159117739356535
0.866065620792509,0.3624472857568277,0.6,0.0
0.41410252994126945,0.22029798557142727,0.8875555555555555,0.0
0.6862471571272054,0.32744214641831343,0.9680000000000001,0.10143606449588306
0.5761215926670731,0.2910152835281799,0.6397777777777778,0.22062493462245397
0.39777648554308076,0.30075985360089924,0.43922222222222224,0.5389799608481896
0.5019459278149339,0.3098127743782362,0.789888888888889,0.4222418147312422
0.44061040848026406,0.19837270290780895,0.5014444444444445,0.0
0.612861462165301,0.46099962535663175,0.8,0.23503040989853402
0.0,0.0,0.17777777777777778,0.0
0.6208301266929885,0.49995485067099604,0.9275555555555556,0.29384778612949985
0.03422732637511971,0.06901891468698068,0.5376666666666666,0.0
0.5569930360392414,0.591982631917694,0.45255555555555554,0.5122610917676593
0.21309281049029857,0.1855387659823822,0.4,0.4432224032038733
0.3625914774161088,0.3180203460167726,0.43533333333333335,0.20723561320402276
0.2180144482985083,0.10097311213364202,0.5861111111111111,0.6088554820006276
0.7040716364759192,0.4267783552195507,0.6655555555555556,0.16641013762907395
0.8972255442406649,0.43208099981748155,1.0,0.16479624620810232
0.020703794206573988,0.03099357342529709,0.26666666666666666,0.0
0.2499329936253818,0.29684819258590384,0.306,0.4352127198553475
0.2333373563281447,0.2275449331885994,0.3282222222222222,0.3905019501188003
0.6744665743990194,0.6806213316170185,0.4532222222222222,0.6839313199539742
0.1482463138656957,0.20722581388870212,0.6,0.0
0.42213389049199135,0.4111701361204239,0.5243333333333333,0.08559601906782825
0.5652124846590668,0.5295267005446739,0.3592222222222222,0.42086701833559975
0.22514298611753308,0.3740439389427373,0.4888888888888889,0.27591565922981515
0.4222655521403638,0.5776424365267679,0.7373333333333333,0.7841121355668793
0.29477945890197316,0.3101355440494146,0.302,0.5273838521197267
0.23202700944672325,0.2376737528698643,0.3552222222222222,0.7591864791763175
0.4646355245070916,0.6005898231491178,0.26199999999999996,0.2530820843108833
0.24952546947565743,0.20010951113843556,0.33266666666666667,0.1411258387005185
0.3512434972468609,0.4720429591062355,0.13733333333333334,0.15379787504296238
0.15145635024506307,0.17297380378293742,0.2,0.30795439262391844
0.07194525383268625,0.1143987934562292,0.24444444444444444,0.0
0.25943144111511146,0.39478573281203483,0.28888888888888886,0.17663144996189423
0.4385414397201249,0.28559736404768543,0.4885555555555555,0.4471076973654716
0.44420289060014195,0.5731774560754668,0.33266666666666667,0.32881543358388493
0.451820457398836,0.27661360819988673,0.4751111111111111,0.11428742210732377
0.5872501367557001,0.7002564866137043,0.4484444444444444,0.44513516340650633
0.035775918144072334,0.05615423779287026,0.2751111111111111,0.2530820843108833
0.0,0.0,0.35555555555555557,0.0
0.6366984901230253,0.9672945945686319,0.23533333333333334,0.42038882828494145
0.3162528467912959,0.7722187533021453,0.1821111111111111,0.5117829017170011
0.16783882106398285,0.40363115880075706,0.06199999999999998,0.2604940300960863
0.28005843269346814,0.5102681101643629,0.12866666666666665,0.07226647140572931
0.2624533894253752,0.7719574635683343,0.057555555555555554,0.6142948938268652
0.06612079329277945,0.21607892486959535,0.008888888888888898,0.26904167725160266
0.3298014573690554,0.7969721130846601,0.07544444444444444,0.39845185971099384
0.16974478016423222,0.35743667086139164,0.11511111111111111,0.09515982008099344
0.5173440710722117,0.42218272990134403,0.5111111111111111,0.4194922219399572
0.33608986847941763,0.40189435057013045,0.23099999999999998,0.0
0.41399594670211076,0.35108118233604557,0.306,0.38566027585588547
0.4999584638847395,0.426217350791074,0.33266666666666667,0.0
0.45456654320774786,0.5992142095505242,0.26666666666666666,0.44376036701086385
0.26958192724440005,0.3563838269339764,0.444,0.0
0.0,0.0,0.02655555555555556,0.0
0.7608930421521035,0.8666211971296555,0.41277777777777774,0.5093919514637099
0.23007089352804624,0.7377976733686205,0.15988888888888889,0.6918214557898353
0.19153791777103096,0.6329359551964958,0.05766666666666668,0.9692314589279576
0.07850325784209691,0.21971392616643776,0.15955555555555556,0.9318130874639489
0.06916782001225708,0.1629141490312107,0.13333333333333333,0.47801072938926165
0.062390379922225576,0.2510302692629132,0.02655555555555556,0.48817226796574964
0.19431535159146016,0.5078396526383541,0.11077777777777777,1.0
0.10780737900843103,0.32930959951584554,0.30166666666666664,0.9092783813266784
0.0018699088870045312,0.04711668699987513,0.11511111111111111,0.26635185821665
0.25390792148577035,0.6454394374585732,0.151,0.65553878569614
0.2064783800601568,0.5595058550034103,0.1687777777777778,0.8719197836190019
0.16326828098476642,0.36932535374979597,0.1862222222222222,0.7428682436976045
0.14715540306489508,0.18409398745425032,0.27066666666666667,0.5937924954048924
0.11716789524748471,0.16482771208176836,0.32866666666666666,0.3166215872920993
0.09730579515014913,0.2603905897270868,0.22188888888888889,0.3572677415980513
0.015205352986446692,0.0,0.1821111111111111,0.3711950268234731
0.02388875217672756,0.09079818249935158,0.06633333333333333,0.6375468850401231
0.3392434784380539,0.8566383922996381,0.2,0.654881274376485
0.28631549579231313,0.4540370224497835,0.2,0.39641955199569623
0.04744991763309974,0.11778019001143145,0.235,0.18894484376634438
0.14073533030616034,0.25664799853985154,0.19966666666666666,0.48099941720587575
0.13126196122564457,0.260014025110712,0.28888888888888886,0.8343818646423287
0.23891730237821684,0.5882477257226296,0.1862222222222222,0.9655852597916885
0.37704291072556534,0.7340166572205306,0.29288888888888887,0.6948699173627818
0.1143403046086279,0.21597133497920257,0.1687777777777778,0.40371195026823464
0.46950700549687374,0.6076139059933334,0.5013333333333333,0.752073402172776
0.550134091119265,0.6796530226034834,0.44377777777777777,0.684768152542626
0.601400629154591,0.8617258571167832,0.4171111111111111,0.9773009160328157
0.5216700966615935,0.6076446459620171,0.45255555555555554,0.7520136284164437
0.34169489293870364,0.7111384355277189,0.28844444444444445,0.6589458898070802
0.505889507663805,0.7420628440234778,0.28844444444444445,1.0
0.4938644104457844,0.600751207984707,0.5191111111111111,0.632645437020876
0.24612734502718653,0.7488256371338823,0.4888888888888889,0.6830944873653222
0.31701146867001356,0.3778710650438526,0.46599999999999997,0.6389814551920978
0.31883592294031804,0.8391857750794919,0.22666666666666666,0.7619958457239349
0.023531384845430797,0.08903831929221225,0.36866666666666664,0.2142291426948998
0.3415005352672966,0.47336477775963276,0.6346666666666667,0.5370672006455565
0.16103630256473755,0.13115207638882223,0.5243333333333333,0.5372465219145534
0.3187544181103732,0.4983025773542494,0.4036666666666667,0.8101734933277543
0.3091180393699677,0.6549841977348486,0.14622222222222223,1.0
0.31170738512129326,0.615268158195564,0.33766666666666667,0.806288199166156
0.6017015700651567,0.9070365709564935,0.6483333333333333,0.5339589653162778
0.0068793211274625855,0.014201865531849506,0.09322222222222223,0.32911430236554634
0.08451580645110729,0.13253537497958676,0.27544444444444444,1.0
0.581864548377035,0.8746366439639193,0.35488888888888886,0.780884352724936
0.27358193351400234,0.30804522617892593,0.2841111111111111,0.4239752536648784
0.4418329809294371,0.5776962314719644,0.31999999999999995,0.5880542147969933
0.685463456839274,0.8503520687038304,0.37777777777777777,0.3766344386497108
0.1701523043139566,0.3491291943246333,0.164,0.48404787877882205
0.46422800035736733,0.5143642109914602,0.2837777777777778,0.502637516998162
0.8428242050536128,0.843558535624742,0.4703333333333333,0.8059295566281623
0.4746794273972215,0.5274363826741852,0.4,0.7036566595436273
0.4260774703408626,0.5502377544452878,0.41277777777777774,0.40795588696782675
0.3050365282704205,0.4807654252202232,0.17777777777777778,0.15158624605866794
0.17047832363373608,0.292805886704003,0.28888888888888886,0.4393968827986072
0.10494844035805698,0.1622148147436575,0.15555555555555556,0.3194907275960489
0.18759433792215974,0.46491128637162715,0.11077777777777777,0.3891271537231578
0.24629035468707627,0.47689218916608234,0.08888888888888889,0.3050852523199689
0.26133740021536084,0.23850373202432307,0.3683333333333333,0.37872652012134067
0.8818211313810834,1.0,0.5865555555555556,0.7081994650248807
0.28925593927263205,0.3383932602618662,0.4663333333333333,0.6933755734544746
0.4721214296574132,0.7037608430436414,0.3238888888888889,0.5540429474439247
0.8734386731013685,1.0,0.5501111111111112,0.5154291008532703
0.25537500842477806,0.49346103228657345,0.35088888888888886,0.4453742584318355
0.8602411602526022,1.0,0.47077777777777774,0.318235478713071
0.18484198251094433,0.17269714406478454,0.33299999999999996,0.30825326140557985
0.2804910352524063,0.21284354316564044,0.4215555555555555,0.2716717225302231
0.519112098921785,0.6638834186687673,0.42144444444444445,0.5820170654074328
0.7392064877844635,0.7050903466892093,0.47477777777777774,0.2765731705494702
0.3938830625126371,0.5524049222374856,0.6176666666666667,0.8132817286570331
0.38139401472416096,0.5834138656471245,0.4666666666666667,0.8425110955035191
0.5289929921520253,0.5222259579823054,0.35988888888888887,0.0709514487664191
0.3859143979849498,0.40536796703138367,0.6837777777777778,0.2596571975074343
0.0,0.0,0.1111111111111111,0.7432268862355982
0.4462969377694949,0.9649583569486739,0.4222222222222222,0.8426306430161836
0.5133189863933956,0.7469274440676664,0.3282222222222222,0.9478922279173329
0.19624638910092335,0.3520802313182644,0.3333333333333333,0.9621183819244159
0.25325588284621137,0.40642081095879895,0.2486666666666667,0.6910443969575157
0.40857901031192834,0.6501964476123692,0.26666666666666666,1.0
1.0,0.7951353999558114,1.0,0.39922891854331355
0.010089357506829953,0.0,0.306,0.7792106875476322
0.35140650690675057,0.14111182624232704,1.0,0.17238751326230217
1.0,0.5836828403731065,1.0,0.19438425559258207
0.7738460405110352,0.6619160606730133,0.8754444444444445,0.46677326319879253
0.1840018558022818,0.13954408783946054,1.0,0.17340366711995098
0.6237454917640936,0.4726039635347123,1.0,0.23048760441728058
0.6876390088385719,0.40629016609189333,1.0,0.34561185911325626
0.764535681090409,0.6459389619496826,0.4971111111111111,0.4169219504176691
0.003995304067874716,0.0,0.26155555555555554,0.3843452532165752
0.6903850946474837,0.48405460186937443,0.6033333333333333,0.37687353367503995
1.0,0.776898913534232,0.7333333333333333,0.5090930826820484
1.0,0.6548228128992595,0.8444444444444444,0.4121400499110865
0.24903644049598822,0.13447967799882807,1.0,0.0
1.0,1.0,1.0,0.8095159820080993
0.9175766733176698,0.39840536412453537,1.0,0.08768810053945814
1.0,0.4774224536258755,1.0,0.2286346179709798
0.14293596071467196,0.2623348927463281,0.33299999999999996,0.9478922279173329
0.9070750894593879,0.7492559966954535,0.7555555555555555,0.47269086507568847
0.16171341961351035,0.3110577431099243,0.27066666666666667,0.7367713205517117
0.9457961532855066,1.0,0.7642222222222222,0.9076047161493745
0.9961661381914391,0.667049635443184,0.8444444444444444,0.23186240081292306
1.0,0.8937261645164699,0.7731111111111111,0.4056844842272
1.0,0.6855550965907455,0.8043333333333333,0.5664758887610394
0.4913314911151898,0.21458035139626708,0.7373333333333333,0.0
0.5098895139334074,0.4594165169694235,0.5016666666666667,0.7070039898982351
1.0,0.7804263249406816,0.8834444444444445,0.4056844842272
0.5068989136346609,0.22619237456651844,0.759888888888889,0.26133086268473826
0.36291749673588825,0.5187292865445394,0.33766666666666667,0.9271507344700308
1.0,1.0,0.7684444444444444,0.4034130814865733
2.0376207486219865e-05,0.010566864235007063,0.0842222222222222,0.675861862849116
0.11322431539861348,0.09175112152854495,0.20844444444444443,0.21159909741627939
1.0,0.7155726760103365,1.0,0.49163914583302193
0.10514279802946398,0.06755876617450697,0.7192222222222223,0.9524350333985863
0.829357099305798,0.9199319878192878,0.5945555555555556,0.395522945650712
0.05120540941286742,0.13856809383375443,0.2132222222222222,0.696184940002092
1.0,0.8401156591321725,1.0,0.5233790104454639
0.715639052725788,0.7268926694780932,0.599,0.8084998281504504
0.6781154829396283,0.7158493357284893,0.4888888888888889,0.7645063434898907
0.7617895952814974,0.6361021719709125,0.6477777777777778,0.24130665431342366
0.5803410350172962,0.5191750160904525,0.5421111111111112,0.5701818616536409
1.0,1.0,0.789888888888889,0.6341995546855153
0.5362845396309398,0.5487007560111049,0.599,0.4770543492879451
1.0,0.6790228532454684,1.0,0.45685081964763363
0.2148044119191409,0.02114909845435596,1.0,0.0
1.0,0.830025264411762,0.7817777777777778,0.5288781960280339
0.11978231940802415,0.08300560043804456,0.6798888888888889,0.4408912267069143
1.0,1.0,0.919888888888889,0.5866196446450186
0.21613983720977617,0.2532358620159656,0.6666666666666666,0.3640221760635992
0.5913065694460337,0.3987050788192011,0.5235555555555556,0.2629447541057099
0.7526485151230644,0.3841189636788059,0.955111111111111,0.36067484570899144
0.49644748659480653,0.2652398197869336,0.7862222222222223,0.23520973116753088
1.0,0.7433308677316788,1.0,0.5816584228694391
0.2068294777891501,0.1634444134910038,0.9154444444444445,0.6362318624008129
0.10402680881944956,0.14681409043314542,0.33299999999999996,0.6750848040167964
0.882203577121594,0.7195227619861865,0.7412222222222221,0.7068246686292383
0.25459130813684655,0.18146572013179765,0.5555555555555556,0.44914000508076923
0.6542784549819044,0.8094141154093699,0.4666666666666667,0.4914000508076928
0.7586861421412885,0.6721985801976965,0.6444444444444445,0.6335420433658602
0.5175384287436187,0.3419514116369995,0.4888888888888889,0.49151959832035735
0.028703806745778604,0.06964139905282474,0.1907777777777778,0.23556837370552458
1.0,1.0,0.5856666666666666,0.4996488291815478
0.6433630773715945,0.6029568007377594,0.5502222222222222,0.5676115901313528
0.06064743048186595,0.10099616711015479,0.26666666666666666,0.8117276109923938
0.3403845460572822,0.6416353663339707,0.4037777777777778,1.0
0.6652690678198555,0.6643137782303385,0.7767777777777778,0.6980379264483927
1.0,1.0,0.6128888888888888,0.40939045711980154
1.0,0.6680717394019157,0.9592222222222222,0.521047833948505
0.3818830437038302,0.2810632186668461,0.7416666666666667,0.565101092365397
0.9431817291249671,0.8087224661139879,0.5501111111111112,0.5901462962686232
1.0,0.8841814042401948,0.7235555555555556,0.6825565235583316
0.4836010714750336,1.0,0.15088888888888888,0.6136373825072102
0.24144395210650796,0.5421838826501697,0.2262222222222222,0.48171670228186314
0.9889811739516833,1.0,0.8837777777777779,0.41823697305697927
0.659933636259618,1.0,0.5767777777777777,0.42887670168412556
0.17649087224274643,0.3129559361761401,0.3111111111111111,0.6288199166156099
0.3267795090587916,0.4423865743186775,0.235,0.32361511678297644
0.020509436535166986,0.027151077339839975,0.04877777777777778,0.0
0.7362911227133585,0.6462079366756647,0.4573333333333333,0.3572079678417191
0.0,0.0,0.1111111111111111,0.0
0.4268110138103664,0.1991488871170713,0.7062222222222222,0.1415442549948445
1.0,0.6518871458899702,1.0,0.23640520629417652
0.4661339594576167,0.35825896502367943,0.5945555555555556,0.28494149643598976
0.07314274787264556,0.13052959202297817,0.13333333333333333,0.7180621348197073
1.0,1.0,1.0,0.35607226647140566
0.5978645734554442,0.788019097205545,0.32866666666666666,0.4526068829480416
0.0,0.04140673781688586,0.13299999999999998,0.27543746917915685
1.0,1.0,0.6794444444444445,0.5746648933785621
0.17458491314249708,0.2605903995235306,0.18177777777777776,0.23801909771514815
1.0,0.5094919259551005,1.0,0.2170982829988493
0.46177658585671755,0.8234469111134595,0.25777777777777783,0.6777746230517491
0.2942904299223039,0.16979221702417893,0.9407777777777778,0.31124194922219395
1.0,0.7707355498131587,0.9184444444444444,0.30759575008592477
0.20674797295920525,0.07601225756251265,0.49322222222222223,0.22809665416398928
0.21205832611022898,0.33382837491234313,0.39033333333333337,0.6002480610887789
1.0,1.0,1.0,0.6960056187330952
0.038935797705012085,0.05377189021988685,0.18177777777777776,0.25642941466549113
0.2614189050453057,0.19354652782447485,0.5333333333333333,0.2881095055216007
0.0,0.0,0.2,0.0
1.0,1.0,0.7774444444444444,0.49331281101032587
0.752103059722664,0.5351444298216123,0.5684444444444444,0.3477039405848862
0.008753932216194702,0.0,0.06199999999999998,0.0
0.05923676996358928,0.0,0.31999999999999995,0.3726295969754479
1.0,0.9316669708642737,0.9854444444444445,0.30418864597498463
0.7818962098686675,0.6934245285737617,0.7632222222222222,0.33658602190708165
0.90261113261933,1.0,0.8,0.36169099956664025
1.0,1.0,1.0,0.32929362363454323
0.0,0.0,0.35488888888888886,0.0
0.5608551110581678,1.0,0.204,1.0
0.4865415149553526,0.6747038876454146,0.30611111111111106,0.6315695094068949
0.45290509859733313,0.6324441156975573,0.2842222222222222,0.7273868408075433
0.20694233063061224,0.303464970845061,0.5678888888888889,0.3213437140423497
0.39755704946245995,0.660694146917838,0.47100000000000003,0.6428069755973639
0.1172494000774296,0.06081902804061521,0.41277777777777774,0.0
0.41635958677051216,0.5427372020864755,0.6,0.48129828598753716
0.7799651723592043,0.5153171500206535,0.8254444444444445,0.5018604581658422
0.6354445696623349,0.5618728325920519,0.6033333333333333,0.5347360241485976
0.037738303665052764,0.0,0.4616666666666666,0.0
0.2591869266252768,0.4262865157206122,0.28844444444444445,0.333059370283477
0.4316009899702037,0.4581792332299063,1.0,0.5510542596273106
0.562899001409093,0.5899845339532562,0.6526666666666666,0.4494986476187629
0.6117141249437694,0.4978184228474818,0.5813333333333333,0.3685649815448527
0.003531353497419279,0.019942554683522434,0.164,0.31614339724144114
0.27031547071390394,0.5327006023112615,0.24844444444444444,0.5584662054125136
0.0777634447702896,0.164681697230521,0.19555555555555557,0.475141589085312
0.27453491306412703,0.5589448505749336,0.47988888888888886,0.5370074268892243
0.5990620674954036,0.5385181413846436,0.47100000000000003,0.34597050165125
0.45092390426944234,0.6644213681207314,0.45311111111111113,0.6979781526920604
0.07768193994034474,0.12269858500081658,0.0711111111111111,0.1851790971174106
0.10894844662765929,0.34829153017800374,0.022222222222222223,0.7758633571930243
0.16571342588311264,0.35028962814244147,0.14622222222222223,0.6760411841181129
0.3712184501856586,0.5970009318053009,0.23066666666666663,0.5723337168816031
0.13504880101692945,0.1549678671264854,0.3282222222222222,0.32773950596990387
0.38825295964413736,0.5171999731025275,0.4222222222222222,0.6434047131606867
0.0,0.0,0.1862222222222222,0.0
0.2838390028824497,0.465994870267726,0.3104444444444444,0.15535199270760172
0.5522030598794042,0.6016657220530458,0.43533333333333335,0.3790851626593344
0.048051799454231124,0.01722206745501878,0.15555555555555556,0.644301319505671
0.0,0.0,0.29766666666666663,0.5312093725249929
0.49119355986451385,0.5649698844369303,0.3948888888888889,0.3327007277454833
0.31883592294031804,0.525661149482704,0.43922222222222224,0.42337751610155555
0.6485605776811562,0.5294729055994776,0.4,0.42086701833559975
0.01849689419575893,0.0,0.4222222222222222,0.7786129499843093
0.7643475930213055,0.6436334642984084,0.511,0.2986894603924147
0.2526289226158661,0.38940623829239485,0.25777777777777783,0.5353935354682526
0.4262969064214834,0.6900047070577049,0.14200000000000002,0.5070607749667507
0.5056449931739704,0.4769152441425952,0.45688888888888884,0.3050852523199689
0.0,0.00023054976512743556,0.13733333333333334,0.36575561499723547
0.16101749375782717,0.434009932852381,0.386,0.7391024970486707
0.10832148639731408,0.09152825675558847,0.7187777777777777,0.21177841868527622
0.1427478726455684,0.46985273633752495,0.0931111111111111,0.6174031291561439
0.3606604399066456,0.5715943476882583,0.3333333333333333,0.5931947578415696
0.4122968844778753,0.565169694233374,0.6,0.5986939434241396
0.1595817548303367,0.3571600111432387,0.3237777777777778,0.19037941391831914
0.04763173609989984,0.22013660073583804,0.11988888888888888,0.0
0.26334994255476885,0.5104602349686358,0.24444444444444444,0.4334792809217113
0.045255556826891585,0.18119674540581568,0.2262222222222222,0.7492042618688264
0.17713037167769854,0.42680141019606344,0.26155555555555554,0.4991706391308896
0.15208331047540824,0.5067406987579133,0.25755555555555554,0.36336466474394413
0.1300958151972025,0.4165726856165767,0.26666666666666666,0.42379593239588154
0.24740007429478725,0.4957204199848222,0.13333333333333333,0.07394013658303321
0.24645963394926948,0.46428111701361213,0.21755555555555553,0.23371538725922383
0.23428406627596596,0.5254382847097476,0.1731111111111111,0.5646826760710709
0.23502387934777322,0.6320752360733534,0.2262222222222222,0.6671348944246028
0.17955043816683097,0.34075255285833683,0.19966666666666666,0.4927748472033353
0.21379500594828516,0.4393510024111664,0.30611111111111106,0.5694048028213212
0.010390298417395645,0.09243508583175634,0.26666666666666666,0.42182339843691624
0.22672919550030637,0.5284815416094295,0.15555555555555556,0.6322867944828823
0.0351803059252444,0.040146399100855934,0.2487777777777778,0.5550591013015735
0.15625886560950722,0.4045379878769249,0.13299999999999998,0.60682317428533
0.304572577699965,0.5811467929567048,0.2932222222222222,0.6501591476262346
0.2369611864595399,0.5858653781496461,0.2572222222222222,0.4521286928973834
0.06350636913224002,0.18739853408774346,0.1108888888888889,0.44059235792525286
0.1318951910582932,0.299614789767433,0.19511111111111112,0.7566162076540295
0.0,0.0,0.3237777777777778,0.7667777462305174
0.16079805767720637,0.5432367265775849,0.24444444444444444,0.8244594210911699
0.0011175566105903042,0.11416055869893085,0.1907777777777778,0.38356819438425555
0.20479812664283167,0.49625836943678625,0.3948888888888889,0.591162450126272
0.0,0.004365075553079287,0.37266666666666665,0.35409973251244037
0.1556193661745551,0.48674434912919445,0.28888888888888886,0.9005514129021652
0.3034503188876471,1.0,0.3774444444444444,1.0
0.0,0.0065168733609352785,0.09744444444444444,0.696603356296418
0.13849081268152458,0.4641965820997321,0.11511111111111111,0.8570958920485959
0.18534982029752395,0.6595106581235172,0.1862222222222222,0.8778971592522302
0.2512746885183206,0.8216486229454655,0.19511111111111112,0.8245789686038344
0.16077924887029602,0.5171154381886475,0.20422222222222225,0.9294819109669898
0.022446743646933616,0.2562944888999895,0.057555555555555554,0.48141783350020173
0.18208962709972898,0.6232451800689729,0.20433333333333334,0.9203963000044829
0.16937487362832856,0.6426651552848732,0.23977777777777776,1.0
0.14548768885217686,0.5742610399715656,0.2,0.525291770648097
0.007970231928263212,0.15853370349378962,0.08855555555555554,1.0
0.19206456436452093,0.5565855579784629,0.2,0.3368251169324108
0.13918673853720773,0.4991786664617336,0.24388888888888893,0.36772814895620076
0.05069130202398437,0.02426920527574714,0.5238888888888888,0.3069980125226019
0.0,0.0,0.04877777777777778,0.8791524081352082
0.1407917567268914,0.5316631283681881,0.0931111111111111,0.6292383329099358
0.2118765076434289,0.40123344124343185,0.2222222222222222,0.26168950522273193
0.1955630024498471,0.4625135688143019,0.22666666666666666,0.3906812713877972
0.11316161937557893,0.27331674655856447,0.40844444444444444,0.3456716328695886
0.1495629303494206,0.566345498035524,0.17744444444444443,1.0
0.14834662750255095,0.5579688565692275,0.07977777777777778,1.0
0.23608344213705662,0.5637863956426096,0.22188888888888889,0.7331848951717748
0.16371969235061495,0.47611600495682005,0.13333333333333333,0.45822561604327616
