image,CSI_A_equal,CSI_B_extent,CSI_C_width,CSI_D_extent_width
20160222_081011_1281_721,39.795635516763426,38.51268188937068,38.01047734046074,36.84091751123064
20160222_081011_1921_721,10.352076890681294,9.20583739096044,9.365306815416174,9.296055996966903
20160222_081011_1_361,15.105451016051783,14.31099625719373,14.049627649162128,13.138209140015746
20160222_081011_1_721,32.554502178642274,30.61545939248902,30.272733672438257,28.06238651634868
20160222_081011_641_361,12.751290127679422,11.305506538578463,11.162802553149021,10.486440073002425
20160222_081011_641_721,24.71030489383339,23.256867032292735,23.31089167287472,22.326861300569405
20160222_081031_1281_361,43.010968246744376,44.470178326339486,43.21095302104033,43.75833631910492
20160222_081031_1921_361,61.32469313714552,63.94161665959671,65.13429877978812,66.6743902693336
20160222_081031_1921_721,16.73537662152036,17.21250119381593,18.73204328818703,18.335883775140758
20160222_081031_1_721,45.68085373698247,48.35816393616824,47.3815851519103,48.0933961136574
20160222_081031_641_361,63.67041216889153,65.19601942287514,66.74001870814047,67.84833116458256
20160222_081031_641_721,26.36891496512052,27.07967626725422,30.87391496512052,31.526654576363818
20160222_081102_1281_361,29.739460993662124,29.477963876454698,29.13570454515306,26.698309679755194
20160222_081102_1281_721,19.682937307520522,19.560429070871894,19.100604769510223,17.554887337628646
20160222_081102_1921_1,1.280703945282855,1.280703945282855,1.280703945282855,1.024563156226284
20160222_081102_1921_1081,19.757718900957652,18.841037174323738,18.723985930251775,17.013610942243375
20160222_081102_1921_361,21.68511694784976,20.684152086326314,20.848772511541192,19.685519374516723
20160222_081102_1921_721,19.917719754917016,19.9446251714144,19.24369993659603,17.953804051348143
20160222_081102_1_721,16.141977281080024,13.53803466598859,13.776995752831114,13.58677076229008
20160222_081102_641_361,1.979077608814685,1.979077608814685,1.979077608814685,1.583262087051748
20160222_081102_641_721,21.08371347203638,21.169147229062464,20.507124876537013,18.808793260457794
20160222_081111_1281_361,25.43844264041027,24.31476411377988,25.225061952978862,24.307936211708025
20160222_081111_1281_721,9.798662167215992,8.781786631089808,9.007651143939096,8.720534041407548
20160222_081111_1921_721,17.47518657167951,17.76884979243868,17.194779578814174,15.57273412903707
20160222_081111_1_1,7.688209385011422,6.454777923094779,6.454777923094779,6.150567508009138
20160222_081111_1_361,23.285076650740656,22.920222242215505,22.393849943826325,19.680805917370886
20160222_081111_641_361,20.03306581716014,19.379864403244127,18.866282093553988,17.05361727310839
20160222_081113_1281_361,8.04669331264127,6.898738322279789,6.986516100057566,6.6129102056685705
20160222_081113_1281_721,27.69226860897912,26.403753703621703,26.25494292004507,24.753658676558793
20160222_081113_1921_721,24.279233436315025,25.026719694465065,24.908784261441923,23.745924281764978
20160222_081113_1_1,1.0819775192631775,1.0819775192631775,1.1930886303742883,1.087804237632764
20160222_081113_1_361,22.04474106077489,19.59955885518446,19.382716822516695,18.069476913955434
20160222_081113_1_721,32.222958392196055,29.87673837699831,29.255789127861565,27.020265212030353
20160222_081113_641_361,22.106041048591287,20.80585567892773,20.642534769856297,18.984807990349232
20160222_081113_641_721,12.949467262295054,11.637093645781595,11.451536928608059,10.730687244183118
20160222_081908_1281_1,7.7222934506559024,6.58710440582892,6.565372396844579,6.221298778493402
20160222_081908_1281_1081,7.643302246527966,6.502408395760749,6.495347256166487,6.128764076410899
20160222_081908_1281_361,0.3093209348792975,0.3093209348792975,0.3093209348792975,0.24745674790343802
20160222_081908_1281_721,42.3664551633688,38.706431077024206,38.07484060779498,35.95190062470904
20160222_081908_1_1,2.131048328994515,2.131048328994515,2.131048328994515,1.704838663195612
20160222_081908_1_1081,3.05574501195977,3.05574501195977,3.05574501195977,2.444596009567816
20160222_081908_1_361,7.583285197208983,6.530071610634169,6.530071610634169,6.0666281577671874
20160222_081908_1_721,7.79637093275532,6.918294452234093,6.918294452234093,6.237096746204256
20160222_081908_641_361,20.052880799879983,16.34451695702519,16.34451695702519,16.042304639903985
20160222_081908_641_721,33.221791435971014,32.68273210020474,31.875387574586355,28.19212220001357
20160222_082414_1281_1081,30.233116102944006,29.89317240191293,29.526598613308945,28.650751570674295
20160222_082414_1281_361,8.04552914360816,7.006732320455784,7.0464719168780015,6.621388566486538
20160222_082414_1281_721,20.673778194341132,20.631537584179917,20.169034316585105,19.508473535106972
20160222_082414_1_361,35.104731579722234,32.686631904505184,32.82664414067901,30.470427458096793
20160222_082414_641_361,38.99500054964591,37.63337644132715,36.89926693471176,34.966441675169726
20160222_114806_1281_1,35.801192738504724,33.26924928569328,32.639459897308654,29.900532967573024
20160222_114806_1281_1081,31.551352182526337,30.781705634936774,30.141289270647796,26.52191447459901
20160222_114806_1281_361,30.330759905781196,29.526250631176577,28.716868484809577,25.883372217358957
20160222_114806_1281_721,28.417252879444003,27.230240200832984,26.707229003149113,24.042046921145165
20160222_115219_1281_361,13.772427416701378,12.718312285763577,12.533420740304871,11.64994724650074
20160222_115219_1281_721,17.55162794682966,16.258800070098214,16.000303393596983,14.820517932688421
20160222_115219_1921_1081,1.580802889557055,1.580802889557055,1.580802889557055,1.264642311645644
20160222_115219_641_1,18.256063865993127,17.758676953287623,17.652330671135662,16.77087699043175
20160222_115219_641_361,8.42068161292902,6.921576127107275,6.96510364221484,6.8272680379058635
20160222_115233_1281_361,13.401712736842889,13.282196926218736,13.113975173520064,12.297813694871653
20160222_115233_1281_721,7.895391493464649,6.908800534444842,6.846660938614754,6.440592386431892
20160222_115233_1921_721,18.027031479939527,19.18569317063183,18.36036481327286,17.405615232002898
20160222_115233_1_361,25.192484714975443,24.07766997246032,23.545717728021064,21.217892260858864
20160222_115233_1_721,7.679383530429948,6.491285148838231,6.484506141347625,6.157064839325172
20160222_115233_641_361,27.92130728121319,26.86349011215105,26.539811584093453,24.848847325530198
20160222_115324_1281_1,3.4117303960309897,3.481236774567633,3.4117303960309897,2.868397073898078
20160222_115324_1281_361,22.95680748435014,20.961165621917992,20.667277040413772,19.215445372710775
20160222_115324_1281_721,43.26125044299348,38.958503368557416,41.22800898690478,40.809989117700056
20160222_115324_1_1,19.835301356057542,19.120083217995,18.705278492595745,16.697850535644545
20160222_115324_641_1081,34.54652862237905,33.44760059433436,33.68433374665034,33.99486770438238
20160222_115324_641_361,21.645263567672224,21.040832209494386,20.66295495576828,19.311965361589984
20160222_115324_641_721,27.193242464872945,24.768084717336137,25.201615107752986,24.17642207995356
20160222_115519_641_1,17.078171105388215,15.922099738611625,16.28483956526757,15.683723897665347
20160222_115519_641_1081,23.52181812644788,21.981648282981904,22.43500772050105,21.99518007056445
20160222_115519_641_361,16.74544016755628,15.770353104296408,15.955017276532137,15.242579345129121
20160222_115519_641_721,20.012374599787304,17.922411356823748,17.813827766219028,16.671511305483733
20160222_115620_1281_1,9.90029034229422,8.960368346960976,9.40389586206854,8.810955021398023
20160222_115620_641_1081,21.963451464932415,19.911067832550096,19.794784544227284,18.956661081924892
20160222_115620_641_721,12.176385318070587,11.906223190563807,11.75491226026106,10.488174559506405
20160222_115714_1281_1081,13.943496563398963,13.011299706245888,12.817271990075657,11.720630460837404
20160222_115714_1281_721,5.90812215386312,5.991484353490392,5.90812215386312,4.8932221223450405
20160222_115714_641_1,7.6294273973661,6.6545174315865765,6.6545174315865765,6.103541917892881
20160222_115714_641_361,19.241403143920987,17.203501517579696,17.017819408360086,15.764486733576005
20160222_115738_1281_1,0.614607248868865,0.614607248868865,0.614607248868865,0.491685799095092
20160222_115738_1281_1081,12.18211254582191,11.957805920332575,11.67851864872243,10.304264579877815
20160222_115738_1281_361,7.9835045278692025,7.135100665656843,7.090484608264905,6.47603573707924
20160222_115738_1281_721,10.930997395446814,10.435822148451857,10.502238589195144,9.676409479315318
20160222_115738_641_1081,5.759489002105355,5.822192862142753,5.759489002105355,4.73299892175908
20160222_115805_641_1,18.667748311614485,17.00878465126665,16.825982727683,16.188691385347774
20160222_115805_641_1081,8.90561272379911,9.059476601328695,8.90561272379911,7.432217934098463
20160222_115805_641_361,10.00375807472331,9.531852092366302,9.390778203535755,8.285154237439741
20160222_115805_641_721,9.321358977882339,8.779424980413514,8.590325937938525,7.835285267255846
20160222_115828_641_1,12.995402297928809,11.754506138844,11.564717440115633,10.775899235799784
20160222_115828_641_1081,9.26757646458781,9.55777284420596,9.998687575698922,9.45667615312877
20160222_115828_641_361,14.224471603487052,13.344759020757987,13.087188885242277,12.072495331598843
20160222_115828_641_721,19.087920930030734,17.481048118809568,17.681320255251443,16.73423691558529
20160222_115833_1281_1081,10.3495045870084,9.489525332765842,9.835304525906338,9.359156394436836
20160222_115833_1281_361,19.4124669065923,15.888206233240934,16.22153956657427,16.196640191940507
20160222_115833_1281_721,23.966376070847424,22.045336109630252,22.003629740707005,20.409846927857778
20160222_115833_1921_1081,13.348882627984807,12.229983915866063,12.206217631662554,11.077749781905977
20160222_115833_641_1,13.146891860870818,12.082926289886647,11.932886869762164,10.817592328945619
20160222_115833_641_361,21.275334203140794,19.53992894394533,19.38963490830508,18.209744322682024
20160222_115843_1281_1,21.411287444115075,19.705849287462392,20.00757884781872,19.450015279023845
20160222_115843_1281_361,9.38513662839414,8.743861048505073,8.76969773128636,7.900880381597183
20160222_115843_1281_721,13.492341480866612,11.145922676042872,11.145922676042872,10.793873184693291
20160222_115843_641_1081,4.89229514185378,5.011456770633763,4.89229514185378,4.152159371042988
20160222_115847_1281_1,23.664035787828514,20.891249031380738,20.888048574431224,19.824296210828507
20160222_115847_1281_361,15.583143892116736,12.733430058975175,12.821207836752954,12.642070669248945
20160222_115847_641_1081,12.467037503701784,11.127675647252673,11.044720971775126,10.139539353916522
20160222_115847_641_361,7.6362224123432885,6.451805430619115,6.451805430619115,6.10897792987463
20160222_115847_641_721,15.799997770746577,13.949010816294038,13.876777160755394,12.784465527674552
20160222_115858_641_1,12.080010741797459,10.69325959488851,10.69325959488851,9.664008593437968
20160222_115858_641_1081,22.520970076709368,19.23263787466848,19.167363477686667,18.14732485533112
20160222_115858_641_361,12.067406893553704,10.428111626140863,10.428111626140863,9.653925514842964
20160222_115858_641_721,9.0885178075375,8.267294271057454,8.479329261185441,7.7334109324406874
20160222_163930_1281_361,30.286816709901743,30.889274570946533,32.5675757037766,31.983962213372386
20160222_163930_1281_721,33.706780471653566,34.153295220273314,35.37467153730342,34.82489396548487
20160222_163930_1921_1081,47.439684929612994,44.627504776634254,45.23267950348423,44.37028737887935
20160222_163930_1921_721,56.56275690427843,59.119279184569365,57.54860020405545,57.08934126222833
20160222_163930_1_1,21.652968366540826,21.11101628232945,20.687622201774467,18.16916285434263
20160222_163930_1_1081,21.228437363019232,21.51087800549261,20.942718807750925,18.119068285898766
20160222_163930_1_361,46.97112878318938,46.207678975172804,45.588957667528824,42.00545675295059
20160222_163930_1_721,44.25180383080827,43.944479593387875,43.522101122226914,39.97064445141299
20160222_163930_641_1,32.24333577669898,31.076499243997187,30.4882421394493,27.860071719343836
20160222_163930_641_361,36.83024428973914,37.23591816698891,36.35005679939011,32.56925150032224
20160222_163930_641_721,22.637859535653842,20.636810937829264,21.741922706551993,21.75339742441095
20160222_164021_1281_1,26.63996811994489,24.718983135210994,24.89028068687905,23.63604605928647
20160222_164021_1281_361,41.79273634674444,38.20985839947058,38.61866158637909,37.407693814689644
20160222_164021_641_1081,17.284917291322017,15.444505223798489,15.197530716175612,14.499660626081145
20160222_164021_641_361,27.21388888888889,22.21388888888889,22.656666666666666,22.656666666666666
20160222_164021_641_721,33.008052485719205,30.458157232635198,30.71519797338174,30.061249395971164
20160222_164822_1281_1,20.56196227588001,19.143579240267584,21.24411102619341,21.310728471074587
20160222_164822_1281_361,16.907174621942143,15.835321312446995,17.531617771288534,17.244257890981743
20160222_164822_1281_721,16.29932696589563,15.80192783983732,16.5048397749135,16.520304369230814
20160222_164822_641_1,19.073195662343643,19.145683488846963,19.68894505090793,19.50536673908632
20160222_164822_641_1081,21.18523766000316,22.503492077329827,23.074126548892046,23.36247674043365
20160222_164822_641_361,15.954857423446054,16.529537007583333,17.750968534557167,17.50546732925362
20160222_164822_641_721,17.896943553134715,17.137026859344257,18.208906108197137,18.39601856702423
20160222_164825_1281_1,32.40076369428919,32.84328766663993,33.7094878400641,33.69932171969413
20160222_164825_1281_361,21.484004721043025,22.081353381808153,22.078752301451182,21.805739270881695
20160222_164825_1281_721,16.83677433901356,15.633063550583143,16.60463299400442,16.859613917701623
20160222_164825_641_1081,42.024702781406184,42.019738577098195,42.609748383801126,43.10640927838574
20160222_164825_641_721,28.28113982601062,29.505025793241224,29.47853672873381,29.331223323156657
20160222_164920_641_1,15.585436599752228,13.641040270843249,13.615891328603528,12.518647164281226
20160222_164920_641_361,27.392931979495987,24.681009767354467,25.388037173005223,24.944735216739723
20160222_164920_641_721,2.792550528205285,2.7955050782907866,3.3481060837608405,3.351060633846342
20160222_164936_641_1,10.095111898716254,9.361102248810308,9.589819430707669,8.95198848851162
20160222_164936_641_1081,2.1934294044261575,2.27735586826074,2.2595405155372688,2.054818673432313
20160222_164936_641_361,13.231672676459782,13.141862022128764,12.869815655284928,12.369430874855494
20160222_164936_641_721,9.153593704894202,9.630310753040046,9.598038149338647,9.165197949095937
20160222_165012_1281_1,1.538772484808165,1.542009166997322,1.538772484808165,1.237491352224846
20160222_165012_641_1,8.03800990133965,6.604934093273182,6.604934093273182,6.430407921071721
20160222_165012_641_361,2.783514796758407,2.887033767791277,2.783514796758407,2.433849779472465
20160222_165012_641_721,7.853323147835195,6.973144355777445,6.950440558436072,6.328066112950906
20160222_165031_641_1,29.379114854313183,25.695262872668156,25.59459625720324,24.504625114380374
20160222_165031_641_1081,37.68860577410427,36.551859817700446,37.341257503973374,37.723200357848654
20160222_165031_641_361,31.15046445506874,27.921459125348136,28.15974201450627,27.463805785738728
20160222_165031_641_721,25.21126433281713,25.11680456446308,25.526730634531813,25.2136037705607
20160222_165037_1281_721,31.553197327273395,31.18515572319368,31.269012317535257,30.04817800646889
20160222_165037_1921_361,10.139010364514665,9.715226762934698,9.495693991984693,8.636940500178412
20160222_165037_1921_721,8.113871708281534,7.1014693786707825,7.084181751434864,6.70345039887484
20160222_165037_1_361,49.61793466435341,49.710105750780244,51.449114407359474,50.858552640546506
20160222_165037_1_721,22.319640692054932,21.79784219615111,23.93463102863099,23.69546822201751
20160222_165037_641_361,44.965677387962685,42.505383473343116,42.27485451918766,40.958044263125494
20160222_165037_641_721,21.078843073066718,18.607904223686305,19.06465676823052,18.6162360360316
20160222_165218_1281_721,32.72582492226109,33.35898679576641,32.722759225921735,30.999781744164896
20160222_165218_1921_1081,3.706160301294025,3.8477671063203656,4.150049190182914,4.135919628865677
20160222_165218_1921_721,44.54571628157878,44.80111012073379,43.95387908536644,40.87770176266439
20160222_165218_1_361,14.4183275186109,13.636346893309916,13.400978185835456,12.005399429837643
20160222_165218_641_1,4.597807006209085,4.663488927340623,4.597807006209085,3.809609447230343
20160222_165218_641_361,13.179110892878635,11.979644585108579,11.753805673135362,10.99496653824934
20160222_165218_641_721,19.88266878875916,20.31029056738869,19.75103037349427,17.91354430768505
20160222_165256_1281_1,1.64139483675262,1.64139483675262,1.7958392811970647,1.6220047582909851
20160222_165256_1281_361,9.617583461909607,9.092527443424908,8.89931477555413,8.25826988304702
20160222_165256_1281_721,27.646045408493762,26.11023956434447,25.479178665781593,23.823402568365225
20160222_165256_1921_1081,8.358785884680328,8.697697074196299,8.757674773569216,8.16262886455398
20160222_165256_641_1,2.07453888996648,2.1067724828091023,2.07453888996648,1.724098297658428
20160222_165256_641_721,16.341632455507035,16.559474661615436,16.081054094603058,14.73681376509706
20160222_165625_1281_361,16.488066557007436,15.105643415696651,14.967422195914176,13.466895685170904
20160222_165625_1921_361,19.309996134200112,19.07070912742092,18.626782099322128,16.33585096355767
20160222_165625_1921_721,14.960971482237046,13.01854289722805,13.238984204084852,12.861227905409365
20160222_165625_1_721,20.180340206739466,18.71092232590334,18.416117788592153,16.733881240013947
20160222_165625_641_361,3.357573079472425,3.357573079472425,3.357573079472425,2.68605846357794
20160222_165625_641_721,16.570831532421238,14.890129640589118,14.793818867026426,13.713731217506814
20160222_165715_1281_361,29.764957909696665,26.604999526793783,26.531936578767567,24.75364777936532
20160222_165715_1921_361,21.64935376084048,19.457661434379393,19.294267761348557,17.646270354734057
20160222_165715_1921_721,13.74096210274126,11.311158907833985,11.311158907833985,10.992769682193009
20160222_165715_1_721,34.451846123952244,32.02192531497744,32.20724563679613,30.470836255524418
20160222_165715_641_721,26.87701894533321,25.99389444875944,26.214759929043197,24.348773084587943
20160222_165909_1281_1081,11.075463479870134,10.647064546329785,10.61690479947543,9.80735694427149
20160222_165909_1281_361,16.63933005898926,16.175030464877782,15.802796339118968,14.055932298709042
20160222_165909_1281_721,7.8862427641462824,6.5272864139318445,6.5272864139318445,6.308994211317026
20160222_165909_1921_361,21.39571243645776,20.23899232384997,19.90077079058738,17.79301301569139
20160222_165909_1_1,10.971984794082537,11.473466771327017,11.21531812741587,10.267218456421654
20160222_165909_1_361,9.045667638913613,7.248868523565208,7.248868523565208,7.236534111130891
20160222_165909_641_361,32.124543944345284,31.562142809592007,30.645355339879853,27.710987872678327
20160222_165909_641_721,9.050814917834035,8.456457213340608,8.294975769012327,7.563614822923793
20160222_165919_1281_1,29.513828296523876,28.04042625857628,28.36762736704197,27.036660420287728
20160222_165919_1281_361,18.34273750765728,17.98321756953261,17.73343870363052,16.507081071263332
20160222_165919_1281_721,5.51137373049344,5.626585509822248,5.576929286048996,4.770633654163478
20160222_165919_1921_721,2.9833139607489025,2.9833139607489025,2.9833139607489025,2.3866511685991223
20160222_165919_1_361,15.098716417666969,14.302308000644798,14.212158713576947,12.879271708269268
20160222_165919_1_721,3.560992457275853,3.565326319868114,3.560992457275853,2.857461691005204
20160222_165919_641_361,31.844760730359727,30.162299848240558,29.550448385916777,26.961733731157565
20160222_165919_641_721,16.205056479405545,15.47048388256553,15.536113105077376,13.98612007183408
20160222_165937_1281_361,11.374813536127705,11.6365772692997,11.374813536127705,9.623378295246155
20160222_165937_1281_721,30.024463157924835,30.36655660603139,29.879733659077967,28.539883086913377
20160222_165937_1921_721,29.46095253034575,29.116531923940936,28.789150326686602,27.4168585521186
20160222_165937_1_1081,47.07217620361418,47.12228302831323,47.66745142025254,46.78962640123494
20160222_165937_1_361,14.549490144031783,14.552141269219124,14.120314573565995,12.503245506531682
20160222_165937_1_721,17.870941800833734,16.699882359460553,17.12595892767531,16.63571141534859
20160222_165937_641_361,21.935794747608956,21.76983951378282,21.506654393847942,18.78167270462359
20160222_165937_641_721,19.86192189708991,20.326979042069492,19.909510781495765,18.500029594374936
20160222_165947_1281_721,18.279259867140325,19.220366357902847,18.989259867140323,17.925620875237307
20160222_165947_1921_721,19.698177972412438,19.903480704556852,20.221183396880825,19.12313699328201
20160222_165947_1_721,15.491495244159575,15.604923856178038,15.353615801184567,14.491367860870152
20160222_165947_641_1,16.132945842288485,14.15203836645722,14.038174551623653,13.13408430349792
20160222_165947_641_361,13.997193910713257,12.282259461427508,12.42370392032687,11.888199544105216
20160222_165947_641_721,34.005143676040085,33.44759560640311,33.311018315529616,32.17726952257906
20160225_114503_1281_1,25.014673117445913,21.25811528172027,21.40390321486053,20.609051516565092
20160225_114503_1281_361,58.21195397258876,58.8647807204058,58.06341286733879,57.95007666198278
20160225_114503_1281_721,22.556067337822462,21.94594871189538,22.74062815844972,22.131050532704844
20160225_114503_1921_1,34.09363124235211,35.20118549116822,35.16574601294542,35.41911728366062
20160225_114503_1921_361,42.85615990091555,42.59973574492009,43.47334718039605,44.093260605336084
20160225_114503_1_1081,1.6678354258926598,1.6678354258926598,1.6678354258926598,1.334268340714128
20160225_114503_1_361,43.540131793420784,38.95771872464081,38.86485240092139,36.171171415508795
20160225_114503_1_721,45.09456718591988,42.61076573479227,42.86920090562412,41.147672295961065
20160225_114503_641_1,5.954990744913258,6.233745100327607,6.288324078246591,5.988167973425972
20160225_114503_641_1081,36.865014151064386,36.292992350035966,36.29468949654839,33.933061472271106
20160225_114503_641_361,60.72099799349342,58.85951644909782,58.73669463171773,56.275775362888204
20160225_114503_641_721,29.585510527846637,29.022159659694267,29.15879268820302,27.564031254148695
20160302_155848_1281_361,34.87899972417597,36.611717567704325,37.036751326029616,38.15757670713463
20160302_155848_1281_721,21.50214662094695,22.98080881320744,23.365479954280282,23.8857083479452
20160302_155848_1921_1,12.131854953483057,12.76791394417113,13.109632731260835,12.933157499718147
20160302_155848_1921_361,65.07232221769897,68.41743452388737,67.88148924549876,70.00308166426976
20160302_155848_1_721,39.38693266160954,42.32591062239005,42.15971043938732,42.93305760640419
20160302_155848_641_721,34.228894442606816,36.35645220190412,35.44083262325971,35.605465822485385
20160302_155914_1081_641,7.623625689934713,6.453255540948626,6.453255540948626,6.098900551947771
20160302_155914_361_1281,40.585360383406375,42.380731197806924,42.24945843893287,42.50861160225099
20160302_155914_361_1921,34.6318533066442,36.602775675833115,36.21373588109989,36.48356223478181
20160302_155914_361_641,4.36127742525794,4.487931228790547,4.805166314146829,4.630107325049343
20160302_155914_721_641,35.43884854091491,35.88975705679079,37.44333988285234,36.97502429171994
20160303_091825_1281_361,45.39433792190842,44.396869824052985,43.762442363264555,42.8154363702147
20160303_091825_1921_361,11.895198381536995,11.986460280066616,14.182976159314773,14.274238057844393
20160303_091825_1921_721,37.120328644995695,37.1590787384652,37.19506246083607,37.08651769347705
20160303_091825_1_1,6.371495531776346,6.423572415909392,7.593717753998567,7.645794638131615
20160303_091825_641_1,43.64719998212717,41.090920049430345,40.77078656524341,39.373582509631156
20160303_091825_641_1081,21.530254526465555,18.99598125902655,18.9493864454854,18.206282137143642
20160303_091825_641_361,39.60131547380891,37.874853605692074,37.65288265868083,36.649438717514045
20160303_091825_641_721,21.07645561292451,18.841453060380502,18.508379464479706,17.78953390436342
20160303_091830_1_1921,50.410082675002755,51.390406937730695,50.7145672176754,50.83085669122389
20160303_091830_361_1281,43.34315733111388,39.195588212293394,39.33326645142683,37.86139160884647
20160303_091830_361_1921,41.98738414081231,41.878603064852825,41.98456979311834,40.0446405227855
20160303_091830_721_1,32.50556980321979,32.22540383329464,32.12751674238837,31.442452246610596
20160303_091830_721_1281,27.32777777777778,22.32777777777778,22.793333333333337,22.793333333333337
20160303_091830_721_641,44.19247098467544,41.33603011988863,41.66633941765661,40.020024858871075
20160303_091837_361_1,24.318451636639086,23.742782327071073,23.614437994939586,22.82256108468535
20160303_091837_361_1281,36.47365134886859,31.78560324847972,31.894762459979702,30.64504710053935
20160303_091837_361_641,60.55383520791221,58.4654572456819,57.94503319851777,56.23724959399136
20160303_091837_721_1,46.53015911151641,43.66487863963765,43.90299360794742,41.63456401926025
20160303_091837_721_1281,36.187264608778804,32.98195862872668,32.94773691277484,31.589366230037825
20160303_091837_721_1921,45.97829876456693,43.59691922317177,42.60695797279711,40.3581170679584
20160306_104522_1281_1081,0.44323192345747753,0.44323192345747753,0.44323192345747753,0.35458553876598203
20160306_104522_1281_361,46.89089084389316,46.036597142883465,48.33166190874603,47.93147203227828
20160306_104522_1281_721,53.53735537420018,53.231777013827156,54.95637613893898,53.75624160469204
20160306_104522_1921_361,19.885493386056517,20.13165824629499,20.486710147281944,19.72273535131574
20160306_104522_1921_721,22.11788522532472,19.887021684450193,20.496874085821077,20.030158933073565
20160306_104522_1_361,71.37543491450049,71.69699864125842,69.89783995309607,68.69644308570285
20160306_104522_1_721,13.167981756674227,13.56852313683313,15.211870645563117,15.423245943434965
20160306_104522_641_361,54.02874439802257,53.09132554649163,54.15923524018498,53.15384279769801
20160306_104522_641_721,48.50515990535077,48.160736845220036,50.06487979058516,49.815842033550375
20160306_104527_1281_361,50.62825407712316,50.444595041730146,52.41858967355733,52.37239177582194
20160306_104527_1281_721,53.264862769109634,54.76158076252035,53.862146716037174,52.05520275269851
20160306_104527_1921_721,82.83371950531041,85.43171110709766,84.96393332931987,85.33142004869278
20160306_104527_1_361,46.523132397810095,46.020649401812186,45.40345906138845,45.73288659909554
20160306_104527_641_361,57.43619078527959,58.34988513036164,59.39052434940605,58.96545196791264
20160306_104527_641_721,47.10491968679857,47.62372763116899,47.777488065485244,48.02974821413969
20160307_144115_1281_1,13.132192925994914,12.903400598163739,12.894597242324274,12.207805496919304
20160307_144115_1281_361,27.398258461488762,25.66836617539831,26.139787117193585,25.506875996711564
20160307_144115_1281_721,6.247854990542475,6.433537099762082,7.311743879431363,7.49742598865097
20160307_144115_641_1081,11.707422190216613,11.282992230948764,11.352865520544656,10.64841339520373
20160307_144115_641_721,11.49731433410134,10.843848086427755,11.189971966628889,10.636714817989908
20160307_144252_1281_1,22.947472881405286,20.718052127619636,20.57275618410457,19.981903525487688
20160307_144252_1281_361,23.284813015123127,21.269249476615677,21.21547213701344,20.513182869080758
20160307_144252_1281_721,19.396860633520895,18.14275763574244,17.97820360039129,17.08659657751902
20160307_144252_641_1081,32.10507294856147,28.978402412402925,29.076845481192127,28.058283332381873
20160307_144924_1281_361,10.115783402992346,9.582446204303675,9.572519996652009,8.64359024880832
20160307_144924_1281_721,2.055477104593807,2.055477104593807,2.0999215490382515,1.7332705725639341
20160307_144924_1921_1,0.9944444444444425,0.9944444444444425,1.1933333333333307,1.1933333333333307
20160307_144924_1921_361,24.388082119664293,22.172682451358742,21.929288652935863,19.9972532925772
20160307_144924_1_361,28.55005292780488,25.931047305787104,25.66357823451897,23.374980484780178
20160307_144924_641_361,1.0447746856357873,1.0447746856357873,1.0447746856357873,0.8358197485086301
20160307_144924_641_721,12.495400012589203,10.854235679540981,10.782284156105993,10.140223056941341
20160307_144931_1281_1,13.379280508295215,12.216146279795712,11.949492256827025,11.23673245257355
20160307_144931_1281_361,10.913566891297478,10.465777880604373,10.415515349715697,9.720267463704221
20160307_144931_1281_721,29.38826366474557,29.710688352771708,29.1348545017608,28.124500856040502
20160307_144931_1921_721,28.427035122209514,27.986300928597274,27.53866330952054,26.38357000258773
20160307_144931_1_361,26.531474507624086,25.730919336438763,25.620711744681824,24.112261456279807
20160307_144931_1_721,12.946546608724107,12.034363878492293,12.91961190657175,12.493407897487034
20160307_144931_641_361,12.26926160218134,12.125911740393411,11.774245255719364,10.869853362204271
20160307_144931_641_721,12.522865966025684,11.655199521097225,12.010196420256419,11.974965641168826
20160307_145000_1281_361,25.50464544379625,26.040970662061742,25.4211488284852,24.48336002219008
20160307_145000_1921_361,7.600318426134765,7.675937666917274,9.04476287057921,9.120382111361717
20160307_145000_1921_721,29.652217054302,31.13975574339517,30.685885651993072,30.398402715134676
20160307_145000_1_721,40.95967714408656,42.16422530723947,42.116789498823884,42.189279998767084
20160307_145000_641_361,21.82443854763469,22.587594291497286,22.101377683007307,21.271984055087717
20160307_145000_641_721,4.602453375367215,4.628417365906385,5.269120042033881,5.067224014705444
20160307_145107_1281_361,21.857431383017573,21.64663306675874,23.236585999461003,23.00381701878731
20160307_145107_1281_721,26.491220416428828,27.36622399956021,27.743734035713175,27.446845149726023
20160307_145107_1921_1,49.77934141453516,53.68201994537925,54.77934141453515,57.628830193316304
20160307_145107_1921_1081,7.92425367769089,8.29144077359543,8.523698122135334,8.272666022850677
20160307_145107_1921_361,34.470566799551605,34.40390284301694,34.344984503542,33.72762345192448
20160307_145107_1921_721,24.701671422910053,22.363059714248728,24.030749196868957,23.981513728643144
20160307_145107_1_1,14.511861816635504,15.383689201944886,15.310195149968836,14.949810890593831
20160307_145107_1_361,3.924439118765598,4.022660275852051,4.611105785432264,4.709326942518717
20160307_145107_641_1081,40.49680880522485,40.84874545352783,40.85039387739335,41.17859464089328
20160307_145107_641_361,12.94615658667616,12.595978901256059,12.685778799932319,12.306214360877297
20160307_145107_641_721,40.257547496058784,41.30202421102658,40.457824456098365,39.403326395592345
20160307_145113_1281_361,23.262463572978355,21.36502281399785,22.50357928334794,22.555080141904725
20160307_145113_1281_721,35.228579673932245,33.48349098357689,32.95336971031122,32.167550730121576
20160307_145113_1921_1081,2.1938144631777274,2.2543239624089177,2.3938144631777276,2.276070569004562
20160307_145113_1921_361,47.75671485230764,47.47647920275008,47.023994864129556,46.22145167019826
20160307_145113_1_361,12.260255865349695,12.550044720818121,14.415255865349694,14.697782403216605
20160307_145113_1_721,27.658377719788962,26.409221840998754,26.243916812655797,24.67286778807264
20160307_145113_641_721,42.96349953766121,42.03483397856483,41.73832052356291,40.55938209568839
20160307_145255_361_1,27.73273146582961,29.053472424724898,28.78857841844728,28.938195407441132
20160307_145255_361_1281,50.42820509107987,52.09596873140831,52.04600505156278,51.998046988110545
20160307_145255_361_1921,29.01773723628804,30.425285628477774,30.043167648843184,29.75620352607739
20160307_145255_361_641,32.06913417319687,32.973915177613335,34.43478459468487,34.26912405996998
20160307_145255_721_1,20.484385109316683,21.471197000871374,22.81438510931668,23.021131870562723
20160307_145255_721_641,23.99993892172426,24.16352938469754,25.523704801203767,25.36848919325585
20160307_145259_1281_361,35.911133765071504,37.9683866987124,37.648568300355464,37.97521047543776
20160307_145259_1921_361,37.02120374974934,37.88345875724759,38.930341347276034,38.45208670863147
20160307_145259_1921_721,21.60465580647813,21.15500926109214,21.649403104621324,20.739381402568576
20160307_145259_1_361,40.813247871015804,42.574887127920675,41.39452641505993,41.940208611423024
20160307_145259_641_361,28.418365379909087,28.377248229564874,29.1946000566576,29.17332198307515
20160307_145259_641_721,29.94316169528137,29.954737888239,30.843188427433503,31.066517166724967
20160308_072831_1281_361,50.060834471461405,50.824660589357826,50.360423261225485,50.55936445565605
20160308_072831_1921_361,34.817016570825544,33.080328408347285,36.02593258205636,36.33796046479782
20160308_072831_1921_721,29.43187700979184,30.54647850043074,30.816790454071906,30.20265547832891
20160308_072831_641_1,54.14658401300558,55.741958170155634,56.482847671724,57.01326598504552
20160308_072831_641_1081,38.58779251699473,38.214356611045524,38.824262478191606,38.983755612636955
20160308_072831_641_361,48.337004584943735,50.05071272568045,49.49275009651576,49.29441781517326
20160308_072831_641_721,28.224816792454433,28.421653354166455,28.532228240125,29.02537032871312
20160308_072844_1281_721,43.87117271148486,45.20936299274416,44.33229735471025,44.85106944525571
20160308_072844_1921_1,30.560907172182567,32.66803429934107,32.912573838849234,33.366313325396405
20160308_072844_1921_361,21.840331505385645,23.386893490592517,23.3958870609412,23.676500285833374
20160308_072844_1921_721,7.9770517142921324,8.109128723817225,9.440385047625465,9.572462057150558
20160308_072844_1_721,48.74059409598333,51.675121095864306,50.911208063781885,52.411412452062635
20160308_072844_641_721,58.826149288316145,61.61869896622488,60.964123480996854,62.390070401108986
20160308_072935_1281_361,1.0,1.0,1.2,1.2
20160308_072935_1281_721,40.29339090078158,41.13576244249762,40.60585722408123,40.40341204634695
20160308_072935_1921_361,48.9666874923229,49.697166795822426,50.11506693446771,49.966438605456624
20160308_072935_1921_721,40.276128490950605,37.6167792888251,41.64380319220635,41.94018831933132
20160308_072935_1_361,56.75678079395785,57.14205037141724,56.01112648717569,56.45171684809382
20160308_072935_641_361,61.066121066681276,61.91940717943542,61.1076034392345,61.48539322263575
20160308_072935_641_721,17.874256513827444,16.901958894715836,18.222911853367286,18.324165960425717
20160308_073014_1281_361,21.582407221641414,21.743888665969695,25.73740722164142,25.8988886659697
20160308_073014_1281_721,43.98752575072836,46.18406929170547,45.90373290664322,46.41736003737386
20160308_073014_1921_361,47.5428509299623,50.03447758683166,51.10069650114205,51.71962069312684
20160308_073014_1921_721,28.12455026129179,25.003238421743973,27.35060598205537,27.402682866188417
20160308_073014_1_361,34.51158202646315,36.6872672548099,38.599359804240926,40.136191633419585
20160308_073014_1_721,38.613475533332206,41.93411553433535,41.412364422221096,43.12983820644981
20160308_073014_641_721,60.257954589263065,64.53528987520576,63.31306765298355,65.761919226966
20160308_073213_1281_721,33.419231006113385,33.9170943395917,34.956332128365666,33.97690922734278
20160308_073213_1921_1081,35.309914579185985,36.7947095206771,37.46110067315365,37.1373715806179
20160308_073213_1_1,37.92603874277583,39.24903303012988,41.10107895723078,41.72785025112998
20160308_073213_1_361,26.970436508321665,28.791293594304555,28.944880952766113,29.16695226751201
20160308_073213_641_361,1.441666666666665,1.441666666666665,1.7299999999999978,1.7299999999999978
20160308_073213_641_721,39.518567543624364,41.32069627708106,42.31722271712599,42.57735671036519
20160308_073356_1281_1081,15.332953261929505,16.159482770596444,16.707953261929504,16.669421626877483
20160308_073356_1281_361,29.2032935427843,28.827956399306863,31.838564043937446,32.00808621163295
20160308_073356_1281_721,18.896466171932612,18.76358120803674,19.53601216534754,19.52564435625782
20160308_073356_641_1,39.43337980284358,38.00021843513933,37.989271120871514,37.95970958192162
20160308_073356_641_1081,4.537587223665097,4.556215779509229,5.426476112553986,5.445104668398117
20160308_073356_641_361,13.4495540466692,13.976490609265694,14.826776268891424,14.56796080697279
20160308_073356_641_721,8.038101614056863,8.137388603534902,9.546434947390194,9.645721936868235
20160308_074702_1281_361,65.94167690867545,70.19271174183194,70.19271174183194,72.75334152694035
20160308_074702_1281_721,6.322222222222222,6.322222222222222,7.586666666666667,7.586666666666667
20160308_074702_1921_361,57.035421113063165,61.57390953984056,60.472545995383584,63.19106397936447
20160308_074702_1_1081,10.431893493061745,10.889300166112955,11.739671270839521,11.875883696107373
20160308_074702_1_361,51.43651369456956,54.15859496087837,54.29984432978194,55.26448999562628
20160308_074702_1_721,34.3291851816769,35.7768128425353,37.48474073723245,36.66971457816943
20160308_074702_641_361,55.733650402008564,58.93049520691393,60.31433750133759,61.81923573275952
20160308_074702_641_721,43.635766035844874,44.91940740658726,47.99080720501955,48.76581323181133
20160308_155720_1281_1,47.590101648946444,46.99138957687716,46.38620078870247,45.31579222883988
20160308_155720_1281_1081,55.21064214480978,54.5381073976752,56.08885448609801,54.033686205668864
20160308_155720_1281_361,27.69649003190637,27.817847779106085,27.309342734427332,26.014202114882607
20160308_155720_1281_721,61.215283071020274,62.66397397610004,60.64643354979147,59.21619619832226
20160308_155720_1921_1,48.22336042161719,47.65915109183033,46.764110366409476,45.164325343691004
20160308_155720_1921_361,16.60912162660042,13.831138553702596,14.015592484403635,13.891722773211587
20160308_155720_1921_721,23.08226738111471,23.158686185209316,22.990209503514762,21.73165615716977
20160308_155720_1_1,44.63910985823549,44.581928880598845,43.37891337691728,42.203985560618186
20160308_155720_1_1081,7.399367268301374,7.495519456627689,7.399367268301374,6.111798191293728
20160308_155720_1_361,4.85451562010459,4.9365298552366195,5.743404508993478,5.825418744125508
20160308_155720_641_1,29.32353026207477,28.548934930167526,28.405665081782182,27.8253639064305
20160308_155720_641_1081,37.992648642890344,37.31786432190049,36.97293992372572,34.54618993288406
20160308_155720_641_361,40.95401250884293,39.50703251193715,39.434953198333204,39.02736863428222
20160308_155720_641_721,45.712480648592106,45.676272594321865,45.00452560011724,42.44458961839403
20160308_155828_1281_721,28.23979441179254,27.889199856703062,28.313178685649326,27.246100093763726
20160308_155828_1921_361,11.863219896758915,12.066613632485772,13.415442118981137,13.001807833305293
20160308_155828_1921_721,27.98022394945176,27.538542190413594,29.296718683549862,28.378937284399985
20160308_155828_1_361,10.64630545343988,10.994307566295856,10.867972120106547,9.65638192179719
20160308_155828_1_721,1.4382462847865976,1.4382462847865976,1.4382462847865976,1.1505970278292783
20160308_155828_641_721,28.885860638106198,27.316939339961582,27.01663434296664,25.3048540600304
20160308_160053_1281_361,40.702342635218315,42.56564299410906,42.3395425003953,42.791852873379966
20160308_160053_1921_361,39.02971509376803,40.765163384279916,40.462175240446186,40.80530391823744
20160308_160053_1_361,16.33271636726552,16.606987957032903,18.84271636726552,18.63471627334718
20160308_160053_1_721,41.802976374384194,44.925496942598244,45.13075415216197,46.342977791491016
20160308_160053_641_361,32.9639448640646,34.9588147619798,35.51950041962015,35.47200679819319
20160308_160053_641_721,4.785273847224487,4.785273847224487,5.6741627361133755,5.605996855557367
20160310_114446_641_1,55.638051362565065,57.58237614812486,57.56792155389091,59.272683611853296
20160310_114446_641_1081,35.04336314008377,36.63734955548993,37.35365476129747,38.58208010045195
20160310_114446_641_361,66.19211072347584,66.67821090570472,67.44047376104531,68.56027397921058
20160310_114446_641_721,64.88658976698886,65.58713035302922,67.5768445941348,67.36762110915774
20160316_141721_1281_721,25.00138007828618,26.046066479545093,25.036291613126803,23.44065379546551
20160316_141721_1921_361,14.068136645683712,14.558615470885632,15.465358867905934,15.029911411395252
20160316_141721_1921_721,17.18270994738039,17.229118103963536,17.45757328962997,16.569257586571435
20160316_141721_1_721,30.5771629283556,30.248423222782282,29.976720602558736,29.005135583131565
20160316_141721_641_721,30.597607969358254,29.815900088012587,29.277222652781493,28.21544124594878
20160316_142009_1281_361,36.36115481881227,36.41401950636139,36.55313484109459,35.921804296694525
20160316_142009_1281_721,2.96029634183699,2.96029634183699,3.515851897392546,3.479348184580703
20160316_142009_1921_1,8.333333333333332,8.333333333333332,10.0,10.0
20160316_142009_1921_361,55.11687186716859,58.47274703311713,60.116871867168584,60.805247825631945
20160316_142009_1921_721,5.262849200173765,5.262849200173765,6.128404755729321,5.941390471250123
20160316_142009_1_361,38.89960452106449,39.466059356946204,39.10588446813151,38.93781117225876
20160316_142009_641_361,39.71472336535668,39.77646990408885,40.60714222663342,39.88821182497399
20160316_142014_1281_361,35.04380004328787,31.92457678029047,31.852714983572227,30.307652516955674
20160316_142014_1921_361,61.78974205466915,60.71476307311937,62.68394418294695,60.95565364630238
20160316_142014_1_1081,12.890841252623641,11.604204622922937,11.432660466897614,10.655761314149558
20160316_142014_641_1081,26.59486646691286,22.931971440677938,23.168340882914958,22.48759873350069
20160316_142014_641_361,19.482835082938784,16.77777227095413,16.691400662221202,15.759011283816887
20160316_142014_641_721,7.726954023694136,6.81749632109846,6.81749632109846,6.181563218955309
20160316_142223_361_1,25.92269672687838,26.231682713165572,26.14145373161545,24.918615344602955
20160316_142223_361_1281,24.01327103093644,22.662040468521187,22.268176214815462,19.998345332160604
20160316_142223_361_1921,19.83438410307887,19.669241513013215,19.282430248418763,17.441129811652015
20160316_142223_361_641,28.537964011739337,26.40149648813584,25.919484971573027,24.145505353628195
20160316_142223_721_641,9.106556667267759,7.510896241977484,7.643674019755261,7.550800889369763
20160316_142226_1281_361,43.1820164732446,41.80081183451459,44.6366191355013,44.42955413217781
20160316_142226_1281_721,23.58158812684198,23.750011514985363,24.964147522861374,23.979220707943778
20160316_142226_1921_721,54.22034711930267,55.55286284553015,54.42761831449553,54.05787786862247
20160316_142226_1_361,55.33471102511096,53.19532773263496,52.208888604639114,50.505091520524914
20160316_142226_641_361,34.04352817496116,31.1246633443517,31.268861969880724,30.408647511133115
20160316_142226_641_721,14.755336434819075,14.370954074385217,14.749113322632034,14.603506206917178
20160316_142449_1281_721,69.01624041542341,68.43835924339706,67.15237252206643,66.30941021944444
20160316_142449_1921_361,33.87140350570157,30.842992505212187,31.765449541456235,31.91887539873982
20160316_142449_1921_721,39.668838894496766,39.64157137658853,39.24636700061511,39.178813200877585
20160316_142449_1_361,53.30229366642969,52.66198063805771,52.529529304539444,51.51340426684698
20160316_142449_641_361,36.65011822272964,34.17867454008866,34.584049957779136,34.28712152058052
20160316_142449_641_721,48.91652152203608,44.941013723434516,45.6687437442583,44.686646064870175
20160316_143433_1281_1,15.877564296838154,13.584711145535271,13.57956223464356,12.71234925925394
20160316_143433_1281_721,25.9580948149513,25.47863575878171,24.82561028556171,22.69030457617883
20160316_143433_1921_1,17.753550932468126,15.595507242276124,15.5480852949063,14.91768464071415
20160316_143433_1921_1081,33.11948834190003,29.976068937336507,29.738503710396934,28.035165571843613
20160316_143433_1921_721,26.599721148860795,25.430367222664348,25.053148277180103,23.274214810057114
20160316_143433_1_361,51.107541511350306,47.171722090536,46.57342979087896,43.860395586172096
20160316_143433_641_1,30.799672805362416,25.954602515283593,25.799672805362416,24.949597664132284
20160316_143433_641_361,45.85912276012784,42.73006681216607,42.54865026518786,40.24124241316982
20160316_143433_641_721,35.06261951998325,30.42743021290787,30.32859216352744,29.221105048080798
20160316_143603_1281_1,34.1450261389662,31.534382969445197,31.04447175398004,28.64695445321439
20160316_143603_1281_361,56.55365090880985,54.42189025173016,53.09907215605569,49.93300136284129
20160316_143603_1281_721,54.34024104555837,52.81739244539779,51.977301438637234,49.59681929441224
20160316_143603_1921_1,21.291358650922387,19.20976770533987,19.512382077253726,19.09452484357687
20160316_143603_1921_1081,33.26108869788248,31.801069048242535,31.87171451250746,30.636468918665035
20160316_143603_1921_361,43.01694781168439,43.09336867226177,42.33933527513523,39.46829171026725
20160316_143603_1921_721,35.53574626948192,33.913689017666336,33.87501052095675,31.43039845344916
20160316_143603_1_1,45.74696998884141,43.41285342688391,43.365511525790716,41.923370904370614
20160316_143603_1_1081,44.39007625480199,40.436689734185215,40.79798831598376,40.03168606246673
20160316_143603_1_361,69.23213152274272,69.90795598718783,68.710004440416,67.55938608951564
20160316_143603_1_721,34.78594520437114,32.20051164719629,32.368886139597976,32.016451623137996
20160316_143603_641_1,33.04478422340081,28.13074830798402,29.02145089006748,28.5610888812204
20160316_143603_641_1081,43.941816580422824,41.97296201941636,41.560645977820336,40.422529791974746
20160316_143603_641_361,24.267134180240504,22.610247700998922,22.975855345629505,22.769158721597904
20160316_143603_641_721,49.30494411672929,48.35975786653146,47.71841645725374,45.88219366749443
20160316_143624_1081_1281,36.83265875704493,35.069620151916595,35.905685069120395,35.69177494900612
20160316_143624_1081_641,22.70838532602841,20.266365301385836,22.244870114437614,22.285254190274724
20160316_143624_1_641,33.3054616441244,32.44274568866107,32.03473836506896,31.629272851372637
20160316_143624_361_1281,35.53908114841832,35.088647351915384,34.66919769063935,34.2390531301756
20160316_143624_361_1921,36.62812800230456,36.70549882956769,35.682640348075815,35.43488603149406
20160316_143624_361_641,33.67453665242436,33.18724904228736,33.49240103573353,32.9959920017138
20160316_143624_721_1281,37.52425030114163,36.624082778085274,37.297677877764116,36.67221004155562
20160316_143624_721_641,33.38793075461943,31.960432539944584,32.42643668467417,31.7316696475697
20160316_143629_1281_361,66.35359315168745,65.53385120095895,65.2174524857746,64.19344972949641
20160316_143629_1281_721,20.211166291393866,19.20339894416247,21.438598128556873,21.209645775437398
20160316_143629_1921_361,50.065573493581596,49.23344727478243,48.802293342287584,48.47032221541052
20160316_143629_1921_721,32.66543457140243,31.518537486253596,32.99209482899411,32.96301074941867
20160316_143629_1_721,53.33451142407439,52.79065038326346,52.483919912944025,51.547736746565064
20160316_143629_641_361,67.04474933215741,66.16747580779351,66.65991726320505,66.2486943326806
20160316_143629_641_721,6.868110142936942,6.919528718828127,7.977554587381386,7.816214155020811
20160316_144105_1281_1,25.67301045608173,24.635962663562594,24.857719332982658,24.628228359358584
20160316_144105_1281_1081,50.707441772355764,48.73619384344053,49.368333986990045,49.072784241896706
20160316_144105_1281_361,80.62649551577128,79.76253628671296,77.76436634966498,76.85086962004628
20160316_144105_1281_721,58.22958274207035,59.405194746068915,57.56253985772095,55.951198192574424
20160316_144105_1921_1,38.46892114740262,37.00059477407521,37.449181196450304,36.90018629539412
20160316_144105_1921_361,40.43744773710609,39.580158154337646,39.67394426441689,39.27349708063751
20160316_144105_1_1,66.85754574844998,64.65941942285998,63.5740332266782,61.332364546679095
20160316_144105_1_361,29.558867636485616,27.337802177325038,27.353383743022373,26.189264311127157
20160316_144105_1_721,28.150005300782908,26.75253957824471,27.35744185343114,26.456866356920138
20160316_144105_641_361,68.24796869220296,66.68438779406223,66.45221097682234,64.92717303268655
20160316_144105_641_721,37.568989505785346,35.92230941752479,35.29950983633422,33.34079076700941
20160316_144203_1281_721,81.13695703429187,83.5484545163224,82.18734340521127,82.18734340521127
20160316_144203_1921_721,74.39143706452973,76.65955088526,75.16972034564405,75.1816996197446
20160316_144203_1_361,51.689837799044824,53.064671208917844,51.86986711309116,52.34814509755591
20160316_144203_641_361,57.19658542998789,58.36617594187909,57.23142394122287,57.26010567863607
20160316_144203_641_721,36.5944348685844,37.41897469691054,36.840784800757795,37.62303879828413
20160316_144212_1281_361,21.54159474655268,20.941130523055577,22.719328092504917,22.814658436121235
20160316_144212_1281_721,59.70574009897134,61.77867093116627,61.89853573415882,61.915973584303075
20160316_144212_1921_361,47.77319730530073,48.88976376756967,48.31344353996918,48.50897607721935
20160316_144212_1921_721,21.63692663143393,19.407983295042285,20.85542896676138,21.07242773948673
20160316_144212_1_361,27.560865481753183,23.89801986076016,24.69403215423119,24.71222335401605
20160316_144212_1_721,41.9450999192857,42.44585088014541,41.64396875075858,41.81317752753555
20160316_144212_641_361,16.374168757627984,15.809684367883348,16.889003790362413,16.536251716699805
20160316_144212_641_721,56.153977277252864,55.446474015568306,54.89039825717719,53.59088889414008
20160316_183217_1281_1,32.99920153774882,34.30601626654893,35.204195975468714,35.800779590137275
20160316_183217_1281_1081,33.54526105999669,34.38618614527771,34.70431238406841,33.75551192597152
20160316_183217_1281_361,37.02485991782014,39.49894686779969,41.15708214004237,42.83250627865964
20160316_183217_1281_721,25.39579766763613,25.017589755251546,24.810688979022533,24.017106353233594
20160318_181602_1281_361,56.87062352764411,57.474412685836306,56.03957571029943,55.477283884300164
20160318_181602_1921_361,49.72515335600109,48.853730281060095,48.10001983637288,47.3275435741753
20160318_181602_1_1081,9.85538726898039,10.04868694499869,11.633165046758167,11.826464722776468
20160318_181602_1_721,46.850121105896584,47.77591845076207,46.76481801974433,45.98007552453053
20160318_181602_641_361,58.3216938839319,58.044379633981,56.77182086995647,56.300250412972375
20160318_181602_641_721,28.387571541714607,23.53005723337169,24.35005723337169,24.35005723337169
20160318_181627_1281_361,42.608193477538755,43.75626393249824,43.16263325630945,42.829371689964155
20160318_181627_1281_721,55.32773425689535,56.80136065078925,55.45955869307109,55.73023576539702
20160318_181627_1921_361,63.33434971278127,63.62171063362937,61.945045902702425,62.374142565412264
20160318_181627_1921_721,14.641666666666664,14.641666666666664,17.569999999999997,17.569999999999997
20160318_181627_1_1,11.850533254043121,12.152704574060863,13.850533254043118,14.084769243269982
20160318_181627_1_361,38.07842036990105,39.2153357385592,38.75433174534499,38.39807761568258
20160318_181627_1_721,40.65766655441901,40.75136570779246,39.87797771833027,39.15068700023737
20160318_181627_641_361,57.34734781177552,58.32083181556356,57.20426211613352,56.18435098161383
20160318_181627_641_721,51.444170791194196,52.73548380533166,51.72333753672902,51.9640736146051
20160321_183951_1281_1,28.443894891034923,27.577401528056367,27.8751592222081,27.93737830230225
20160321_183951_1281_1081,31.54228964073214,33.04615982591716,33.26035449027662,34.21210905053347
20160321_183951_1281_361,45.04774378585742,45.30882809225537,47.746699903618364,47.6068958504044
20160321_183951_1281_721,78.85912519439555,82.14182517496906,82.14182517496906,83.08730015551643
20160321_183951_1921_361,66.60514566067502,68.76633200202103,69.81970355902973,71.17737341452259
20160321_183951_1921_721,70.01059036167678,72.85719619528189,73.25025323769106,75.2223582045231
20160321_183951_1_361,56.47189675746698,61.47189675746698,60.7091189796892,63.65196185041804
20160321_183951_641_361,68.27516138957634,72.20132585706688,72.20132585706688,74.62012911166106
20160321_185457_1281_1,35.45394197769612,36.56462627105209,38.33524956182353,39.04412922283624
20160321_185457_1281_1081,26.665811569874688,22.554871478121974,23.777093700344192,23.777093700344192
20160321_185457_1281_361,80.60579343530428,83.39685427004478,83.25685427004478,84.20463474824342
20160321_185457_1281_721,71.73892328046071,74.58630056493054,72.66156714842049,73.22060545738869
20160321_185457_1921_1,46.12542727305726,47.194432419262775,46.93001392923032,47.91362324295518
20160321_185457_1921_1081,64.2442078892274,65.65562302601045,65.09651424301165,67.00247276626838
20160321_185457_1921_721,26.996964352024104,28.051111772317867,31.124186574246327,31.96031076665125
20160321_185457_1_361,40.51481195478097,38.278170466041274,38.54288735605382,37.66019356157747
20160321_185457_1_721,34.331864113183876,32.83495687768462,33.47082517058163,32.85375470475308
20160321_185457_641_361,41.633640378744104,42.65309342441558,43.132669628035536,42.46109322908869
20160321_185457_641_721,42.96170266632987,40.09378947396479,40.91023746212778,40.73646615673792
20160321_185518_1281_1,33.450512092803834,31.255927704641103,31.665871333079394,31.44052241736649
20160321_185518_1281_361,58.32657452036898,58.694589413829256,57.21890075722913,56.71708137393987
20160321_185518_1281_721,3.6332162485103154,3.6931928315457117,4.2998829151769815,4.359859498212377
20160321_185518_1921_1,39.76452092363337,38.434309086531336,38.767464781132745,39.1453053497039
20160321_185518_1921_1081,46.1475600696596,48.07486823931587,48.39142272451099,50.50493908533744
20160321_185518_1921_361,22.987636799519144,24.827522128493012,24.5431923550747,25.180991208674165
20160321_185518_1921_721,43.31402588124963,44.981872163610205,45.60669811683793,46.7349021318776
20160321_185518_1_1081,20.92147743043785,19.431705653314012,19.887298149018026,18.932663619608913
20160321_185518_1_361,54.20058304195695,54.46269774319179,54.17263153009601,53.978376637534886
20160321_185518_1_721,22.456137211095893,20.26433249433801,20.37556586530637,19.513554138051102
20160321_185518_641_1,34.62201260037949,33.49667121021242,33.65624303817245,34.04513309105021
20160321_185518_641_361,60.84334970432186,63.12239182674318,61.53400961489367,61.34699974271206
20160321_185534_1281_1081,18.32942736481007,18.0824165207283,19.089393268863226,18.682921728911538
20160321_185534_1281_361,47.98258941083979,45.83566750457631,45.65403072214317,43.9804562046492
20160321_185534_1281_721,39.10039242628186,40.299114681487005,41.02586451442823,40.493480941809715
20160321_185534_1921_361,7.691481436070832,7.924655782739087,8.46925921384861,8.17508939774873
20160321_185534_1921_721,33.728229804590576,33.88824362148559,34.44117333001352,33.69450220439438
20160321_185534_641_1,39.04662133711172,38.135358191492074,38.70730371265364,38.52229491625515
20160321_185534_641_1081,17.670649728467154,16.59718703054563,18.12770479171941,18.093262038203935
20160321_185534_641_361,52.569509852319186,52.775410138395664,52.40263254957674,51.938940837270984
20160321_185534_641_721,31.307294370860156,31.551702596163604,31.252804988173626,31.14363071266809
20160321_185637_1281_1,21.14220496850897,21.91431432918195,24.475538301842303,25.124649362819802
20160321_185637_1281_1081,35.93023394183278,37.24414577115439,37.14362231683341,37.73190072877486
20160321_185637_1281_361,44.80624044692941,46.45832211883542,46.27503744196984,46.86267282238577
20160321_185637_1281_721,27.32619698298249,27.810349275036394,29.02818329811306,29.647511762454887
20160321_185637_1921_1,57.214633081747046,57.1931847936047,57.41237130922272,57.77777787860605
20160321_185637_1_1,43.90964358823678,41.74382520706187,42.05287811223013,41.62072017136401
20160321_185637_1_1081,63.90352819405795,65.55109561786115,64.2636202456427,65.69777329968326
20160321_185637_1_721,39.147267629386754,34.85136476898945,36.37202132000111,36.6187232237083
20160321_185637_641_721,60.62714850338398,63.78070585997825,61.91852432921654,63.154970753119514
20160324_165857_1281_361,31.274140854733606,32.33241365441778,31.809174103885564,31.3057917848513
20160324_165857_1281_721,9.000004554169449,9.025561020558893,10.774448998613892,10.800005465003338
20160324_165857_1921_721,52.336703569924794,52.5708863848265,51.768392303069845,51.827684352786484
20160324_165857_1_361,26.993899177878415,23.719603162178366,24.661973848583134,24.599266858382084
20160324_165857_1_721,38.2559267080811,38.534310583673985,38.591760626699134,38.209841280414594
20160324_165857_641_361,41.89499798900728,42.43194422525165,41.71734540404138,41.61186270029304
20160324_170309_1281_1,23.591578164517337,24.270520374423697,24.526954149746576,24.83595053652366
20160324_170309_1281_1081,32.3181523780028,31.91075889211106,32.355057359315204,32.610369412438395
20160324_170309_1281_361,41.42116109015378,40.566556307009606,42.424768178989204,42.37828290594161
20160324_170309_1281_721,42.622076178304724,41.68776957032384,42.62908439387546,42.77280907331832
20160324_170309_641_1,19.011665803853006,18.568401487633047,18.354538389449857,17.852614395004345
20160324_170309_641_1081,38.02312215064754,36.82645660704992,38.08869331379503,38.2006909736945
20160324_170309_641_361,32.061439590661735,29.170837116140014,29.135293420582155,28.644683508089564
20160324_170309_641_721,30.583792350109253,29.146297831735225,29.36343910381315,29.26386244704266
20160324_170323_1281_721,57.412391250853645,61.17093208475642,60.46716062377712,62.62412258930817
20160324_170323_1921_361,26.8681684130031,25.951233987265297,26.327678849334923,26.07053389515213
20160324_170323_1921_721,50.480890561175585,51.903540321893175,51.66666381773286,53.19402101281665
20160324_170323_1_721,49.71475269185769,48.87730529999744,49.163163191450074,48.78230859280311
20160324_170323_641_361,26.841291750977387,26.626705886728946,27.765235681533568,26.82486270006155
20160324_170323_641_721,51.63868378174319,52.89695631028549,54.734931152113006,55.41277511951731
20160324_170408_1281_361,24.639673359310365,23.864955604843214,25.072919572393843,24.749144085680364
20160324_170408_1281_721,30.195312526268015,28.041204034844114,28.18972534043307,26.97031852094762
20160324_170408_1921_721,54.44471565396396,51.117672821608416,50.355271209519515,48.722797969571204
20160324_170408_1_361,30.984523020493253,31.068112507374558,31.196686656132368,30.48380345221232
20160324_170408_1_721,25.1189243579091,22.916653928629653,24.691786773665463,24.624873796255663
20160324_170408_641_361,49.69892990930867,48.89529213134755,48.44986795879138,48.02332560589262
20160324_170542_1281_361,57.43954059096161,54.3450373080411,53.328429479850506,51.54040368470605
20160324_170542_1921_361,32.312277113938215,29.187644198528282,29.94904964656887,29.558121906180514
20160324_170542_1921_721,45.92858994715451,42.75037390502977,42.36172589426138,41.24461242370484
20160324_170542_1_361,42.3086670300477,38.97671423604504,38.859470273106055,37.98364377213835
20160324_170542_1_721,17.31627638650879,15.555193659983818,15.95780818863773,15.714458718565874
20160324_170542_641_361,47.427243395327025,45.9077628422193,44.904178197102304,43.948964006495615
20160324_170655_1281_361,47.9626880520753,50.93254877770317,49.93898052672541,51.44839805472685
20160324_170655_1921_361,79.95442410512766,81.84243685443246,80.33082784198365,80.47342397566642
20160324_170655_1_361,23.360827263131096,23.799456477283464,27.13860504090887,27.121475794365175
20160324_170655_1_721,66.59880251738032,70.88928802971613,70.88928802971613,73.27904201390425
20160324_170655_641_361,60.52900538615212,62.58387122626471,62.62258950360091,63.901323309804845
20160324_173501_1281_721,37.07872101937628,37.87957584656862,36.84936082272062,36.343406863197025
20160324_173501_1921_361,19.714027655324593,17.43455545759301,19.097888790926344,19.097888790926344
20160324_173501_1921_721,45.16131549681897,46.50995373551784,46.02172883234401,45.105502203802835
20160324_173501_1_721,31.62616934045243,32.93558487350102,31.990787958981304,31.803862634734713
20160324_173501_641_721,55.74945475642345,54.61824030676572,54.04457309185716,53.29578712384476
20160324_173527_1281_721,60.05827536025548,61.64480662884163,60.002512763351426,60.92898579696258
20160324_173527_1921_361,36.00650971194965,37.19385871941739,37.29911555715887,38.010249649632335
20160324_173527_1921_721,43.531089284002746,41.6588532987783,43.13600799999604,43.426117580322256
20160324_173527_1_361,59.412788733498914,59.81600557151001,58.654600866243136,58.90415150844397
20160324_173527_641_361,37.00843294989393,36.64297034150792,37.13595195711825,37.06522757313891
20160324_173527_641_721,49.59283120860507,49.42356167266191,50.4297953327286,51.1640198689729
20160325_185829_1281_1,0.240540254949615,0.240540254949615,0.240540254949615,0.19243220395969202
20160325_185829_1281_1081,9.66465650823459,9.179408486324034,8.975763966505038,8.139014246225665
20160325_185829_1281_361,27.82659626496782,28.27477433058104,28.278334768066916,27.14304502589137
20160325_185829_1281_721,16.17724069500977,15.290828924311327,15.247509735026638,14.537319823466085
20160325_185829_1921_721,18.862456448712354,19.76788890236824,20.238012004267915,19.65194117739276
20160325_185829_1_1,0.06474605903995,0.06474605903995,0.06474605903995,0.05179684723196001
20160325_185829_1_1081,20.571229220958802,19.942698159950968,19.483257211680584,17.72697638441891
20160325_185829_1_361,28.711393990183225,29.20790909308834,29.311234302932803,28.35135366134655
20160325_185829_641_1,8.834396708752527,8.197169003681095,8.069292627699316,7.323270118965583
20160325_185829_641_1081,21.92261275121413,21.969711598850306,21.633565129794537,20.432605361305065
20160325_185829_641_361,18.017435294943933,18.784497625762633,18.372990850499487,16.659184008703658
20160326_141812_1281_721,12.631530748868675,13.167307450713034,14.006530748868675,13.92677800278366
20160326_141812_1921_721,23.155390277205363,23.90434349946758,23.940148641795385,23.87270193710867
20160326_141812_1_1,47.072863527633466,48.9399816723057,48.8080551689378,49.38658827328703
20160326_141812_641_1,5.728528064226483,6.074649296391423,6.127416953115371,6.072842693488843
20160326_141812_641_361,5.01210816944854,5.014529803338248,6.01210816944854,6.014529803338248
20160326_141812_641_721,1.169662265941285,1.169662265941285,1.3685511548301732,1.333507590530805
20160326_142309_1281_361,27.290955831796325,26.69801800545477,26.97929382250151,26.51021303134359
20160326_142309_1281_721,31.570283814044892,30.646145452334522,31.900171248439047,31.71039768124909
20160326_142309_1921_361,44.82841348661437,43.50200248172482,44.072453852164095,42.884050270635164
20160326_142309_1921_721,16.179532544564758,14.53320693537805,15.535083152181596,15.730984713155827
20160326_142309_1_361,28.656240478782763,28.284350240274637,27.77536459400664,26.60963034222886
20160326_142309_641_361,4.009147698071973,4.033199459908589,4.78692547584975,4.810977237686367
20160326_142309_641_721,25.52784408977201,25.610750861380616,25.922876608355832,25.029134888978273
20160326_142327_1281_1,21.9276416362986,22.73384855078152,22.387286879054763,22.235236652492393
20160326_142327_1281_1081,16.4680699923454,15.879581244682923,15.627813695761306,14.56687998060845
20160326_142327_1281_361,28.613065205831926,27.381522915065993,27.208870084366676,25.90242449273084
20160326_142327_1281_721,22.130441831262544,21.69891390437762,22.252889732622556,21.38751291963126
20160326_142327_1_1,22.805446420038344,24.40276083589166,24.805446420038344,25.438985967737302
20160326_142327_1_1081,34.75621380640879,35.44611341278717,35.895196772548616,36.857915436715246
20160326_142327_1_361,36.84551697548118,35.72990941060773,36.36630814756152,36.72806055092182
20160326_142327_1_721,38.49794368931134,38.89320544766697,39.648124994736975,39.84629363508685
20160326_142327_641_721,31.11111111111111,26.111111111111114,27.333333333333332,27.333333333333332
20160326_142349_1281_1,21.103543179633807,21.315087398355153,25.096876512967143,25.292589647816406
20160326_142349_1281_1081,34.831277858739526,36.30611367202491,37.22732156663846,38.27149538665339
20160326_142349_1281_361,39.65395572451358,40.51625324545999,43.57669221688994,44.25561997008431
20160326_142349_1281_721,18.331362105060773,18.469301192739593,21.859695438394105,21.997634526072925
20160326_142349_641_1,44.459633822968684,45.94611010261322,48.721427932264994,50.0170713990714
20160326_142349_641_361,22.238044779132306,20.544220543346945,21.894069442448323,21.65518246954754
20160326_142349_641_721,49.57878629100624,50.96711534657929,53.04184029825547,54.624690240563766
20160326_142354_1281_1,33.4414759679813,33.35843796911532,33.43912225179706,33.95847887568823
20160326_142354_1281_1081,41.52180009889633,41.82922525129912,42.491259030174774,42.11559474358798
20160326_142354_1281_361,27.396243181652423,28.63471899238348,28.382820652591583,28.198569002683506
20160326_142354_1281_721,32.79087261254347,32.01694516112613,32.72164131965372,31.934416884090698
20160326_142354_641_1081,16.97137389278388,17.057870893562878,20.27915167056166,20.365648671340658
20160326_142354_641_361,6.2951591873938115,6.558678409210775,6.760714742949367,6.494276904660085
20160326_142354_641_721,41.36804432563856,40.93857861391192,41.84182109722477,42.305728271662936
20160326_142403_1281_361,31.499497804411636,31.681304329909587,30.815001962838657,29.329980755448954
20160326_142403_1281_721,41.888240103757404,42.58290032112699,41.6803181383963,41.435756448467316
20160326_142403_1921_361,15.19856034649855,13.244725592226825,13.28700758204534,13.049839853117367
20160326_142403_1921_721,29.036857148979266,30.636343571811608,29.84723819007207,29.696585371551382
20160326_142403_1_361,41.68968104917805,44.09133622270118,42.949186545873054,43.70937752633202
20160326_142403_641_361,39.52194677011216,40.9700628793569,40.17283753191208,40.220896999868245
20160326_142403_641_721,30.841237784446662,27.4535017803732,27.45599394903038,26.885783668020753
20160326_144512_1081_641,25.33467520156068,24.93339435774466,25.61638393400837,25.568427675387806
20160326_144512_1_1,25.188488226671158,24.359288390350443,24.359474078555106,24.052641427149812
20160326_144512_361_1,25.979736405800956,26.358979684885732,27.669374459102546,27.051888465096024
20160326_144512_721_1,18.11545686861002,17.303808495796012,17.1949838755554,16.927792513147015
20160326_150104_1281_361,11.283512890233618,10.595637405597992,10.754242844025185,10.487377213110285
20160326_150104_1281_721,61.54132257266759,64.3639036587264,62.35591838584804,61.41125082611298
20160326_150104_1921_361,6.0100721161004955,6.212086539320595,7.010072116100495,7.212086539320593
20160326_150104_1921_721,38.93772777320471,42.26871261800854,41.42439443987137,42.78548524150476
20160326_150104_1_361,53.91231823911651,55.49198281476133,54.47758536969394,52.269760592539114
20160326_150104_1_721,54.31993332258857,56.88955937384207,57.96819133268701,59.076460518158754
20160326_150104_641_361,43.441014219053706,45.06209939886753,45.67119631316084,45.09017310221189
20160326_150104_641_721,50.136017997933195,51.91849973067729,53.73380481649161,54.04931533782904
20160326_150319_1081_641,30.703227441470236,29.519259731315827,29.971756401024997,29.5220330582023
20160326_150319_1_641,33.82968030273087,32.79404446177022,33.25471725453496,33.240176434432996
20160326_150319_361_641,32.03816567913255,32.15785159812341,32.35898044524282,31.881608182400562
20160326_150319_721_641,28.82579284359867,27.9746318413501,28.205054006762758,28.377567721831394
20160326_150337_1281_1,2.2222222222222197,2.2222222222222197,2.666666666666664,2.666666666666664
20160326_150337_1281_361,49.21413148402124,50.247986196587554,49.23792314093316,49.38032018741466
20160326_150337_1921_1,42.622799379874984,42.64472008497276,41.70023497780348,40.42498749601631
20160326_150337_1921_361,28.66893164307201,26.256628157050216,26.91427004555196,26.595417093009683
20160326_150337_1_361,27.494553116317515,28.167750125621723,27.689249864127056,27.039309682710005
20160326_150337_641_361,53.91073847338133,53.23424238297749,53.322471746276754,53.08102094099545
20160326_162529_1281_1081,16.336773645086677,13.847196693847119,14.624974471624896,14.624974471624896
20160326_162529_1281_721,74.92207659300468,77.24688701929482,75.80742224305257,75.61214638244378
20160326_162529_1921_361,23.324691365372242,21.822029987552572,24.36074529292313,24.500100259334456
20160326_162529_1921_721,62.627631126391535,62.416143440100505,61.681318644136866,61.511754493040485
20160326_162529_1_361,56.59034027560937,58.78940563175333,57.63042064640592,59.30357552451567
20160326_162529_641_1081,6.270604592855462,6.396035823938896,7.136160148411018,6.998457247562349
20160326_162529_641_361,33.85861216037696,35.37442620402801,36.02838226386857,36.97453316417599
20160326_162529_641_721,68.67991179150526,70.389457197006,69.09835998177178,68.01056830811712
20160326_162532_1281_721,61.12177350421977,65.7257723685184,65.28132792407396,68.00852991448693
20160326_162532_1921_361,49.06612137586488,51.416724996998475,53.44357770366416,55.19919168736054
20160326_162532_1921_721,53.44289449628612,54.50857759741249,57.13355036382748,57.50437006419891
20160326_162532_1_721,52.24878021209576,54.830104613374395,54.275228438890665,55.797665407532946
20160326_162532_641_361,18.086535161606143,18.761622426633203,20.617646272717256,20.88162488156126
20160326_162532_641_721,60.37317093317396,64.07077892599392,64.12719372357894,66.73681826248024
20160326_162538_1281_361,50.82482103564846,53.88815655811794,55.71370992453735,56.56430565123549
20160326_162538_1281_721,40.30233323427845,41.816387331541925,45.30233323427845,45.269974781949706
20160326_162538_1921_361,40.320196597643886,43.790774137734076,42.87575215319944,44.30842346940659
20160326_162538_1_361,31.413515309818646,34.006505267483156,33.302404198707535,34.09456994096172
20160326_162538_1_721,33.56591859835361,35.34284245968038,35.37055305692791,36.13064701752114
20160326_162538_641_721,70.85662593087335,74.53562591592991,74.53562591592991,76.68530074469868
20160326_174634_1281_361,30.50981643610425,31.604716212346112,32.43057469941097,32.97835839697592
20160326_174634_1281_721,32.40204671582022,33.71239129049103,34.434581903468306,34.69947836892385
20160326_174634_1921_361,11.249874159503209,11.30373788029274,13.445985270614319,13.499848991403852
20160326_174634_1921_721,34.96618214788116,36.450503377394824,35.83920144484217,35.94888291674359
20160326_174634_1_1,24.01130072674925,20.49570724806607,21.782373914732737,21.782373914732737
20160326_174634_1_361,49.47334016992747,51.85085045983466,52.36322002467724,53.47393300625682
20160326_174634_1_721,44.5500209514206,45.570470734473226,46.536502485480845,46.76573103689902
20160326_174634_641_361,17.21176477867511,18.324564328517663,19.031764778675107,19.635010922625195
20160326_174634_641_721,40.09342300927013,40.41714352035011,40.3115836213534,40.72585820540952
20160328_150820_1281_721,76.99420110495268,76.82069545200368,76.30108192770523,76.49236571033683
20160328_150820_1921_361,27.03008545097518,27.854623508571276,28.52307217123898,28.640504368778068
20160328_150820_1921_721,54.55091171026422,55.664886897904054,55.02892516268017,54.494875060881384
20160328_150820_1_361,60.63194415835716,60.28915933830973,60.29377617417728,59.68298832161727
20160328_150820_1_721,35.22215672864408,35.559659005417906,37.03754321579023,37.295290295503946
20160328_150820_641_361,5.438888888888887,5.438888888888887,6.5266666666666655,6.5266666666666655
20160328_150820_641_721,47.6011203126957,48.3670754706662,48.44769935269596,48.3174262638748
20160328_150821_1281_361,49.291656384850725,51.23192910392821,51.40646024391084,51.86870727235976
20160328_150821_1281_721,3.12052842860055,3.12052842860055,3.676083984156106,3.6075338539915514
20160328_150821_1921_361,34.61334613127431,34.57038235871241,36.42089490915005,36.69631847081082
20160328_150821_1921_721,49.746849718686725,49.357968227406445,49.35456783893492,48.69316944078132
20160328_150821_1_361,48.703868045555325,50.17886662687558,49.24167013962926,49.19082074427025
20160328_150821_1_721,16.81034446951354,17.87756401061,18.120900025069098,18.20382576891486
20160328_150821_641_361,80.45479331218715,81.7824244580512,80.99007560205335,81.50408791730099
20160328_150827_1281_1,36.161533516651055,34.98763624101259,38.0533812064784,38.35329243794478
20160328_150827_1281_1081,58.79484283666012,61.05876006420332,60.96825822607784,63.101322390023505
20160328_150827_1281_361,69.08937681307725,71.41890064260204,70.69069748101576,70.50568555141214
20160328_150827_1281_721,51.680876677230046,51.464640629371026,52.14571035675305,52.76256188702
20160328_150827_1921_1,39.278354006931565,39.01763816579833,41.95629607121825,42.325367394705424
20160328_150827_1_1,33.3834917175641,31.774574045744373,32.74465174353248,32.58441575625285
20160328_150827_1_361,28.408469741878633,29.616426931368306,29.70944324051961,29.736298730755856
20160328_150827_641_361,57.137854298771465,58.43975231080015,56.73821028469806,55.33558971344359
20160328_150927_1281_1,8.522783975223462,7.178173326528772,7.310951104306549,7.083782735734326
20160328_150927_1281_361,38.18768239250004,36.62431551331764,38.17219541072605,37.481052785849876
20160328_150927_1281_721,61.5340018615427,63.000255914605184,63.11185905539729,62.679550763205505
20160328_150927_1921_721,22.86314688165055,24.149144195125963,25.08536910387277,25.306956576715713
20160328_150927_1_361,57.00189151845558,58.55842091354448,57.346012711406935,57.797440730150676
20160328_150927_1_721,56.875320331006684,59.4775275372039,57.14925847513117,56.82346105561745
20160328_150927_641_361,65.37378504168677,66.82134899842399,66.7699455740717,67.06850154872065
20160328_150927_641_721,50.175828863963844,52.164910683376895,51.418516657332624,51.757895587704084
20160328_150932_1281_361,64.44543100319811,65.4781435845829,65.66847843533414,66.2867862121671
20160328_150932_1281_721,26.510008594613776,24.13021329540463,25.155272968956886,24.304554195253175
20160328_150932_1921_361,65.5419872205546,65.25279952442133,64.34319465043251,62.25279952442134
20160328_150932_1921_721,34.36845642641489,35.13809211282421,35.6950858507106,36.145222109803576
20160328_150932_1_1,12.554578398851547,12.869382967510745,14.750689509962655,15.065494078621855
20160328_150932_1_361,72.77247411439949,73.37235906066239,72.08766917609098,70.90069239399571
20160328_150932_1_721,64.81225354599619,64.87975686487437,66.13443312960554,64.97600586289016
20160328_150932_641_361,58.18621431484436,57.3933115868128,56.555556355221526,56.22448191505802
20160328_150932_641_721,56.83117540100292,56.92177769743978,57.11736491535775,56.16487699607751
20160328_150933_1281_1,25.305805253897066,21.321050072614835,21.980347137866243,22.119383405948167
20160328_150933_1281_361,48.41918818332457,48.956119818072814,49.01430068251513,47.95232215110835
20160328_150933_1281_721,35.716296046195254,36.2912440842493,35.434977503545845,34.73001444280755
20160328_150933_1921_361,61.39016100163044,61.95522901579837,62.305563212595274,61.38701596326612
20160328_150933_1921_721,61.926018228597435,63.17347800588961,62.40150553414594,61.74475952636532
20160328_150933_1_361,30.34202339122939,30.46861385837178,31.43370673643446,31.40121073463593
20160328_150933_1_721,57.354685775947125,60.11177318575614,58.164427569923596,56.88955096353393
20160328_150933_641_361,20.286407625185205,17.834612312996136,18.020709957523966,17.63470858887028
20160328_150933_641_721,59.53794383772086,60.604492111923314,60.201455778358884,59.991983292861114
20160328_150940_1281_361,4.710680154322775,4.720593962965109,5.642902376544997,5.65281618518733
20160328_150940_1281_721,46.08061034568515,45.99347793459279,45.10607894702906,43.9726195850089
20160328_150940_1921_361,37.04062308040417,36.70199595978639,36.50006280106148,35.983031448439824
20160328_150940_1_1,27.664285504780395,27.99634465578568,28.043042957820635,28.1580317997544
20160328_150940_1_1081,34.541444864034325,33.06525388130308,33.22746660507781,32.19761933256689
20160328_150940_1_361,37.277756164173645,37.13289510702986,37.52272964787119,37.29809140521183
20160328_150940_1_721,0.6638888888888874,0.6638888888888874,0.796666666666665,0.796666666666665
20160328_150940_641_1081,0.5555555555555549,0.5555555555555549,0.666666666666666,0.666666666666666
20160328_150940_641_361,34.96425253933385,34.803249397998826,34.32226745288606,32.93336592169261
20160328_150940_641_721,39.988613524729935,40.0114159882734,39.425715767740144,37.78229126085047
20160328_151013_1081_1281,27.392126622463064,27.565105491423036,27.62424543608683,28.004310297531752
20160328_151013_1_1921,24.62874923730116,24.6909830383116,24.703592638361478,24.47333574529673
20160328_151013_361_1281,47.694163299143646,49.36119049612767,47.80252549822014,48.11266063512996
20160328_151013_361_1921,1.9944444444444425,1.9944444444444425,2.393333333333331,2.393333333333331
20160328_151013_361_641,14.79870199627742,12.393406041466381,12.947850485910825,12.947850485910825
20160328_151013_721_1,55.30167486597036,55.38760364791163,55.67914517418709,55.29381239578092
20160328_151013_721_1281,31.888042258521615,31.33698322071046,31.256161643316833,30.903188072715654
20160328_151013_721_641,68.87978912536005,70.02820056530621,68.9663163199286,68.24093312437658
20160328_151014_1281_1,30.446106727561606,29.76372688161448,30.18224715271905,30.35095595095126
20160328_151014_1281_361,30.623480832996474,30.164445484380646,29.78473151582862,29.342657047945668
20160328_151014_1281_721,57.14296687277518,57.199523606003545,56.23623717800322,55.196501909776345
20160328_151014_1921_1081,33.77410183532267,33.18465609473638,32.96525568466956,31.982526732836224
20160328_151014_1921_721,3.3333333333333326,3.3333333333333326,3.9999999999999987,3.9999999999999987
20160328_151014_1_361,58.38670383866141,58.360914144874485,58.92813493031285,58.17714372227463
20160328_151014_641_361,69.11201674432283,70.68866515398102,69.94390178444596,69.91914013452838
20160328_151014_641_721,16.655158742968318,15.077055456772703,16.53339894546852,16.542551128094125
20160328_151027_1281_1,16.266768613918718,16.483682593034406,16.152499804694962,15.27133602336942
20160328_151027_1281_1081,39.9787693194228,38.46280621145412,39.79662645516402,38.72204163478512
20160328_151027_1281_361,26.935923867946443,27.317404523929323,27.26517267786756,26.004313897591786
20160328_151027_1281_721,10.954988268687673,10.542878869621704,10.386680995051718,9.871941919645668
20160328_151027_1921_1,31.99549795571946,31.677347502005492,30.94881797278819,29.2756796452324
20160328_151027_641_1,43.488695920775086,40.38890121458063,41.028881319042654,40.17766319436269
20160328_151027_641_1081,15.442518484203951,13.086237009585384,13.818459231807607,13.818459231807607
20160328_151027_641_361,25.60205286116644,24.975650242494176,24.365108047286974,22.942726679347555
20160328_151027_641_721,31.1208224882304,28.938503417708333,28.73155586240913,27.97721976784938
20160328_151056_1281_1,28.32068001683281,25.09770972624127,24.853734073893502,23.58893976260622
20160328_151056_1281_361,34.705866538187564,30.104777821747568,30.10475542707645,29.360293575447837
20160328_151056_1_361,53.59460235507505,49.49746427178653,49.54849124396395,46.58918349526076
20160328_151056_641_1,15.683236660699226,15.129034678251946,14.733132803797599,13.338393077468078
20160328_151056_641_1081,35.38680615560571,31.01028312433367,31.206741043720864,30.314306863487957
20160328_151056_641_361,51.035321744135665,49.85500733721149,48.76859131879557,45.66775609880702
20160328_151056_641_721,40.11418495761435,35.66165446775465,35.66807384650325,34.29406476414986
20160328_151151_1281_1081,4.136518590283205,4.208187981614539,4.6920741458387605,4.563664766000343
20160328_151151_1281_721,11.464774991522637,11.011513087121546,10.980104469448687,10.56797056189716
20160328_151151_1921_1081,15.880912141345005,14.509440591978212,14.480356917865873,14.182897061300686
20160328_151151_1921_721,21.612279492127815,22.784797003910747,23.009501714350037,22.429303061712563
20160328_151151_1_1,25.632766839141663,24.557848510248668,24.541923024646202,24.535842220296047
20160328_151151_641_1,4.697670729543113,4.704982653229513,5.629892951765335,5.637204875451736
20160328_151151_641_1081,16.208424065863994,14.670369712171263,14.980457278487547,14.562119675614182
20160328_151151_641_361,31.292657518278645,29.420075413887293,29.409470381591003,29.055336079215486
20160328_151151_641_721,37.71606143784535,37.25888357145633,37.345804576731325,36.83011825083739
20160328_151201_1281_361,35.67651650780284,35.130746289753766,37.89758818483859,38.003084971628176
20160328_151201_1281_721,83.93169353995128,87.14535483196103,87.14535483196103,87.14535483196103
20160328_151201_1921_1081,55.76491130015398,55.88833680424119,57.190060867375394,58.51736980274368
20160328_151201_1921_721,67.78310035684537,68.3096155695444,69.80367747246274,71.23835647963959
20160328_151201_1_1,60.95530997004699,63.002737527903626,62.00908842692105,63.727101733558285
20160328_151201_641_1,14.21111111111111,14.21111111111111,17.05333333333333,17.05333333333333
20160328_151201_641_361,51.49782713275144,52.5958528213613,51.946850313346225,52.078488944453525
20160328_151212_1281_721,64.25489500642328,63.475925383885,62.73207256436646,62.31162164417567
20160328_151212_1921_1081,8.163073847070608,8.574085463076276,8.49640718040394,8.019148976334487
20160328_151212_1921_721,90.20046623529939,92.16037298823952,92.16037298823952,92.16037298823952
20160328_151212_1_361,84.51117650192035,85.815664016677,84.67733068334367,85.33227453486961
20160328_151212_1_721,16.214741019273625,16.613244778683907,19.05918546371807,19.45768922312835
20160328_151212_641_721,85.74660920914339,86.59562070064806,84.59395403398138,84.59395403398138
20160328_151241_1281_361,76.68179457772116,76.52521155238632,75.92032482407205,75.51076467436103
20160328_151241_1281_721,65.53555350485276,64.34939108255679,67.41655889943425,66.29410717012728
20160328_151241_1921_361,71.96653035676582,71.26411442450268,71.3387565556032,71.0039400232116
20160328_151241_1921_721,50.28147581370577,46.18079540511579,48.28147581370577,48.02381983378466
20160328_151241_1_1,26.45872586784129,23.02001961974153,24.291401241551803,24.477550783985823
20160328_151241_1_361,85.39943545019578,87.57960849522036,87.57960849522037,88.31954836015663
20160328_151241_1_721,87.11764010719426,88.35577875242208,87.01744541908874,87.01744541908874
20160328_151241_641_361,89.59762303846607,90.38865398632842,89.09920954188397,89.09920954188397
20160328_151241_641_721,51.1533992677041,49.26768862742575,48.3603874839722,47.18176614551483
20160328_151243_1281_1081,37.70920301696059,37.91929177241452,37.64056946163416,37.83591814624029
20160328_151243_1281_361,82.87067624042996,85.27320765901065,84.2498743256773,84.2498743256773
20160328_151243_1281_721,41.65662502062242,40.38564446452534,41.235663700884295,41.489705988224465
20160328_151243_1921_1,26.033404702453804,23.880553324426035,24.568836119540133,24.510158171734847
20160328_151243_1921_1081,71.18132310483966,70.3988342992236,71.95632472371224,71.16341096822778
20160328_151243_1921_361,49.77771826486026,48.866576191735966,49.18494165765188,49.56766590227859
20160328_151243_1_1,24.644365814529895,21.81298669441975,22.29435429147798,21.681646346396338
20160328_151243_1_361,83.48502857347015,85.11417207165367,83.6435974652149,83.57583873832033
20160328_151243_1_721,47.23276531272101,49.51210451679832,49.77402829898467,51.04014246358189
20160328_151243_641_1,56.29147450299838,55.86616979559571,57.38527879541824,57.45940604719808
20160328_151243_641_361,86.98185700457103,89.02993004810126,88.47437449254572,88.47437449254572
20160328_151243_641_721,57.92162089181435,58.40864614745005,58.77363174739265,59.37176995801073
20160328_151247_1281_1,77.99316342432878,79.42234943774523,79.17214531952213,78.35938342035368
20160328_151247_1281_1081,54.1382988958123,51.67221643283813,51.35570600988552,50.61032662922169
20160328_151247_1281_361,65.464319526269,65.6914123526131,66.65279282151316,66.8931391276595
20160328_151247_1281_721,47.17977434269093,46.20297891328528,46.281208746804694,46.4762486960028
20160328_151247_1921_1,41.46658735968056,39.261795749511656,41.91236651059435,41.892128365579055
20160328_151247_1_1,20.425116070013715,17.658032529596717,18.239908746400264,18.287451533514997
20160328_151247_641_1,30.88679824191778,29.23341130845154,30.709104147398868,30.64694180452846
20160328_151247_641_1081,67.4797011835865,67.84021325917602,69.05326170700536,70.1043307178772
20160328_151247_641_361,46.17239382576405,44.07686697290616,44.100957885796824,43.643066568163235
20160328_151247_641_721,65.50644270105091,64.00727107705684,65.04792422680924,65.42607008355813
20160328_151252_1281_1,43.32483047865868,41.334627921808966,41.49921543161175,40.99735602998804
20160328_151252_1281_361,53.649267078453455,51.87206013805723,51.4622300303472,50.7568516559606
20160328_151252_1281_721,26.52742275867364,24.235350870328425,25.129497588775042,25.029200325601238
20160328_151252_1921_721,16.511344998499165,15.470920434099913,15.550547973571849,14.998709808744351
20160328_151252_1_1,31.464851229145307,27.299649417154008,27.688402761594986,27.41437429443429
20160328_151252_641_1,29.65805554966915,28.561310253699858,29.75722588993126,29.414613167272513
20160328_151252_641_361,39.34362994855909,37.65381951649685,37.95842863552891,36.279019054116496
20160328_151343_1281_1,22.10725643262762,18.41992908550969,18.41944382003296,18.304553454833336
20160328_151343_1281_361,48.81555256511292,48.88379045823162,47.6797001000266,46.34951165738926
20160328_151343_1921_361,17.399022664059213,14.958781237493968,15.772333017704002,15.847670126382853
20160328_151343_1_1081,23.240651080360692,22.848542731046734,23.330989150764214,22.96096135818693
20160328_151343_1_361,43.72947457070805,45.03897880327822,45.35534471886395,45.35529226983943
20160328_151343_1_721,22.61886260503992,18.42842341736527,18.761756750698606,18.761756750698606
20160328_151343_641_1,10.00773700736451,9.10248112008707,9.284270328743093,8.975944521912897
20160328_151343_641_361,65.04346176133399,64.85187422831622,63.724566122991774,62.28716339749385
20160328_151343_641_721,47.077771732480706,45.318118127974245,44.4897899435518,42.865540421496114
20160328_151355_1281_1081,67.06678290611337,69.32704544757051,70.41822270646904,71.47107180709365
20160328_151355_1281_361,74.37202862741569,76.64392414569973,75.16660685714947,74.70781303458863
20160328_151355_1281_721,87.90129287973812,90.1797937539293,90.1797937539293,90.3210343037905
20160328_151355_1921_1,30.30740864788025,29.03209999987363,29.473424660605417,29.038833152396172
20160328_151355_1921_361,27.310165842307153,23.258760002415205,24.315946338130463,24.4337600024152
20160328_151355_1_361,76.85021010522306,75.7203631786639,74.80085658330351,73.80584794156589
20160328_151355_1_721,36.179506434210836,33.45950038363847,34.60339239252528,34.380265574039484
20160328_151355_641_361,38.78881793347938,37.75061047486685,37.42014573275911,36.391983830998996
20160328_151355_641_721,43.04109729994092,39.912789959489444,39.63626326343576,38.89704234317122
20160328_151402_1281_1081,69.6134257789152,69.52819834027981,71.4086558331599,71.929825637372
20160328_151402_1281_361,33.39813695822056,32.88001512138251,33.73091074277934,33.90560721267168
20160328_151402_1281_721,93.15725102778494,93.57040747521643,94.0481041487222,93.57040747521643
20160328_151402_1921_361,92.06119856800505,91.34359473941328,92.49627679690865,91.34359473941328
20160328_151402_1921_721,69.26246515998331,68.31218263911423,67.42191071688377,65.35273819466978
20160328_151402_1_1081,46.91392667648036,44.19462642110087,44.80270400429458,44.754986174796876
20160328_151402_1_721,54.154775382960054,50.79412748225802,50.976442049626726,50.24585783829729
20160328_151402_641_1,46.37026583801445,44.99017715317354,44.78079139046509,44.699428640272885
20160328_151402_641_1081,35.97304703676577,35.32040031152989,39.680140687298504,40.05895687787538
20160328_151402_641_361,51.41540938263982,48.96513005895734,48.871911522042176,47.98543124660883
20160328_151402_641_721,98.1189946054185,98.4951956843348,98.4951956843348,98.4951956843348
20160328_151409_1281_1081,28.75316427481822,27.174671203159235,26.802349442292666,25.169397163809943
20160328_151409_1281_361,46.55640758962246,45.29847416267526,45.12452927404691,44.25301584895467
20160328_151409_1281_721,14.315060323343806,13.625137376354424,14.141851286216003,14.143064883396333
20160328_151409_1921_1081,28.774573965721228,28.313087664399898,28.08759584457643,26.58175392333504
20160328_151409_1921_721,27.25828379463744,24.147220590161712,24.05998802744958,23.57664771668977
20160328_151409_1_1,22.81337250748304,21.25853553611399,22.722323793532013,22.43423260226149
20160328_151409_641_1,38.76713083331951,38.5209896692434,38.84594287972387,37.737131579027995
20160328_151409_641_1081,44.65469423350606,43.58704406093553,43.186730476326986,41.857715889355276
20160328_151409_641_361,68.11965106056917,70.51984739706887,69.10361745609545,68.25040295262443
20160328_151409_641_721,61.56440768977861,60.12411218097219,61.35423288474898,61.453506966491524
20160328_151413_1281_361,48.4893807222631,49.086026294991136,47.48624924988605,46.611058668020654
20160328_151413_1281_721,34.96842362565859,34.479934417322895,33.64671628793189,32.30784182597555
20160328_151413_1921_361,19.616434934098653,17.979291881189276,18.51141678612208,18.444453692968878
20160328_151413_1921_721,48.29532937673919,47.06290421402881,47.49287107308519,46.29410756105637
20160328_151413_1_1081,34.19621428914586,32.56870139606057,33.15845857784647,32.65301262330045
20160328_151413_1_361,60.168815180314425,61.29808048131405,61.63126515715211,61.50868279257544
20160328_151413_1_721,66.6431951417508,67.00643372562062,66.54737188278598,64.88601313240328
20160328_151413_641_361,25.22142145986358,26.422876868739603,25.60238585961054,24.924785852815653
20160328_151413_641_721,31.280054251465472,31.100615568896455,30.765088397223778,29.69509774451774
20160328_151423_1281_1081,38.435311826843886,38.089747768705166,37.68948312182571,36.437667644122904
20160328_151423_1281_361,14.053452024698174,13.671267497200432,14.135463278768185,13.425481167734144
20160328_151423_1281_721,19.975992821751575,19.474777210789362,19.810752589364494,18.597732389139885
20160328_151423_1921_1,9.225412512240434,8.256653250214887,8.242021322892116,8.029593864437885
20160328_151423_1921_1081,29.06517165729917,27.088649670795323,27.98007245776939,27.415958418557874
20160328_151423_1921_361,15.174413298821325,15.270988893996307,15.02728785197099,14.489154945329918
20160328_151423_1921_721,42.16267080496026,38.94243995553657,39.42248111460491,38.54116543694263
20160328_151423_1_1081,31.034973403312016,29.19994012315846,28.61858644461734,27.141797190842958
20160328_151423_1_361,38.70685410216673,38.83272404473404,38.44212813993378,37.600008424667244
20160328_151423_1_721,17.391051890852975,17.61196751280506,17.562400702268434,17.203086244866736
20160328_151423_641_1081,39.2865586234903,39.87149206916397,38.88358324363638,37.22062010540298
20160328_151423_641_361,22.469103708774075,19.46442799815162,20.574486202701227,20.546277669031156
20160328_151423_641_721,56.88893015529273,58.42928507682096,57.52613737596249,56.63743952595111
20160328_151429_1281_1,56.51779546535456,55.65956721624976,53.94458838747765,52.19974958538343
20160328_151429_1281_1081,46.75661150156664,42.652137983583074,43.53438927934442,42.751897720841725
20160328_151429_1281_721,33.97009038746446,29.168719225440693,29.878979276353345,29.39110776370181
20160328_151429_1921_1,42.989328596249116,38.65219013678445,38.989328596249116,37.717185958069955
20160328_151429_1_721,60.94653362408895,60.30011464166052,62.12063964944963,61.46728799480405
20160328_151429_641_1,41.22260169018766,37.38776489365899,39.653520695087444,39.8154586381821
20160328_151429_641_361,42.35753598758697,41.68126259506093,41.698106926582874,40.519006793692355
20160328_151429_641_721,50.80275206178763,47.03012859372577,46.66830761734318,44.82806582441749
20160328_151504_1281_721,59.028905665436135,60.670874307399814,59.33523324056429,60.55440666601998
20160328_151504_1921_721,81.62617604629146,80.23744346207111,80.29284271295813,79.8568090019258
20160328_151504_1_1,15.753072616708568,14.402177329846728,14.59427634393435,14.080482287413831
20160328_151504_1_361,35.286588173744214,34.88947737762343,35.478814322770155,34.857263315368584
20160328_151504_641_1081,69.59970576946938,66.42517101314532,67.08526132502493,64.30180621403846
20160328_151504_641_361,15.543181011216223,15.45324443268323,15.639024593258197,15.169651154489717
20160328_151504_641_721,49.58550830350428,51.24681131020704,50.90877344494393,51.62448237332965
20160328_151506_1281_361,44.09898233948617,41.47510017846789,43.52869587375895,43.17199448100682
20160328_151506_1281_721,37.036115783473655,35.2311072234509,35.436342973559185,35.07175445989569
20160328_151506_1921_361,47.15629229649708,43.211536897193945,42.48962562983041,40.50218970525806
20160328_151506_1_721,63.668156108259396,64.34342372916771,63.241933045883826,64.06639514206421
20160328_151506_641_721,78.68016667927597,77.50055667988724,76.79127779038708,76.80713556686555
20160328_151657_1281_1,22.638586134141264,20.804404594811647,21.0692809791529,20.774449471963845
20160328_151657_1281_1081,46.12620298951033,42.24840694280807,41.61453632284367,40.122036964870404
20160328_151657_1281_361,30.670707211901032,29.239117272012372,28.88344235106596,28.44569338919142
20160328_151657_1281_721,66.90182877236589,64.73673740703752,63.36160021246512,60.891737407037525
20160328_151657_1921_1081,38.56200970082927,36.75756699164416,37.086668865889514,36.85807067883936
20160328_151657_1921_721,12.334626930432721,10.704258263900417,11.130826332363082,11.232343185198628
20160328_151657_1_1,32.16697741904949,32.40239248358057,31.484161892484202,30.587820895210093
20160328_151657_1_361,40.70477195319033,40.03295209380685,39.071807747708085,37.67943958808313
20160328_151657_1_721,23.396510914521865,19.316653176061937,19.91609762050638,19.91609762050638
20160328_151657_641_1,58.54246655820009,58.00130409732178,57.47146137116634,55.52254758775984
20160328_151657_641_1081,24.33984198893742,24.624974789402128,24.295963095548895,23.32323031218973
20160328_151657_641_361,33.37126060281754,32.94582528346275,33.843666264056424,33.865770965511146
20160328_151657_641_721,74.48205908597052,76.6318018132033,77.35580738200338,76.59985835339846
20160328_151728_1281_361,32.70962513398931,31.594094636627503,31.041655424340338,29.93257853176578
20160328_151728_1921_361,32.156348423266806,31.11239394741426,30.48712476813481,29.197839319394568
20160328_151728_1921_721,4.552777777777778,4.552777777777778,5.463333333333333,5.463333333333333
20160328_151728_1_361,35.22536817043995,33.723977637137814,33.622585386610076,32.11196792629632
20160328_151728_641_361,32.27695379871587,32.27658877431223,31.8035064967538,30.84772759408956
20160328_151804_1281_361,15.09389915967574,15.84136898329615,16.16001027078685,15.702281197203638
20160328_151804_1281_721,5.271955923651437,5.383625377678794,5.715844812540325,5.328681424753641
20160328_151804_1921_721,51.26014371416956,49.61976212905631,48.87605249941739,46.49553423061348
20160328_151804_1_361,10.224192253779027,9.341557939782763,9.47980476044131,9.236193495039458
20160328_151804_1_721,25.147282259182578,23.45786558407823,23.22622680408014,21.821103367342236
20160328_151804_641_361,45.38636271806558,43.61897389720802,43.54552097904776,41.342662677439655
20160328_151808_1281_361,30.479133455854303,29.738375117642324,29.818971518786107,29.195447295729203
20160328_151808_1281_721,17.365817318651313,17.47583059716124,17.512324804484102,16.30410988471977
20160328_151808_1921_1,0.0,0.0,0.0,0.0
20160328_151808_1921_1081,37.99474358470188,35.01394387046503,34.572994903460376,31.277692801770808
20160328_151808_1921_361,12.639500431588443,13.232267818371183,12.927278209366222,11.872690674391787
20160328_151808_1921_721,29.628094377068436,29.806366585836575,29.427443839353685,27.12698766128718
20160328_151808_1_361,11.171480404991327,11.697319787184716,12.704258182769104,13.054418643935396
20160328_151808_1_721,42.39605639149322,42.95511149035175,43.139638599502575,43.32556867267072
20160328_151808_641_721,54.82158403571198,54.06471458375191,54.068141166970165,52.55708072879973
20160328_151814_1281_361,15.143266171117146,15.763807896104176,17.143266171117144,17.355696386867773
20160328_151814_1281_721,41.60409442193821,43.74007199835888,43.165381616573185,44.21043407889973
20160328_151814_1921_361,67.8734557793498,71.59698721287391,70.92365387954057,72.95209795681318
20160328_151814_1_361,48.69445434497649,51.94526740756967,51.84096087608956,53.45973209449697
20160328_151814_1_721,7.2222222222222205,7.2222222222222205,8.666666666666664,8.666666666666664
20160328_151814_641_361,16.690208804468334,17.033853543723414,19.621319915579445,19.901678744307045
20160328_151814_641_721,57.572335046389014,61.43465851642384,60.583293659704275,63.02504219499476
20160328_151945_1281_361,32.62291374235412,34.496027963536285,34.06735818679857,32.733448325136514
20160328_151945_1281_721,10.811139556221198,11.301336249319464,11.366695111776753,10.7404161422846
20160328_151945_1921_361,20.690532186027866,22.091514005748586,21.421643297138974,20.816611610485953
20160328_151945_1921_721,17.354483330719376,18.255025494578568,18.02114999738604,17.018004325627214
20160328_151945_1_361,36.31023857492551,37.20014492000443,38.04779027507379,37.575122372023934
20160328_151945_1_721,24.65268219943102,23.923359029699526,25.18824746822198,24.734591104722124
20160328_151945_641_361,50.09136581107474,52.05510231463799,54.693272593901746,54.79675209033228
20160328_151945_641_721,33.54945804984314,33.95984900623197,36.62901027799293,37.05679945190814
20160328_152308_1281_361,23.346508600674632,25.066550481618016,24.34650860067463,24.117290642426475
20160328_152308_1921_361,49.26634006808722,51.39861063288068,52.07717910068218,51.818157341089
20160328_152308_1921_721,42.98313076796977,45.29038360065446,47.50979743463643,48.05434361307853
20160328_152308_1_361,52.18240701635044,54.801413642484576,54.998389613885436,55.01641811472307
20160328_152308_1_721,7.3934048676339525,7.559243685563135,8.504515978745065,8.468623752187748
20160328_152308_641_361,50.526180663554996,52.38921370872921,51.08832295498195,51.022726038338526
20160328_152322_1281_361,15.401439293017678,15.3985704910028,15.394434157455777,14.902757434841519
20160328_152322_1281_721,7.518976454045183,7.843592950309283,8.18564312071185,7.997747489097678
20160328_152322_1921_721,21.895128770778587,23.39868128418378,22.672906548556366,22.07876359898881
20160328_152322_1_361,26.803413738075125,26.769301835144937,27.566748192166397,26.601171609750523
20160328_152322_1_721,33.713411514176926,33.60490941673522,35.524443425060895,35.57610563913462
20160328_152322_641_361,24.3725726501824,25.498052699051645,24.681490745192782,23.971182027863644
20160328_152328_1281_361,62.76542153817862,65.7066372965227,64.70104791733351,65.63018265558796
20160328_152328_1921_1,24.294988504394887,22.915589324498935,23.627581315604463,23.965340154638195
20160328_152328_1921_361,33.26875425635106,33.79316798912429,33.55217520804889,33.04365563389835
20160328_152328_1_361,35.23539372961993,34.607229482835,35.484851199762105,34.87751599428617
20160328_152328_1_721,26.43896566209837,28.16634297773679,28.546187884320588,28.820371605399984
20160328_152328_641_361,8.844570309523927,9.266459685526085,9.755125865079483,9.740546110734567
20160328_152328_641_721,28.950533499212277,29.633366541730304,29.280496256841314,29.64394514692557
20160328_152336_1281_361,72.14513250202765,75.42245284453128,75.42245284453128,77.71610600162212
20160328_152336_1281_721,59.77757171587228,62.078539428474876,63.60062645368964,64.77788332226828
20160328_152336_1921_361,82.55417378547207,85.5347174277859,85.53471742778592,86.04333902837766
20160328_152336_1921_721,5.598228036233423,5.606762532368996,6.709339147344534,6.717873643480107
20160328_152336_1_361,60.66100538910075,65.66100538910075,65.66100538910075,68.52880431128061
20160328_152336_1_721,38.09231322467773,39.923640546507386,43.09231322467774,44.1365052234015
20160328_152336_641_361,61.61737779652179,65.48376850768007,64.26154628545784,66.849457792773
20160328_152336_641_721,21.952670243732232,21.689271005505336,23.03955804008968,23.306006570261534
20160328_152514_1281_361,16.957724315314653,17.02267853760378,17.18662825556746,16.436057794102133
20160328_152514_1281_721,10.404102663172498,10.91047493021367,10.914102663172498,10.356026664620341
20160328_152514_1921_361,6.445208189677623,6.600294639656385,7.177430411899845,6.930783896144065
20160328_152514_1921_721,35.87366670324026,38.068819046739236,39.138111147684704,39.618126938479044
20160328_152514_1_721,34.97464143415175,36.70991469736814,36.49530241567003,35.87115993293983
20160328_152514_641_361,25.745543622480195,25.712634070074735,25.035389887699665,24.173145484956514
20160328_152514_641_721,11.076359772257177,9.699560410996998,9.975929915930044,9.992793252384097
20160328_153020_1281_721,36.31784668492182,37.85596057332232,37.39216643466902,37.43519895857739
20160328_153020_1921_361,16.47723596237872,16.221615022177406,16.584147012387774,16.712280345037804
20160328_153020_1921_721,19.82000365507727,21.202866324141016,21.26222587729949,21.50617270663375
20160328_153020_1_721,40.04157863968103,40.89420681192427,40.137472713943275,40.38228666326236
20160328_153020_641_721,35.06901185875045,36.5579489523804,35.94457286035936,35.94862833770911
20160328_153241_1281_361,12.841352334261128,13.095498500634427,14.48246344537224,14.063596422377728
20160328_153241_1281_721,62.050108527766845,65.64415491700309,66.23150693479623,68.4653827866272
20160328_153241_1921_721,56.79267486071592,60.985131412666796,59.318464746000124,62.10080655523941
20160328_153241_1_1081,24.830102718487666,25.41732150723185,29.112880496265447,29.604075307834055
20160328_153241_1_721,68.96444468543797,72.05637155252006,70.42700565051847,71.47250977457577
20160328_153241_641_361,47.22338910005611,49.14759361935594,51.64836556413955,52.777167390477665
20160328_153241_641_721,70.35870482776656,72.49972618536084,73.82222042124525,73.64197539044449
20160328_153327_1281_361,44.925262956386405,46.96134607834455,46.020361358932774,47.06217980393269
20160328_153327_1921_361,24.367393102097328,25.586054886833665,26.922948657652885,27.042349162261655
20160328_153327_1921_721,14.028863523966233,14.759750249494013,15.139974635077344,14.907086492450771
20160328_153327_1_721,27.730234880936173,28.955273822961786,28.631849984436087,28.062146692911437
20160328_153327_641_361,42.85148161744436,43.45595948234765,44.79238529701717,44.94166699794979
20160328_153327_641_721,16.100269476068902,16.894416488838516,17.786380587180016,17.84073182861657
20160328_153357_1281_1,24.082309422661744,25.015798346625573,27.146753867106188,27.26171427494595
20160328_153357_1281_361,27.6875986007462,29.449396033030578,29.106487489635093,28.511451522943492
20160328_153357_1281_721,39.24799929164469,42.58196219754266,41.29022151386692,42.15076968955614
20160328_153357_1921_361,76.0874063552788,79.87758552711342,79.76647441600232,80.64770286200084
20160328_153357_1921_721,18.288353490975517,18.30491307805951,21.92946460208663,21.946024189170622
20160328_153357_1_1081,51.318829158204196,52.54685537239928,53.531866146536686,53.30726400051077
20160328_153357_1_721,29.88241215179904,29.88938157319861,32.73771815192191,32.43147878621485
20160328_153357_641_1,28.0186446863026,30.192574426004388,29.351978019635933,29.42944189511232
20160328_153357_641_1081,32.38656876440604,31.402971483101368,34.09789639764755,34.02829407132134
20160328_153357_641_721,37.760238664232126,40.27840091840494,40.64912755312101,41.0222932175091
20160328_153404_1281_361,74.94613358327969,78.60182180336666,78.60182180336666,79.95690686662374
20160328_153404_1281_721,30.686227824689038,31.52921503940254,35.686227824689034,36.23495668917823
20160328_153404_1921_361,56.935353205442254,61.935353205442254,61.2686865387756,64.21494923102047
20160328_153404_1_721,53.813880163220695,58.81388016322069,57.25832460766513,59.93999301946544
20160328_153404_641_361,30.21530360797569,30.72045330256769,35.21530360797569,35.18254227556455
20160328_153404_641_721,73.30472896816929,76.7781072314428,76.7781072314428,78.64378317453544
20160328_153421_1281_1,56.35491772029664,60.111601334771436,60.77541115265516,63.75631454046985
20160328_153421_1281_1081,8.731558936114713,9.12664576226961,9.731003380559157,9.774309690090458
20160328_153421_1281_361,71.2717158640933,74.99853485421569,74.99853485421569,77.01737269127464
20160328_153421_1281_721,68.08119450443465,71.81399087019027,70.25843531463471,71.35384449243661
20160328_153421_1921_361,67.48199414173635,71.81820657766636,71.81820657766636,73.98559531338908
20160328_153421_1_721,29.375174197105274,30.86066225058403,30.237150965038644,29.720495262108315
20160328_153421_641_1,52.587092066853224,55.612321103639474,56.99114771622036,59.31202042832078
20160328_153421_641_721,49.7201309615743,52.46882831892028,53.252469393941126,53.764378174773306
20160328_153524_1281_361,67.29206589940355,71.2089654346626,71.03063210132926,73.47698605285618
20160328_153524_1921_361,43.58728836229835,45.05559530092668,47.70367385155485,48.1492291441379
20160328_153524_1921_721,63.489528079133464,67.28133765463404,67.72502173564357,69.90425430128771
20160328_153524_1_721,49.177353955274604,52.18745756502682,51.27853235337114,52.44195580975326
20160328_153524_641_361,44.49381385572655,45.843546321737996,45.13389282350019,45.4588025255013
20160328_153524_641_721,14.762601748481751,15.586278588100622,16.448712859592863,16.829657300245362
20160328_153533_1281_1,42.7632060014358,43.13989963584839,43.20938720557812,42.07158966168917
20160328_153533_1281_1081,62.44384240691364,62.324765524664386,61.50075305843098,59.2319877468866
20160328_153533_1281_361,40.735635308450405,39.955938985330484,39.91809005888667,38.52865054409238
20160328_153533_1281_721,30.55201148330505,30.116267207881936,30.14696126504782,28.824665516756713
20160328_153533_1921_1,19.727653521724044,20.037166852965672,20.250821663640224,20.243702084919015
20160328_153533_1921_1081,58.95502298830513,59.67149979571084,58.89447085313674,56.804742942458965
20160328_153533_1921_361,13.1802504453642,13.952077673933521,14.11136155647531,13.950077035652232
20160328_153533_1921_721,28.517421460852372,28.569860570300527,28.827753520672616,29.409262379048823
20160328_153533_1_1081,61.636105357618334,62.23038759645498,62.608398569478105,61.61730678449287
20160328_153533_1_361,9.587691227537398,8.763839224539149,8.81288719413715,8.460945931722803
20160328_153533_1_721,17.214827948675815,17.176294934763785,17.584873667297497,17.219149338317663
20160328_153533_641_1,41.72326316201689,42.9799393497899,42.00092388285518,41.11441924126074
20160328_153533_641_1081,22.201037575946632,23.61236423946805,23.066593131502188,22.31459449891125
20160328_153536_1281_1,9.013487693015113,9.424906833170505,9.323487693015114,8.653628434722876
20160328_153536_1281_1081,11.235301452545263,11.505905324965124,13.098634785878593,13.256115573542598
20160328_153536_1281_361,16.107270774921435,14.972729122581976,15.228790165694022,14.50480564482416
20160328_153536_1281_721,67.93804079202879,70.29157161729705,69.89241749288271,70.43318532689614
20160328_153536_1921_1,39.70763312678338,39.97403965743771,40.80898687783564,41.462878727297486
20160328_153536_1921_1081,31.196752257359268,30.333770137748594,31.18472184247959,31.2421650630921
20160328_153536_1921_361,64.42095673721533,65.39842220782315,65.71817614508986,64.57281307079441
20160328_153536_1921_721,34.3002526551494,32.632525042853224,32.840169743968225,31.9115793885562
20160328_153536_1_1081,5.54722222222222,5.54722222222222,6.656666666666664,6.656666666666664
20160328_153536_1_361,41.714270519197115,40.377461530336234,40.98394552430279,40.76511509409125
20160328_153536_1_721,6.309583209029758,6.349277628613486,7.531805431251979,7.571499850835709
20160328_153536_641_1,5.853804727269727,5.986696785094269,6.740471393936394,6.722161230798199
20160328_153536_641_1081,56.45232640143726,57.83922358239665,59.17204567233026,56.96510583017147
20160328_153536_641_361,19.54360259728503,20.80185692056767,20.82971370839614,20.72361294661552
20160328_153536_641_721,56.38654317011794,58.12327403553121,58.17761894829753,57.00054471056172
20160328_153540_1281_1081,5.666666666666665,5.666666666666665,6.799999999999998,6.799999999999998
20160328_153540_1281_361,41.51692140510567,41.74439637279335,43.22474961699035,43.583941746801635
20160328_153540_1281_721,34.46512929779354,35.56660976175245,35.456651386687085,34.45868685503225
20160328_153540_1921_1,12.876739096247277,13.118753582163398,15.21007242958061,15.452086915496729
20160328_153540_1921_1081,24.08066786401079,24.606181763068946,25.228199456931584,24.68716557015003
20160328_153540_1921_361,53.51733836878741,55.92085816929253,55.01540220549879,55.7336715115063
20160328_153540_1_361,42.374612152564985,43.06202223477206,43.22834848554466,42.97370388717346
20160328_153540_1_721,21.0983796960845,18.82663595676902,19.758398898403726,19.715177873598194
20160328_153540_641_361,39.479673397039065,40.041548762459726,39.75390080463464,39.707923522170304
20160328_153540_641_721,5.855336128233491,6.035595031460611,6.366447239344601,6.067008931263255
20160328_153544_1281_1,10.789452317149225,11.01623166946796,12.720563428260334,12.947342780579069
20160328_153544_1281_361,38.69252367470936,38.78695344722445,40.237711214869854,40.03250340447668
20160328_153544_1281_721,57.54821428020467,59.21884303622066,58.186363883954485,57.43686306202942
20160328_153544_1921_721,58.54453727887833,61.08536239151218,59.84151297586524,61.38999532106322
20160328_153544_1_1081,23.17172710878534,23.23500206252033,23.113867773037814,21.890761377104415
20160328_153544_1_721,44.49212346550405,44.15505576312354,44.150405567747065,42.882999163156214
20160328_153544_641_1,21.20113384628843,21.50569179700875,21.99228803601365,22.10993682124316
20160328_153544_641_721,59.8256943053889,62.2873577328361,61.5869778471832,62.594648548950246
20160328_153553_1281_361,41.38676880294318,42.30565422161533,43.8231578288136,44.71663005018023
20160328_153553_1281_721,36.32913452838453,36.811545887381776,37.008513420942876,37.200483666696556
20160328_153553_1921_361,46.154683348999534,48.59534663724069,49.609097798640974,50.4317999119546
20160328_153553_1921_721,15.509301817767218,15.936081483566067,17.95041292887833,18.143223008033694
20160328_153553_1_721,42.500928246967376,45.22408145234418,43.61574699135321,44.77296707511139
20160328_153553_641_1081,13.49309498256705,14.382069730176372,14.336428315900381,14.25909214793895
20160328_153553_641_361,24.434247146349996,24.25019081253901,26.34148823881502,26.031469531194652
20160328_153553_641_721,71.55290034339112,73.97806511974242,74.9605274746991,75.27739556479955
20160328_153556_1281_1,43.876948192682505,44.81177535477443,45.128565819963256,46.46797762376838
20160328_153556_1281_1081,40.731129946051794,42.648673004706374,43.865717897322895,45.34192528271951
20160328_153556_1281_361,50.65572460206131,54.345422584521344,53.413572813248635,54.83272366863892
20160328_153556_1281_721,51.43690993060318,53.85262179486517,55.99906716546921,56.856637203274474
20160328_153556_1_361,39.43951235238216,41.01606052888271,42.46146227193664,42.52747306246452
20160328_153556_1_721,15.683015815814173,16.200830107059144,17.213571371369728,16.64315234625239
20160328_153556_641_361,47.24935005728436,47.74158898018227,48.16816401312816,48.05744109104682
20160328_153559_1281_361,29.053515110510542,30.166596792456744,32.536292888288315,32.43453100785641
20160328_153559_1281_721,66.48508685770287,70.76899725684214,70.76899725684214,73.1880694861623
20160328_153559_1921_361,55.80358599833328,58.1642650635561,59.97302965409621,61.0253396175864
20160328_153559_1921_721,49.2527771961172,50.38755613354292,53.34152628083155,53.49428146231649
20160328_153559_1_361,56.99453026526182,59.7949512110815,58.72268492487519,60.346823451288735
20160328_153559_641_361,68.00228220312644,71.70680986463344,72.05008626475318,73.71527296226165
20160328_153559_641_721,14.042239007340832,14.295131253253443,16.597794562896386,16.850686808808998
20160328_153612_1281_1,51.97012063218918,48.01338039665856,49.19286587477931,48.106014438398745
20160328_153612_1281_1081,46.74012840730795,46.48994011746112,46.14194587818069,44.66142453774052
20160328_153612_1281_361,54.102540304460526,52.449376673637275,51.80696406884566,50.07574634204054
20160328_153612_1281_721,32.3528038386074,31.092357889546957,32.958470432217254,32.62779576332309
20160328_153612_1921_1081,34.569959144760794,33.87878671209942,34.54132126413894,34.13756487839624
20160328_153612_1921_361,31.549927531321824,29.83435515030619,29.610347209506564,28.612402351101164
20160328_153612_1921_721,35.62052627966711,31.58813139753658,33.28459815096757,33.17904307242725
20160328_153612_641_1,61.484899247720634,63.653423691099476,63.79148716246333,64.81845912211547
20160328_153612_641_1081,60.5436863416381,59.952479410000294,59.49747956761114,58.23383764697769
20160328_153612_641_361,48.96536493784478,48.21161435187142,48.30589436728768,47.87262080833221
20160328_153612_641_721,52.892039879158084,54.887770144350576,56.62453546669259,58.46232348086463
20160328_153616_1281_1081,48.707756073381745,46.87473935774808,46.90483348537734,45.479349936780224
20160328_153616_1281_361,60.729562436521455,61.492202355949175,60.82248573849019,59.607527628579604
20160328_153616_1281_721,22.643020888430136,20.590190940262154,20.48658433412153,19.743852145247576
20160328_153616_1921_1081,27.50802805871556,25.74788733949166,25.970170516180723,24.672967204705433
20160328_153616_1921_361,85.51580056883729,85.04688823515167,84.88893101177743,83.81966601292946
20160328_153616_1921_721,41.95790804427525,39.62974497979694,39.833995387016316,38.04671450987034
20160328_153616_1_361,66.93500247481742,68.0245123052794,65.45292380923334,64.46895674972384
20160328_153616_1_721,44.79864352491494,41.27990733429673,42.045108986476265,40.53073373779511
20160328_153616_641_1081,51.711950225442635,50.843259249698114,49.919065328112374,46.85350357908114
20160328_153616_641_361,80.27374253254035,81.11909702359604,81.15557190835291,80.38604425651855
20160328_153616_641_721,47.407279605015326,44.32590157147408,44.435682798926365,43.11959456244101
20160328_153623_1281_361,72.95835566543012,72.7788405332312,72.56816361733216,72.10137169747549
20160328_153623_1281_721,35.81986320250928,31.654756498864344,33.217457972969754,33.17493205824105
20160328_153623_1921_361,48.069799902999016,43.62407193163856,46.447022125221245,46.31882842412275
20160328_153623_1921_721,89.33144013113221,88.86995037958087,87.65921790890998,87.19772815735864
20160328_153623_1_361,64.84306456633202,63.032312560041504,64.05630981639388,64.03534602924977
20160328_153623_1_721,28.094524406235124,27.14338610699655,27.723571795201217,27.53747037080099
20160328_153623_641_361,78.82542185117845,77.43286480955298,76.5120885178451,75.64855673102517
20160328_153632_1281_361,51.94120206566482,49.4948606933456,52.04876431754146,51.27848773747347
20160328_153632_1281_721,71.32620479343883,72.05962276537892,73.7628072531289,73.6545948592511
20160328_153632_1921_721,87.07899106050266,87.90708173729102,86.15097062617991,86.15097062617991
20160328_153632_1_721,88.21268354478437,87.74410914263014,86.32379465589548,85.85522025374127
20160328_153632_641_1,46.23114373800391,42.11657616031179,42.694477071337246,41.68244650168554
20160328_153632_641_361,95.70859689840245,95.40546504001902,95.9861712793705,95.40546504001902
20160328_153632_641_721,66.53997339290243,64.75843379136364,67.66274868840894,67.42334892023136
20160328_153645_1281_361,75.86994703379513,78.9601755189787,78.64184218564537,80.05929096036944
20160328_153645_1281_721,28.02771984332695,27.224746624565803,29.59965049414693,30.274590357721532
20160328_153645_1921_361,31.98333689658811,31.79061782585155,33.36390312009879,33.55121003988712
20160328_153645_1921_721,80.42289767375902,83.22890194758263,82.5116797253604,82.90387369456279
20160328_153645_1_361,75.90011511182382,78.62213725800055,78.62213725800055,80.72009208945906
20160328_153645_1_721,27.76339508446598,29.08995672484473,31.00395064002154,31.34495045944139
20160328_153645_641_361,74.20559722866257,77.23605195751385,77.23605195751385,79.36447778293004
20160328_153645_641_721,15.677401947208496,14.24809148027973,15.591486520432179,15.530687033017458
20160328_153654_1281_1,24.800176288179493,23.399570456047027,23.439018271273483,22.427912066757337
20160328_153654_1281_361,30.188332662224006,27.863544053623336,28.544863899823024,28.37691532626871
20160328_153654_1281_721,62.795035186549306,60.6455671241392,61.52980881835294,60.534211427478645
20160328_153654_1921_1081,16.495344791938805,15.070363251223867,15.31161058424825,14.92933672305784
20160328_153654_1_361,63.20767137005051,62.246892051447176,61.43865609287462,60.449275679852185
20160328_153654_1_721,34.10871907098708,29.38775555850509,29.818719070987083,29.265048231825673
20160328_153654_641_361,62.39485348900439,61.3860455643015,61.434758498543296,61.27179025605325
20160328_153654_641_721,48.731082161689926,47.508299138869766,47.02926686591776,46.16515249747819
20160328_153657_1281_1,58.68847013148324,57.89064102214814,57.20140438367205,55.251471604361015
20160328_153657_1281_361,26.18101700794842,24.453847495209548,24.96737766619031,24.086642153286103
20160328_153657_1281_721,80.03041790860418,80.01822592998758,78.4146134617688,77.61378148554311
20160328_153657_1921_1,31.805291834958847,26.97316827363665,27.42640294606996,27.022208567544908
20160328_153657_1921_1081,39.16663386201821,36.84632212599998,37.00300687350307,36.61549315016395
20160328_153657_1921_361,48.242297586059635,45.615665790933036,47.091014534078056,47.107585027002116
20160328_153657_1921_721,45.23418702371582,44.51835931933223,45.108118592727116,45.034497738849545
20160328_153657_1_1,78.06586968265886,76.37071028585729,75.37420301599218,73.67904361919062
20160328_153657_1_1081,41.826054975100455,40.22308519672724,41.214284559457,39.11400081017641
20160328_153657_1_361,54.81326737880834,51.75479992605001,51.72328831622688,50.30474823380406
20160328_153657_1_721,70.42180387514146,70.07143676189355,68.53777326433669,66.96032565078245
20160328_153657_641_1,68.10478520573945,68.09032563210762,66.95374356501627,65.20143674321875
20160328_153657_641_1081,48.38457615548406,45.28354638101402,44.75263638916624,42.167258685860574
20160328_153657_641_361,79.28696599101318,80.10468269806815,79.93379441210602,78.88246047584593
20160328_153657_641_721,59.27020019938839,58.14945305216168,58.64213882004255,58.76634417930454
20160328_153702_1281_1,69.26355817976015,66.2072681228792,66.2630026242046,63.29715531893508
20160328_153702_1281_1081,88.60442297802278,87.42086312918289,87.50886742246722,86.32530757362733
20160328_153702_1281_361,75.39830578365587,72.5496336070537,73.3266391169892,70.47796694038703
20160328_153702_1281_721,30.674033428447494,25.695107129189974,26.184033428447496,25.60137414424295
20160328_153702_1921_1,40.783137283301386,37.96728545787625,38.27737361545087,37.157444622602995
20160328_153702_1921_1081,27.76410366543587,23.31317774005141,23.612969400296087,23.382810722970447
20160328_153702_1921_361,70.42160934332979,69.31970869754629,68.52516475277173,66.45081980865739
20160328_153702_1921_721,18.765015756822457,17.185290849172883,17.1407370019098,16.34112029998413
20160328_153702_1_1,64.85083432732654,61.311001192791835,61.36083432732653,57.82100119279183
20160328_153702_1_1081,62.21609607656803,58.92607524581438,59.32720718767914,57.41505742196933
20160328_153702_1_361,57.959375731572635,54.28157999835048,54.15715350935042,51.407464674369365
20160328_153702_1_721,37.41559536161333,32.90049424076517,32.8583731393911,31.78782960314991
20160328_153702_641_1,72.21829658475605,69.08473367948504,69.79551880697828,66.66195590170727
20160328_153702_641_1081,70.72785539893741,68.41009314539154,67.19118873227075,64.8734264787249
20160328_153702_641_361,63.85835997499396,60.84022784408943,61.202791319023476,58.7126721412382
20160328_153702_641_721,74.25949026057384,72.62366546043391,72.8424637143845,71.14555125611344
20160328_153706_1281_1,39.64490758690691,34.962972348763905,35.82157425357358,34.70538892657285
20160328_153706_1281_1081,68.46629543270019,65.2973406224262,67.19518432158908,65.89290450338996
20160328_153706_1281_361,85.17435695649819,84.23311723668672,83.15046806760931,82.20922834779782
20160328_153706_1281_721,77.63168425207408,74.79608419627462,76.36168425207408,73.89414729006035
20160328_153706_1921_1,71.04718539266257,68.56995580452843,67.73385205932925,65.2566224711951
20160328_153706_1921_361,16.477030747382926,13.626719176678042,13.892830287789154,13.71384682012856
20160328_153706_1921_721,55.92899365142955,52.32677740071337,52.76944455310005,50.16674950525915
20160328_153706_1_361,49.96551418608295,46.01163651542829,45.408291963860734,42.9502115631126
20160328_153706_641_1,35.169454996804895,30.895729279402673,30.909876185937357,29.7028257399301
20160328_153706_641_1081,45.46471850429706,41.05491535413539,41.35360739318595,39.32994628089207
20160328_153706_641_361,73.29186827791962,71.239686377948,70.00242383347519,67.95024193350355
20160328_153706_641_721,40.39766586278858,36.416849319613064,36.29709984682567,34.95540941358344
20160328_153714_1281_1,10.206009618177843,10.74639447771524,11.317120729288954,11.46779963583929
20160328_153714_1281_1081,43.92993782517044,42.25607525960003,42.335563581682045,41.10497361597233
20160328_153714_1281_361,51.30035734579547,52.23725747109596,51.42893140963052,49.754715777345034
20160328_153714_1281_721,60.24886351903515,60.831451366224655,60.53532460548957,58.655788781142725
20160328_153714_1921_1,2.773468984508767,2.8519408943393465,3.217913428953211,3.264607896157061
20160328_153714_1921_1081,36.15626325940319,35.39637490150939,35.5464274877987,35.02490543494391
20160328_153714_1921_721,14.507876752490326,15.257133412767221,15.284543419156993,14.658148055879389
20160328_153714_1_1,66.9830370814825,64.00895552919637,63.564923350288396,60.59671624522417
20160328_153714_1_1081,37.02561273421468,34.091489108744796,34.108555803032544,33.228579021018476
20160328_153714_1_361,63.1127509503508,59.789375835342796,60.73441761701748,59.086783863597944
20160328_153714_641_1,17.114022019266713,16.97358327514003,17.56529893613636,16.5077862934207
20160328_153714_641_1081,47.622239613038275,47.61386778492412,47.21448036512496,45.10545541891782
20160328_153714_641_361,72.11448173946079,71.0247908633292,70.0548547941156,68.15590197444033
20160328_153714_641_721,12.177890353691218,11.94546696824571,11.746377978033083,11.113823596711562
20160328_153718_1281_1,46.29928294671704,42.19399438043403,42.72039405782815,41.67107144702982
20160328_153718_1281_1081,51.30023565596941,47.76733043198003,47.919680100413856,47.213266965685655
20160328_153718_1281_361,41.34809929798988,39.344696876218514,40.7839350098206,40.24000317118772
20160328_153718_1281_721,64.6381155928924,61.865368300185054,62.612004481781305,62.11277566667699
20160328_153718_1921_1,45.14723693923048,41.21022449877211,41.145570272563816,40.24043133713431
20160328_153718_1921_361,44.45457907932299,40.43239409157222,40.7406901904341,40.09151551017908
20160328_153718_1921_721,46.8142797186352,42.68732967639375,42.500946385301866,40.5708570237586
20160328_153718_1_1,35.627350366829035,30.968706701243352,31.004572589051254,29.9390374067363
20160328_153718_1_1081,72.9294659509219,70.56258136332849,69.88224372869968,67.51535914110629
20160328_153718_1_361,39.28938440650222,34.68992578666113,34.62105107316889,32.89592361885292
20160328_153718_1_721,56.70069118186728,53.99009557912302,53.283779218648064,49.96651899977709
20160328_153718_641_1081,49.303402991900874,45.04081010382425,45.656736325234206,43.62420328403411
20160328_153724_1281_361,47.387688694358765,45.73434949752585,46.14248086432876,45.25611044410341
20160328_153724_1281_721,37.25267427424197,35.77338621440399,36.94048922797542,36.356822281139614
20160328_153724_1921_361,73.00461481026451,70.96535566404403,70.69829165175283,69.67337542834959
20160328_153724_1921_721,45.53068774586215,42.411777700181105,46.67816394843541,47.25177770018111
20160328_153724_1_1,58.10071002375308,54.255296472948146,53.566265579308634,49.7208520285037
20160328_153724_1_1081,31.73151162633326,29.68086963342583,30.233660990988042,29.612959919275518
20160328_153724_641_1,71.53223246518499,68.83923451377754,68.53167690962943,65.83867895822198
20160328_153724_641_1081,60.500489030277784,57.33250600836082,57.3877112525,55.838869624832746
20160328_153724_641_361,52.758205302063324,49.2054585918273,49.57155979696678,48.218806275816156
20160328_153724_641_721,62.722879536324406,59.67000641269882,58.87621286965774,56.37922404847502
20160328_153732_1281_361,13.829856707633942,14.200303996736277,15.671523374300609,15.488113277645155
20160328_153732_1281_721,65.21043784163257,65.09663294409351,64.89033976286073,65.28760330243828
20160328_153732_1921_361,13.574251464648329,12.57125964516916,13.549938505863995,13.253154561440104
20160328_153732_1921_721,60.928643865105734,59.959353845488636,60.64141079228635,60.77880119848914
20160328_153732_1_361,48.134520593221495,45.89144182669166,45.138881786106424,43.55940322241432
20160328_153732_641_361,72.7784067940165,71.56970053629882,71.67962708355394,70.33842789625851
20160328_153732_641_721,30.376031879202515,28.58843774551392,30.55983285916004,30.13581305384755
20160328_153801_1281_361,81.08628501376475,82.41661373755306,83.32384086486833,83.0545737563813
20160328_153801_1281_721,64.32377516098884,65.96295970987548,67.33919489728696,68.67988308730146
20160328_153801_1921_361,43.942901820045485,45.272673916719576,48.3161739849015,49.06732131967254
20160328_153801_1921_721,72.19489139083166,75.48297100947511,75.48297100947511,77.75591311266533
20160328_153801_1_361,54.25822095866807,55.97797096802414,54.70210585433796,55.291640327640145
20160328_153801_1_721,82.29806748730417,81.89002899753665,80.65924149368999,79.75336233086998
20160328_153801_641_361,70.8546551260693,72.6233704436626,73.74912455926466,74.4322158696513
20160328_153801_641_721,91.20645039138586,92.90634130428056,92.90634130428056,92.96516031310868
20160328_153813_1281_1,38.5306374315144,40.241345771463955,39.83183739797468,39.819082247745605
20160328_153813_1281_1081,69.23642231722648,69.96993162651378,69.59890767680714,69.98896353097224
20160328_153813_1281_721,65.24327251504562,69.48743336622391,69.36854447733502,71.9568402342587
20160328_153813_1921_1,18.51529175481394,17.82256422346601,19.185714919801132,19.183709788958687
20160328_153813_1921_1081,90.45450469971159,92.36360375976928,92.36360375976928,92.36360375976928
20160328_153813_1921_361,23.03743961432906,22.78220146942348,23.01653907287845,22.667943151219973
20160328_153813_1_1,14.653003688086057,14.487598905367582,14.660389076059246,13.774600386863295
20160328_153813_1_1081,47.098344190114304,48.98048072587414,48.36436464436164,46.908685292894205
20160328_153813_1_361,57.78498952655394,58.53809619474614,57.277677710112506,56.124384146065985
20160328_153813_1_721,42.63880858714741,43.56834753049487,42.56148127103888,41.45811272196325
20160328_153813_641_1,46.25241618248104,46.26863894392016,45.38751255936122,45.32863015954717
20160328_153813_641_1081,33.489198594438925,33.528472859602196,33.16003515306453,32.414900955293156
20160328_153813_641_361,17.723243798182253,18.73795541998731,19.630466020404473,20.02246272660035
20160328_153813_641_721,72.47631073652506,75.66337270696694,73.90503937363361,74.46438192255339
20160328_153821_1281_1,84.73766397740617,85.09804580596388,84.77742182727775,83.98693469485278
20160328_153821_1281_1081,78.86458491947951,78.38027218452793,76.06930339338909,75.26916107341681
20160328_153821_1281_361,53.33077232934982,51.52382384228436,51.98318764571073,51.60144581218267
20160328_153821_1281_721,33.35751070148471,34.24275125816607,36.058261775336845,36.36609863795731
20160328_153821_1921_1,70.44204176353004,68.66698288637619,68.87606830639862,68.5576847930014
20160328_153821_1921_361,40.131771747676524,36.186572648981894,36.245205102428784,35.534819157914086
20160328_153821_1921_721,42.271244906936,38.876359677295284,40.920509490487255,40.91536296583151
20160328_153821_1_1,54.39782211175549,50.924791589764084,50.950044333977715,49.67664108986601
20160328_153821_1_1081,50.89923925667592,47.2304090547477,47.36257259000926,46.30839766815097
20160328_153821_1_361,41.80847528452212,38.08161428125308,38.0607042894053,37.92637798909102
20160328_153821_1_721,51.18177186349395,49.311340473287125,49.967567975211104,49.67296248694719
20160328_153821_641_1081,35.310425126365196,33.886718684135914,34.98820508754547,34.92758951649528
20160328_153821_641_361,28.266117722587314,25.326913127333828,27.356493981779607,27.442621358067175
20160328_153821_641_721,85.68301507305023,85.49811888713428,84.01476547278723,83.49311888713429
20160328_153845_1281_1,38.0309763701193,36.03255749050357,36.54667379702513,35.52765959416344
20160328_153845_1281_1081,62.34639703339321,59.00806891689145,59.87750814450432,58.2626836159333
20160328_153845_1281_361,43.59586513561271,43.25261869514438,43.186416922100854,41.66909565457723
20160328_153845_1281_721,50.38598554381173,47.74345048163639,47.19098497097989,44.520386123029034
20160328_153845_1921_361,35.540395926865465,35.93279096650759,35.44390747731369,33.67452816432463
20160328_153845_1_1,37.987568589618384,33.43886240042373,33.474790811840606,32.267086937749845
20160328_153845_1_361,31.13194768333859,28.202604939971287,28.471582864179112,27.114268964921894
20160328_153845_641_1,62.81082692377773,61.384177897827016,61.408830148239815,59.977134815974374
20160328_153845_641_1081,78.170518725377,81.36684562805037,81.36684562805037,82.5364149803016
20160328_153845_641_361,85.57020524862529,86.51358226172896,85.48487323031459,85.18024892839561
20160328_153845_641_721,73.76215757377449,74.08063086553713,73.78152095836381,73.56127920669955
20160328_153848_1281_1,63.75067107686101,63.343402362322934,63.40196961190587,60.8300690289896
20160328_153848_1281_1081,47.896170886374776,48.72065550165187,49.77737753587309,48.021270418435144
20160328_153848_1281_361,54.96388192382028,54.63929679735049,53.78545394040418,51.45656903072663
20160328_153848_1281_721,27.213955449140002,27.691818751270304,27.530501015836723,26.53157760795694
20160328_153848_1921_1,10.464134174608247,9.076466362800808,9.551455023528419,9.370218907120265
20160328_153848_1921_1081,33.99063689751107,35.57064532222814,35.23156798999269,34.08844196025754
20160328_153848_1921_361,23.489061760517473,24.364137608640807,24.02049830652417,23.380750234869467
20160328_153848_1_1,29.474457327747555,27.533516112874878,27.96898590375404,27.76640405821751
20160328_153848_1_1081,7.258463993424445,7.485368737789249,7.546797326757777,6.8372473501358275
20160328_153848_1_361,36.86066325703787,38.153739564617446,38.31036719430199,38.31305312403898
20160328_153848_1_721,16.813227404809226,14.795808000217459,15.532224691744839,15.08219298523706
20160328_153848_641_1,62.36109439249338,62.94943695022964,62.63458257306325,62.07413982388304
20160328_153848_641_1081,80.27800275955508,83.1557355409774,82.08906887431073,82.08906887431073
20160328_153848_641_361,44.03150511411948,44.671096187981604,44.45048925913061,43.66641794899756
20160328_153848_641_721,50.77904765147888,50.30829361614394,49.52151408270336,49.30790829917537
20160328_153915_1281_361,69.17442546427897,69.2959543234933,68.12030139056463,68.16195734839161
20160328_153915_1921_361,29.349405890777412,27.417641959809956,28.332702820232765,27.77162521399854
20160328_153915_1921_721,95.63091199808724,96.5047295984698,96.5047295984698,96.5047295984698
20160328_153915_1_361,35.94086391584455,31.162627586320525,32.385308360288995,32.085107362516474
20160328_153915_1_721,77.38995295537813,75.70093776883395,74.58884184426704,72.93170976899192
20160328_153915_641_361,89.8896420425364,89.16096834191842,88.96980963320571,88.55403105145453
20160328_153918_1281_721,62.342057438613516,66.12297167821662,64.2307494559944,66.08920150644637
20160328_153918_1921_721,76.38382297629549,79.25348630061295,79.25348630061295,81.1070583810364
20160328_153918_1_361,79.52986585099504,82.88548981429396,82.88548981429396,83.62389268079603
20160328_153918_1_721,14.880555555555553,14.880555555555553,17.856666666666662,17.856666666666662
20160328_153918_641_721,67.23718659240512,70.59490371296444,69.6251564597904,71.28479933582771
20160328_154011_1281_1,44.5227419363775,40.76218262879865,40.44977514069914,38.90300852530102
20160328_154011_1281_361,60.42830519839989,58.368788147729276,58.15978026527178,56.040659923634905
20160328_154011_1281_721,27.443010861994043,24.559262479186657,24.848397174800077,24.122805965035063
20160328_154011_1921_1,53.94409824587214,51.84371480986022,51.50341124616602,50.50255239075276
20160328_154011_1921_1081,34.694468358009,32.80293132681392,32.964292432221434,32.31507469781439
20160328_154011_1921_361,39.824131545541675,36.146881991306735,37.052144541352526,36.97544680300842
20160328_154011_1921_721,13.042116989059464,13.809994368177614,14.042116989059462,13.969448349483867
20160328_154011_1_1,81.2049918940425,79.6375891566475,80.70115534039803,79.52352781439956
20160328_154011_1_1081,27.802319806922675,22.80718658571073,23.0245420291449,22.696033847558695
20160328_154011_1_361,50.206551741103866,49.251896528882156,48.76308730399831,46.99619317598412
20160328_154011_1_721,43.58522599379569,39.55652061964934,39.36300377157347,38.3663256022994
20160328_154011_641_1081,24.0621744939366,22.81975684771314,23.179681762259335,22.69877865494579
20160328_154011_641_361,56.46197764536394,56.18777111563787,55.200743798806485,54.68585897217615
20160328_154017_1281_1,29.486707109716505,31.880511802200346,31.816707109716504,33.03697507274089
20160328_154017_1281_1081,23.979141790713356,24.13830348218936,28.61580845738002,28.774970148856028
20160328_154017_1281_361,47.548442182024516,49.410384452341276,48.36088744337697,47.862192207992685
20160328_154017_1281_721,55.96799948068117,58.46451265634809,57.61268471374073,56.869166580870775
20160328_154017_1921_1081,46.80131777409306,47.21568030323046,48.844082966174376,48.2131377822755
20160328_154017_1921_361,13.303621089873133,14.143881027584632,14.125843312095354,13.967861191765952
20160328_154017_1921_721,22.544057282067392,21.97868501408415,22.57611594004694,22.17371730706167
20160328_154017_1_1,21.546173594887406,22.859130198267664,22.65728470599852,22.08507430489266
20160328_154017_1_1081,41.92336396385814,42.3569451990824,42.08376623293634,41.269493547823075
20160328_154017_1_361,6.7487410994207675,6.988310440438543,7.57096332164299,7.522576006016609
20160328_154017_1_721,32.14183255086216,31.075632405230447,30.90684697958279,30.22659244754059
20160328_154017_641_1081,19.207032671931547,18.851573373807994,20.148276729839033,19.883330536594272
20160328_154017_641_361,42.24320383154219,44.16627557829667,43.33751785297109,41.852078515884926
20160328_154017_641_721,48.63054202354515,50.52307013773066,49.43951375719994,48.175990824342016
20160328_154159_1281_1081,48.076177714776506,48.19788976069794,48.61606896804954,48.18236153489579
20160328_154159_1281_361,63.6227031059134,66.38483007244011,66.76338773127307,68.06549161150922
20160328_154159_1281_721,54.7766038187836,50.94137837172177,51.706603818783606,50.01083216090322
20160328_154159_1921_1081,38.89335237363345,41.944462171611185,42.221130151411224,43.87245705041779
20160328_154159_1921_361,54.289131378647056,56.73306967519402,56.898777293858,57.91988986558969
20160328_154159_1921_721,56.53510644989932,59.457373154829455,59.090636501985514,60.877114021162896
20160328_154159_1_361,86.66084986897403,85.54857539832437,85.10529431341847,83.99301984276882
20160328_154159_1_721,28.4251844745806,28.740506490843888,30.705570289271993,30.523353316141606
20160328_154159_641_361,73.77812279454491,75.64597796273331,73.86320018495553,75.45694268008036
20160328_154202_1281_1,20.447401308379927,21.03759815821825,23.710179086157705,24.06387030193614
20160328_154202_1281_1081,90.46350729156808,90.99302805547669,89.6152502776989,89.6152502776989
20160328_154202_1281_361,71.19525138229915,74.39934887329572,72.99323776218462,74.1439788836171
20160328_154202_1921_1081,67.22660477009245,70.22859449100079,70.78575837370279,72.66695605066994
20160328_154202_1921_361,21.012696139634386,18.666804793949048,20.166814186161613,20.28569368283794
20160328_154202_1921_721,77.18456952901165,77.69527738124219,79.28225479029769,78.57370080509834
20160328_154202_1_1081,31.811957430025117,29.56809982475135,30.44954321781832,30.340012491219486
20160328_154202_641_1,52.89257880263738,53.70516254274903,56.23624801466983,57.251892098268286
20160328_154202_641_1081,85.34826369341091,86.843356715034,86.02810618956298,85.9891120056708
20160328_154202_641_361,30.57031621935158,29.199988039740454,30.653235702441417,30.438646538968218
20160328_154202_641_721,56.32619088774844,53.00554304974243,53.67785755441512,53.12299036752006
20160328_154318_1281_361,31.411570047528958,27.482063077405925,28.413914872366945,27.87888578143447
20160328_154318_1281_721,77.32024507311583,75.2203201516034,75.03080062867139,73.07745732657894
20160328_154318_1921_721,67.44856564516864,65.05544277193532,64.60356564516864,63.48260676966824
20160328_154318_1_1,81.68756674296425,80.75952453600155,78.9531222985198,78.02508009155709
20160328_154318_1_1081,48.540844131301796,44.595555815802875,44.8058441313018,43.472098674043586
20160328_154318_1_721,49.58937944060817,45.253463553592674,46.119379440608164,44.05967177845554
20160328_154318_641_1,77.45896831952078,74.88311788715333,75.60952387507633,73.11658490199284
20160328_154318_641_361,71.10885629040462,67.98482318063486,69.8866340681824,68.19457436833973
20160328_154318_641_721,56.30785467104153,52.15943124091077,53.3045213377082,50.74277020990503
20160328_154321_1281_1,22.923576471226507,21.606062303142735,23.948257096725655,24.132249367593133
20160328_154321_1281_361,14.660554988988181,14.952788989354953,16.771666100099292,16.535134214146307
20160328_154321_1281_721,45.55220906014719,47.151283619604314,46.229754243295645,46.455937111846204
20160328_154321_1921_1081,25.421438608978082,23.87706361192273,25.161460957721427,25.323911751140628
20160328_154321_1921_721,52.87533708437696,54.341291233858136,54.26180637311908,54.17257272231304
20160328_154321_1_721,48.22783026186503,50.08954749534763,49.18395468093883,49.63344983830963
20160328_154321_641_1,41.37155522027077,37.455992751085184,38.135774699541734,37.59101361263685
20160328_154321_641_361,28.827167206194698,28.394483630618723,29.950611635695708,29.727255532579573
20160328_154321_641_721,80.8623835854988,82.20542517308976,81.26542517308975,82.80990686839903
20160328_154325_1281_1,21.119479086506264,21.15691902478291,21.99960220384049,22.219105799978742
20160328_154325_1281_361,78.4939618048188,79.17806604365813,76.84828441042326,76.41917715476924
20160328_154325_1281_721,56.74573575302628,56.98679233301519,58.8627020688542,58.613658019631885
20160328_154325_1921_1,26.422272895437075,25.16884942655414,26.254150297802457,26.596105462741914
20160328_154325_1921_1081,28.801834137746706,27.426868301860175,27.774513222411244,27.23284413576188
20160328_154325_1921_721,32.51816456769574,32.41386339938745,35.64441148976238,35.97121325118452
20160328_154325_1_361,54.99030997264928,56.523668407661155,55.538425032149064,56.44940139581025
20160328_154325_641_361,39.398417427473724,41.292718315533754,40.72687556342913,41.09041944618823
20160328_154325_641_721,19.864195271167524,18.88968575305871,20.497169463848223,20.67638879535499
20160328_154452_1281_361,63.51804244722631,66.58225056672151,67.35429127873238,68.90590808931485
20160328_154452_1281_721,27.28739404686595,22.76102634860387,23.692137459714978,23.692137459714978
20160328_154452_1921_721,65.2255021988031,65.69086163925488,64.23856608532594,65.30721508912258
20160328_154452_1_361,55.342023034332954,57.872971427506535,57.023021862103185,58.309073113828646
20160328_154452_1_721,19.255181753597313,19.951648362479148,22.366292864708427,23.01930084286374
20160328_154452_641_361,48.70013510649853,51.92671293374126,50.568224388565895,52.3437518422162
20160328_154454_361_1,24.503147420347315,20.333629047388968,21.06474015850008,21.06474015850008
20160328_154454_361_1921,73.73492530624729,75.00232393335392,75.69064789624416,77.61129231921737
20160328_154454_721_1,55.54735674887308,54.702278473199954,54.03110515283076,52.964676484281284
20160328_154454_721_1281,80.99570398868234,82.83725870408453,82.14170314852898,83.40545207983475
20160328_154454_721_1921,47.93209042983103,47.596411050537256,49.37319726545818,50.14543324735631
20160328_154454_721_641,63.786773531525085,63.842762226267844,62.884394760174644,62.88615375740647
20160329_103609_1_1921,15.170472373225863,15.684744339169383,17.16713903989253,17.158255163801062
20160329_103609_361_1,60.66736846772507,61.957632090558846,61.317730181969985,61.36925414691331
20160329_103609_361_1281,53.09229261435273,51.25871185140278,50.788188647865894,50.08154716522264
20160329_103609_361_1921,72.71387997110457,76.25309278529524,74.37876504775612,74.36420389640634
20160329_103609_361_641,44.45505257289766,45.21745083686188,46.66595074830375,46.68704223543439
20160329_103609_721_1281,15.807396592829608,15.382459730701903,15.977668779270596,15.899943621570745
20160329_103609_721_1921,11.290052152602396,9.232041722081917,9.432041722081918,9.432041722081918
20160329_103609_721_641,21.59104270501441,21.641563541387075,22.694950464146093,22.619393651826815
20160329_103800_1_641,23.6304393446302,22.965895015863442,25.543521661394582,25.304653740197438
20160329_103800_361_1,68.35102873608227,71.79452012118965,69.3700756767452,69.83193409997693
20160329_103800_361_1281,64.16126500555548,68.152722379661,67.91748272150062,69.13282465409848
20160329_103800_361_1921,31.580007734776267,30.318726531887584,31.667963165139014,31.629977365762603
20160329_103800_361_641,67.23558511942203,69.81944758629741,68.83152614929064,69.54208874732896
20160329_103800_721_1,21.42366202681148,20.586413204992645,20.843772616562607,20.87976635386482
20160329_103800_721_1281,32.45447878298996,33.16232199696956,35.11347354614475,35.55683548359714
20160329_103800_721_1921,66.96369128502259,70.33455755618624,69.2001131117418,71.3020641391292
20160329_103800_721_641,48.27906597301534,49.9068128172489,49.50905580317485,49.283211251004786
20160329_111111_361_1281,19.879126835783627,19.445583628860756,21.074016519995553,20.64421346413508
20160329_111111_361_1921,60.85415903503676,58.14255682051491,58.626523967102216,56.604281823743676
20160329_111111_361_641,18.995989517459737,19.98060704820822,20.660433961904186,20.494915564353644
20160329_111111_721_1,36.152583118510094,36.32564591398415,36.21103591633699,35.629064267880175
20160329_111111_721_1281,48.73914542724413,48.23926993990959,48.96988076897567,48.28342801699647
20160329_111111_721_1921,20.332161833838462,19.243607431921223,19.89508783392812,19.58276866305697
20160329_111111_721_641,34.53619281456719,35.002948264385736,36.200684380656206,36.34459313022391
20160330_165325_1281_1081,31.140358540638708,29.616367690779477,29.778629352283303,29.032207953947765
20160330_165325_1281_361,33.52740331818098,32.9439849103005,32.21812529383646,30.22253077636176
20160330_165325_1281_721,54.45762067270954,54.85057190568388,53.208334221925746,50.85057190568387
20160330_165325_1921_1081,43.57730120262536,42.84306480136887,42.18252845082426,40.08513588541173
20160330_165325_1921_361,51.560547097504525,51.01030251025431,49.461036760795636,46.56474695469876
20160330_165325_1921_721,42.01024967402698,39.006674248206565,38.329454832502144,36.202638570630405
20160330_165325_1_721,58.07322442365614,59.09438158525284,57.52265167484373,55.82426158196539
20160330_165325_641_361,20.90479198087854,20.12834503685509,19.770060290327272,18.680403077758463
20160330_165325_641_721,69.11185276535858,68.70684769401598,68.65600787991664,67.28227295159662
20160330_165333_1281_1081,39.734639305036296,39.93556118641648,40.50307412922673,39.892685558408516
20160330_165333_1281_721,27.731399870992902,28.719026810847044,31.175844315437352,31.049262665391485
20160330_165333_1921_1081,12.840906529723494,11.502677192858304,12.461391029226212,12.257519773265201
20160330_165333_1921_361,28.725888945086375,28.68828780783842,28.512368793858776,27.952549184028392
20160330_165333_1921_721,67.66217531193254,68.64685426452795,68.38496392370365,66.64463204230573
20160330_165333_1_1081,47.78908899431736,47.671252537973174,47.74349490129279,46.97567535770353
20160330_165333_1_721,46.69751415988935,48.34381958205094,48.561669000484365,48.300090268822395
20160330_165333_641_1081,13.787138105400999,13.547474925762723,13.694746142314612,12.95739027343924
20160330_165333_641_721,57.918419673993384,58.47365478630594,58.28506027266076,56.93414698870729
20160330_165644_1281_1081,31.116445527555143,29.583328165492784,29.970431523892337,29.007838594133894
20160330_165644_1281_361,65.46946235909327,65.4831145212845,64.22449492748856,62.61725351931096
20160330_165644_1281_721,34.26719950156224,33.66836530908144,33.74126918946022,32.41239628493669
20160330_165644_1921_361,38.37070689456811,38.96692695805689,37.75819096735262,35.86070416372969
20160330_165644_1921_721,59.00510299177948,60.07691455865617,59.159750982468054,57.92729843468871
20160330_165644_1_1081,35.67553981792783,34.637821457906206,34.46409680473277,33.50788116068914
20160330_165644_1_361,14.41178993859504,12.975969449194336,14.162980017479795,14.044299703194
20160330_165644_1_721,70.54282456183996,72.07921576835129,71.38507104224496,70.16477132390685
20160330_165644_641_1081,6.052386758694422,6.22719110791754,6.695164536472201,6.477073660957328
20160330_165644_641_361,24.0547950561823,21.362989240459235,21.886854046238273,21.751661988943315
20160330_165644_641_721,63.57808464469965,66.31260168671162,63.55253470123567,62.95593502004495
20160330_170014_1281_721,28.27188011635403,27.546005999890255,26.875429017098046,24.847546947556527
20160330_170014_1921_721,36.310392965527384,34.10647086438093,33.47548642013503,31.199172149802614
20160330_170014_1_361,18.492505865299837,14.79400469223987,14.79400469223987,14.79400469223987
20160330_170014_1_721,39.16431631914914,36.91297236004642,36.884530309196805,35.388337157018526
20160330_170014_641_361,15.851771166397914,15.980060338901533,15.589100724022305,14.170002829543451
20160330_170014_641_721,4.2868993495891,4.329038914071176,4.753010460700211,4.446020830857654
20160330_170114_1281_361,2.878287182964933,2.878389064002364,3.4538427385204877,3.4539446195579195
20160330_170114_1281_721,45.96746715112858,47.110008418623565,45.57365773642988,42.86445286306801
20160330_170114_1921_721,39.161227327717135,39.7523711255681,38.72157640645412,37.39057130040167
20160330_170114_1_721,40.92259386080852,40.21994112478853,39.617442201505646,37.67418404632369
20160330_170114_641_361,14.244885498662432,12.960078738105757,12.958759161847277,12.28521421811357
20160330_170114_641_721,29.94822104933102,29.591812484381684,29.37890494412257,28.019947475538608
20160330_170201_1281_721,23.77560886501553,23.399066401527175,23.064367272775492,21.63877423840467
20160330_170201_1921_721,25.34912714906049,25.65261474734315,25.457669649031434,24.22474747142738
20160330_170201_1_721,46.90522294453937,47.1960915476205,47.41707664494998,46.219985938750305
20160330_170201_641_361,4.41854839990311,4.432004533846894,5.061326177680887,4.84730654336561
20160330_170201_641_721,26.596439798042464,26.183165424440563,26.395045766119956,25.29116893285296
20160330_170256_1281_721,69.68289898922392,73.8203636853491,72.19591924090464,72.49743030249024
20160330_170256_1921_721,52.27253223694112,57.27253223694111,55.605865570274446,58.484692456219555
20160330_170256_1_1,24.177363536609814,22.764655023237918,25.59958946148416,25.658688619462023
20160330_170256_1_361,64.38577777662887,69.0199623878753,69.0199623878753,71.5086222213031
20160330_170256_641_361,48.52420690108726,49.56476380062128,52.501179061460256,52.946534999191876
20160330_170256_641_721,66.72504176750384,70.16105638578638,68.16405012088627,69.37404594380327
20160330_170302_1281_1,21.29080093194362,20.766881887506315,20.930947975384196,20.704508569799135
20160330_170302_1281_361,71.90870322927145,73.96873321663482,72.58118123335933,71.85762210552369
20160330_170302_1281_721,81.8093421400001,84.44080704533341,83.43414037866674,83.43414037866674
20160330_170302_1921_1081,34.3488934462467,33.21234652645761,35.765214338336804,36.15115691101675
20160330_170302_1921_721,59.91283269190766,63.2328241180628,62.76853220259305,64.41440554002116
20160330_170302_1_1081,22.212980962042884,20.80555908078512,21.3108309664429,20.484285442763195
20160330_170302_1_721,55.1167577209086,55.67597773937955,54.811494849211314,53.81126084595225
20160330_170302_641_1,50.29621134335619,48.6588989201185,48.92702975400522,48.66292962913375
20160330_170302_641_1081,30.34845290185142,30.66606305359838,32.994089168581844,32.95604342484754
20160330_170302_641_361,21.04823230570478,20.03259392712824,21.863679172646737,22.065304242415717
20160330_170302_641_721,44.6664530250302,44.93873571957412,45.49740820965639,44.65581743985961
20160330_170308_1281_361,39.744048126402944,42.32448184063417,41.635778991744296,42.310421976679876
20160330_170308_1281_721,47.65111837939606,48.981956239600024,49.01601592551732,48.981664220571126
20160330_170308_1921_1081,41.97809265143045,42.92628843463819,43.24623843630138,44.04035189559576
20160330_170308_1921_361,35.13244091652045,37.168402167749385,36.93032698442012,37.71988087765267
20160330_170308_1921_721,46.0452772868854,47.704974140725916,47.78285987844302,48.14489479851854
20160330_170308_1_361,12.76111111111111,12.76111111111111,15.31333333333333,15.31333333333333
20160330_170308_1_721,57.705219861037946,60.20336199685108,58.84722072111589,60.4320139958563
20160330_170308_641_361,74.97242621297325,76.88855707413462,75.21558626052659,75.92610481981689
20160330_170308_641_721,17.63121533537087,18.38031525559018,19.14010422425976,18.620949886513095
20160330_170348_1281_361,34.06653830098277,34.694736305705334,37.05291154492113,37.64799127346572
20160330_170348_1281_721,46.06777972400958,44.885172911237966,45.183559829643094,45.14633883128629
20160330_170348_1921_721,50.303331573660614,54.252506340502585,53.003153464470564,55.17248212210365
20160330_170348_1_721,45.71282266373342,50.04315076769596,48.71282266373342,51.23091433891182
20160330_170348_641_361,38.0489017767063,40.119414426412646,42.48667955448408,43.45570227633329
20160330_170348_641_721,52.07813420103504,55.00218966419165,56.410953878555624,58.20497893210009
20160330_170428_1081_641,43.18848971488711,44.965973005110214,45.28425393066374,46.709785476358206
20160330_170428_1_641,41.91846305535979,41.21244567883425,41.419674362229955,41.90475752194086
20160330_170428_361_641,50.59723514533253,50.99575571075099,52.435470516120766,53.39613628330425
20160330_170428_721_641,28.51068889581293,30.71374093821425,31.01791111803516,32.22909964589743
20160330_170501_1281_361,52.722287435511674,54.6114426968455,55.547135386019,56.30644457006234
20160330_170501_1281_721,4.444444444444443,4.444444444444443,5.333333333333331,5.333333333333331
20160330_170501_1921_361,58.554707976226,60.18961967904344,61.72324682335627,62.32762320346623
20160330_170501_1921_721,16.022822693219176,16.19395932509477,18.711156026552505,18.5371980849932
20160330_170501_1_721,52.84480788200375,53.06846760336167,52.546280200943244,52.37133222155097
20160330_170501_641_361,31.04634949191385,29.895701528345974,30.830237475894485,30.968007698434064
20160330_170501_641_721,33.07951924925593,33.85629857031636,34.22000784990249,34.442863506899165
20160330_170504_1281_361,37.84885383859722,35.894648670086625,37.735131984149646,38.320338664973974
20160330_170504_1281_721,49.07039212200248,51.75869961623671,51.5661192116349,52.95258561791674
20160330_170504_1921_361,62.352569756656216,66.01471624681903,66.52858852561569,68.85431124773163
20160330_170504_1921_721,7.959100857463437,8.062619828496308,9.292434190796769,9.240985294703155
20160330_170504_1_361,32.19984765166583,31.273449020515997,31.55378405238909,31.31920805758648
20160330_170504_1_721,29.490161546444167,28.704338577490883,29.178762906961275,29.207725022659005
20160330_170504_641_721,62.30603620480586,62.25871247703109,61.1524907161471,61.121716930057104
20160330_170507_1281_361,23.886803193859947,24.628034763188424,26.886803193859944,26.59190569374491
20160330_170507_1281_721,36.080834475339415,37.76352383246023,38.27452104666694,38.32933981852478
20160330_170507_1921_721,46.87071064403906,47.5924379756564,46.56248666347218,46.740915584044146
20160330_170507_1_361,34.099786829474354,33.845923463912946,35.16465297776973,34.42014821364371
20160330_170507_1_721,63.03383643918361,61.224603522051034,62.79994242801589,62.023058006083865
20160330_170507_641_361,35.85747137677786,34.694449410689096,34.730552116179226,34.65377169044203
20160330_170507_641_721,39.60273659287819,36.96693924423021,37.58291530810771,37.554681590992004
20160330_170848_1281_1,39.50768579917732,40.56545300015836,39.5522753776229,38.872503884412765
20160330_170848_1281_361,23.085687149531953,23.627685303407645,24.04339128936269,24.2904710810488
20160330_170848_1281_721,27.8604416182348,28.847669729254292,27.778118909686654,27.174121600389782
20160330_170848_1921_1,20.809613666297967,20.027123454403693,20.269841703178376,20.162254435489004
20160330_170848_1921_361,10.769712293333995,11.129438562497427,11.991934515556217,11.779666817438503
20160330_170848_1921_721,27.993437819448232,28.407437775214316,28.554725014083203,27.877953555598584
20160330_170848_1_1,41.49505141722093,41.452220128994206,41.70229070817136,42.46701108653355
20160330_170848_1_1081,41.971561173154,42.54849845823529,41.990817338567915,41.34594451119129
20160330_170848_1_361,32.94581497042894,34.6334801468865,34.74993341544788,35.625967661442616
20160330_170848_1_721,54.527155780508885,55.23773064725484,54.54370218569857,53.97867043640855
20160330_170848_641_1,15.503083783973423,14.416552953139366,15.613228917974562,15.511337319730572
20160330_170848_641_361,8.888888888888888,8.888888888888888,10.666666666666664,10.666666666666664
20160330_170848_641_721,56.4928811577483,57.57442946693872,55.56760368299026,53.91462316076223
20160330_170922_1281_721,44.55914032303884,43.58149004841031,42.91078137000938,40.630951837455136
20160330_170922_1921_1081,22.34910024902065,21.885824203860132,21.35663009854022,20.17766840985635
20160330_170922_1921_721,24.781492023255673,25.820451829694363,25.063492999560356,23.91244461220588
20160330_170922_1_361,42.65653255940326,40.89732503739581,39.87283586804671,37.325315497331914
20160330_170922_641_1,14.00325710757165,12.988652687777535,12.702493165758083,11.952702507874005
20160330_170922_641_361,40.01674686522884,39.673494853519145,38.40170978889609,36.06585651031807
20160330_170922_641_721,18.436309555443206,18.8092343558594,18.536066010593792,17.597606557107998
20160330_172305_1281_361,46.7532533506156,47.24251259627687,47.21134779647137,47.687154502325704
20160330_172305_1281_721,24.224605476238697,25.905054818635787,25.379605476238698,25.05058306578513
20160330_172305_1921_361,36.41843512235104,36.56011347658217,36.02013374307161,36.33470756490194
20160330_172305_1921_721,31.471062033562003,33.970854352985704,33.13439536689533,33.503100932363665
20160330_172305_1_1081,44.10519466089506,44.15922554187948,43.21972615917407,42.49648782746019
20160330_172305_1_721,26.749143854459412,28.09705349068141,28.96914385445941,28.535134356011525
20160330_172305_641_361,0.6638888888888874,0.6638888888888874,0.796666666666665,0.796666666666665
20160330_172305_641_721,63.74209921308117,64.99960466652313,63.25902834465151,62.73038756976375
20160402_150105_1281_1081,45.48947278938476,43.18071997807582,42.82980995488004,40.29117605567717
20160402_150105_1281_361,46.28429996405378,42.39583225826914,41.72647600274732,39.519485815619994
20160402_150105_1921_1081,34.73964567570097,30.473096527591714,30.878358016159,30.172304674537298
20160402_150105_1921_361,21.08565079415157,19.041436247266542,19.362263813871923,18.893532168777156
20160402_150105_1921_721,20.703711817661098,18.57480237744348,18.395628255610124,17.452428808906685
20160402_150105_1_1,45.323319550189794,41.2948963081471,40.877208439078686,39.30958693384422
20160402_150105_641_1,41.201550662940534,37.194195651349304,38.163492089640485,37.05598098710341
20160402_150105_641_1081,10.761239130366016,9.43882938371779,10.005035394838321,9.77880150427397
20160402_150105_641_361,42.64715361601209,40.63899929496024,40.12445968753139,38.16680210766737
20160402_150105_641_721,45.16704491150867,41.839837893714446,41.65133488230255,39.88619750758629
20160402_150110_1281_1,36.542102516359726,33.644102702795536,33.75887240898282,32.72858704515767
20160402_150110_1281_1081,29.892713814767607,27.65952835306762,28.27708467107648,28.092391749129707
20160402_150110_1281_361,23.18209653220047,22.184828071977403,23.242321929073313,23.004022844901893
20160402_150110_1921_1,23.4213253841044,22.121515651864886,22.744431120558588,21.9290071476739
20160402_150110_1921_1081,14.21278727302577,12.432838903840636,13.26736769446396,13.343394459396194
20160402_150110_1921_361,20.464178826238385,17.39588816192141,17.60811106770444,17.273563916091316
20160402_150110_1921_721,51.26907862785443,49.690889648162276,48.994672255972006,46.407697686664086
20160402_150110_1_1081,33.41930175594482,32.86878147492791,32.437203995966335,31.59859636267899
20160402_150110_1_721,14.729373785271886,14.021899154605663,14.959649566440165,14.607998204548506
20160402_150110_641_1081,26.95123531796385,25.249914883465273,25.544571565267805,24.96500822409935
20160402_150110_641_361,37.86366849668935,34.34806897960593,35.13620361792215,34.49244329849681
20160402_150110_641_721,49.47431275286893,45.840972965801576,45.577497565021595,43.83084544829954
20160402_150300_1281_721,52.47045935494417,50.88132432175808,50.460554212574706,48.67568548009987
20160402_150300_1921_721,22.57003419084607,21.123175962548036,21.395363328393785,20.887208176540913
20160402_150300_1_721,58.2631911749079,56.8503591915284,57.009490830710696,56.318956328228396
20160402_150300_641_721,58.958326101078804,58.285155793962005,57.753374227254575,57.10577956983347
20160402_150304_1281_721,71.43846283538252,69.55896140099141,68.637513810774,67.33588767096303
20160402_150304_1921_721,58.34709816489024,57.19538050611599,56.84980780058581,56.41993505408368
20160402_150304_1_721,50.005591567948684,48.4193365836068,48.1530843411355,46.305866628190415
20160402_150304_641_721,63.40991990329318,60.93936744161221,59.85214212551539,58.67127544371704
20160402_150317_1281_361,56.159304164061965,55.4653990311865,55.59163253451314,55.05719854681853
20160402_150317_1281_721,54.173408960382,51.98857324869132,53.20238096799983,50.68888950746635
20160402_150317_1921_361,44.996599722649094,43.38674979003868,44.13169244668861,43.82739446481941
20160402_150317_1921_721,53.667105260260286,51.451305646342206,50.99045936497395,48.388710104278076
20160402_150317_1_361,17.386637837480233,16.433149048232888,18.158825457339066,17.831290785105157
20160402_150317_1_721,49.664979508478815,48.687146181587515,50.15297683858437,49.49365562612268
20160402_150317_641_361,33.84420585503616,31.963154758287082,33.77963991213006,33.92906104300963
20160402_150317_641_721,50.772428886476085,48.31533351038919,48.739894753170645,47.84215395695127
20160402_150938_1281_1081,52.75811148317596,49.3037016800258,48.48922259428707,46.759891802462676
20160402_150938_1281_721,51.77326022874199,49.30035615851768,49.43015256624455,47.912348700873196
20160402_150938_1921_1081,67.27576099178152,67.61447401552594,67.8476328318668,66.32095782741013
20160402_150938_1921_721,11.085442781177013,9.474267874986593,9.905982380460392,9.869369658438456
20160402_150938_1_1,37.312390646878455,32.734969679134,33.689612869100685,33.44951502645828
20160402_150938_1_361,64.80686084886948,63.81176182712998,62.67688352968924,61.213023051754824
20160402_150938_641_361,32.24283811172294,31.49087151096856,31.5435173989541,31.371200935629485
20160402_150938_641_721,48.18958567995987,47.458479510622084,46.849314605974904,46.169998353262265
20160402_150942_1281_721,57.255693549264834,58.799838640212634,57.261410244905164,56.436967185582375
20160402_150942_1921_1081,29.183234435435295,27.613756563110968,27.582995041541185,26.688110591487803
20160402_150942_1921_721,44.12518765311918,43.933140069915204,43.03088895701726,42.780207903846794
20160402_150942_1_361,74.06614076599627,74.25061400812352,72.38815964952212,72.38448799666648
20160402_150942_641_361,52.64431174037585,51.49942557964382,51.12602844265771,50.8622436662729
20160402_150942_641_721,44.92622223829387,45.01683015515905,44.950331692343624,44.3295302718215
20160402_151837_1281_721,27.879149433177236,28.64640084423599,28.010107091772785,27.13146260702377
20160402_151837_1921_361,29.789249550630874,28.44465675480652,29.03670958108228,28.425071765730948
20160402_151837_1921_721,18.55523845633297,17.48252702014301,17.735562596130507,17.4492307242025
20160402_151837_1_721,28.810263894868054,27.802599815863065,27.41851701514116,26.03193227289382
20160402_151837_641_721,27.928917126550406,27.63494263838594,26.847935309395005,25.694926136999975
20160405_171215_1281_361,31.17252464235894,30.585579042829043,31.120558708418912,31.234727049374094
20160405_171215_1281_721,79.41440379903798,80.282512130819,78.80618425169136,78.21528990859679
20160405_171215_1921_1081,44.68395265805765,42.66335448714844,43.54874145745195,43.30305485250578
20160405_171215_1921_721,51.3453527258467,50.93574513691414,50.19458243307153,49.03638536614039
20160405_171215_1_1,73.47447212664375,75.26451998788424,73.64788217793296,73.01507554343979
20160405_171215_1_361,38.62747970080189,37.6774834507666,38.155052853087156,36.96462273377818
20160405_171215_641_361,66.23136041858628,68.94138882628394,66.9940719139098,66.29527771517282
20160405_171215_641_721,24.969809699532714,24.352753305059537,25.093543392504813,25.154267584735614
20160405_171219_1281_361,29.664046412595635,29.70814297620655,30.41346557772229,30.751703038156126
20160405_171219_1281_721,54.66142568606074,54.346900853632505,53.85856258124579,53.13470598251089
20160405_171219_1921_721,54.89119457002302,57.20436115619798,55.88221760616455,56.05279831164083
20160405_171219_1_361,59.430909501845555,57.333916171123576,58.45283419189373,57.660224893269486
20160405_171219_1_721,56.84964106353678,54.54405565963999,54.97041891935252,53.960319664737696
20160405_171219_641_361,37.05148219474097,39.341689911669,38.49616939535332,38.53000456620192
20160405_171219_641_721,43.36793350753864,43.99921950992622,45.488536408890354,45.39126856365819
20160405_171333_1281_361,21.358449933667735,17.64231550248974,18.197871058045298,18.197871058045298
20160405_171333_1281_721,66.90270399891438,64.92103547268093,64.80066189494455,62.207354799048666
20160405_171333_1921_721,63.409022015015424,61.23615580739574,60.31067198653987,59.14262969816853
20160405_171333_1_361,46.09445839192342,42.26509842780597,42.95053314896801,42.17136393788131
20160405_171333_1_721,39.98469393572982,37.79575136517329,37.77280528427557,37.00698064371263
20160405_171333_641_721,58.1360531147741,55.178948166333754,54.469386448107436,53.26129926160523
20160405_171336_1281_361,79.85910796247812,82.86296336976156,82.86296336976154,83.88728636998249
20160405_171336_1921_1081,27.382501126361554,23.536894476157542,25.016447688623394,25.066894476157543
20160405_171336_1921_361,41.62264616028449,42.51774112850673,45.76070859397298,46.81218199729509
20160405_171336_1921_721,69.45167739914223,73.47975612117929,73.47975612117929,75.56134191931376
20160405_171336_1_361,69.44949522068214,70.98485910724335,71.49285112691041,72.05250102610051
20160405_171336_1_721,37.42374026904233,37.476731212453984,41.556721933442574,41.77901077325668
20160405_171336_641_361,58.170926492902154,60.13721592963622,62.01848847081576,62.77419611196265
20160405_171336_641_721,60.98852585109302,62.69866159971962,64.26046655552675,65.66721076926014
20160405_171353_1281_721,58.11269261422179,59.8507612675855,58.51363841768901,59.10662201339264
20160405_171353_1921_361,16.247402821000133,14.345653075256632,15.633454332695035,15.653430853034411
20160405_171353_1921_721,53.86616408813077,55.433721892993006,54.99846308642225,56.0301155503128
20160405_171353_1_721,75.48313323874034,77.93766782533011,76.60433449199677,77.71983992432561
20160405_171353_641_721,72.78518268136975,75.72448243181434,74.94670465403655,76.67259058954025
20160405_171410_1281_361,34.58790296237041,35.833085164850345,39.5879029623704,40.1606867748562
20160405_171410_1281_721,95.23789955020247,96.19031964016199,96.19031964016199,96.19031964016199
20160405_171410_1921_361,60.09175344954157,64.24119631343264,64.6533129468443,67.24916949280995
20160405_171410_1921_721,67.65142678992137,71.50825370006648,71.50825370006648,74.1211414319371
20160405_171410_1_361,42.15407703445832,38.12929569844501,39.07961589487166,38.48262123471338
20160405_171410_1_721,72.11443766965213,74.28635879157063,73.52876112205146,74.31785658587114
20160405_171410_641_361,37.00522874854532,34.12993924385431,34.67470547912009,33.927983861638026
20160405_171410_641_721,90.44057729142759,90.63153447710825,89.72366482179183,89.45264558821935
20160405_171431_1281_361,68.48806547229977,72.30958415919235,71.55097569045736,73.19655820419865
20160405_171431_1921_361,76.81304399636953,79.78462157523353,78.65017713078907,79.18154630820673
20160405_171431_1_1081,76.40910796712797,78.57672852332276,77.59839518998942,79.1706197070357
20160405_171431_1_721,36.08112939611975,38.5377868516957,39.76779606278642,41.151551761381036
20160405_171431_641_1,54.44941718669332,53.463844806869176,53.42273057053547,53.67509555535539
20160405_171431_641_361,76.73888134030817,79.71045891917214,79.12768114139438,80.22554951669096
20160405_171431_641_721,43.85777599437016,45.085616249119774,46.35056612539091,47.75409882073163
20160405_171453_1281_1,53.66160461042813,50.840438421757405,50.7141842714113,49.93512532236805
20160405_171453_1281_361,79.29643814827546,82.27937274084258,81.1215949630648,81.1215949630648
20160405_171453_1281_721,19.266783137845785,15.887575704637635,16.308584934711316,16.255852494573713
20160405_171453_1921_1,15.625474469697048,15.13360055960872,15.609701204837876,15.717067174188218
20160405_171453_1921_1081,80.18029554608395,82.72209981691884,82.72209981691884,84.14423643686717
20160405_171453_1921_361,46.10897049561948,41.87250931877388,44.94290643973767,45.13082659901245
20160405_171453_1921_721,68.48418970828384,70.65336047655927,69.47935275780806,69.02647831524061
20160405_171453_1_1081,27.4795166367734,24.254618983827275,25.064703047874048,24.627889625769615
20160405_171453_1_721,84.08736673944091,86.47047168721359,86.47047168721357,87.26989339155273
20160405_171453_641_361,71.25078875885829,70.78648488173498,70.20328961810604,70.14702153434452
20160405_171453_641_721,66.18400127617244,65.75204697342112,64.80591400316742,64.61724473922312
20160405_171456_1281_361,57.17440498359028,59.77681968843065,59.20676060091205,59.83519771746497
20160405_171456_1281_721,55.29522559681253,55.34602146363079,55.15487184409987,55.46070193873409
20160405_171456_1921_1081,85.6022110893601,87.43121331593254,86.38065776037698,86.38065776037698
20160405_171456_1921_721,54.02599112324975,54.32214207496472,54.63571937681002,54.5736382949092
20160405_171456_1_1,78.39684182232754,81.11258772408938,81.11258772408937,82.71747345786203
20160405_171456_1_361,30.89883775933742,31.972859818933124,35.89883775933742,36.867114326661344
20160405_171456_641_361,78.51703095543935,80.87263997529917,79.78152886418806,80.63140254212927
20160405_171712_1281_1,33.0892008860468,31.48365634955234,34.28418919695667,34.46807279180656
20160405_171712_1281_361,87.66271333834769,89.72961511512261,89.32905955956704,89.32905955956704
20160405_171712_1281_721,37.501613548900195,36.76220185463107,39.014836001915526,38.82935587788457
20160405_171712_1921_1,44.41279894816251,46.054608024864116,45.71585295541174,46.678860408545894
20160405_171712_1921_1081,61.313835890549306,63.27370423761969,64.28601721755992,66.1286649747812
20160405_171712_1921_721,44.57798149428733,45.8841702714237,47.33304394956079,48.48908228360015
20160405_171712_1_361,83.12473226502794,85.21644015068077,85.21644015068077,86.49978581202237
20160405_171712_1_721,48.04875495313527,45.901743030076965,49.44481786335343,49.66174318484416
20160405_171712_641_361,31.47314258173478,28.617852605748045,29.762718561650797,29.54878215358232
20160405_171712_641_721,76.24433074898103,77.1212252914428,76.41631851694595,77.22972259262298
20160405_171716_1281_361,36.01881472262422,35.046071237904606,36.55089247499815,36.9165204150234
20160405_171716_1281_721,60.54398219664085,61.3583742175119,60.42031527593571,59.644636973798384
20160405_171716_1921_721,67.72178025373223,68.34750074760937,67.77629225912516,68.20873006884311
20160405_171716_1_1081,45.99745818974661,46.127552341862916,45.984304642589265,46.86223972812236
20160405_171716_1_361,13.117283932047641,12.082961097248909,12.893330952408908,12.688642990873674
20160405_171716_1_721,77.13288739620536,79.63464325029761,77.56297658363096,77.56297658363096
20160405_171716_641_361,59.10384226157321,59.48259969777443,59.016895422027574,59.21892680519674
20160405_171716_641_721,31.000946881277024,27.245545978724383,28.275642159648385,28.07389847650694
20160405_171723_1281_1,59.64494225422576,56.34686498451218,56.66383114311466,55.15757704173121
20160405_171723_1281_361,70.10996375690912,69.94611946376644,70.50366301355604,70.50843946150363
20160405_171723_1281_721,75.55698365021726,78.51003136461824,76.57447580906269,76.57447580906269
20160405_171723_1921_1081,78.70854488931607,81.10330571957354,80.89941683068464,82.55905813367508
20160405_171723_1921_721,49.2428505350685,48.32676029176067,50.12567840657485,50.62977753175977
20160405_171723_1_721,72.30404006546723,74.06921722974896,72.10386413967969,72.77616045473458
20160405_171723_641_721,82.25733708385205,83.84455446606039,82.46233224383816,83.0414252226372
20160405_172849_1281_1,56.20318357177831,55.553002016617434,53.88944110368671,51.30744646106188
20160405_172849_1281_1081,37.289168981519076,36.087805230642296,36.01169658122087,34.50799692850256
20160405_172849_1281_361,82.27489811966102,85.12861912413453,84.60260214326499,84.5475080130234
20160405_172849_1281_721,66.63970289303802,67.79498756591549,67.3792082735063,65.6788764548044
20160405_172849_1921_1,35.734445903640186,33.47280068177587,34.14590187611769,33.463576556450725
20160405_172849_1921_1081,33.194530004011135,33.21035196539022,32.75145442009626,32.17341909379683
20160405_172849_1921_361,2.4109572913196127,2.5135044739954466,2.654846180208501,2.6216379761851356
20160405_172849_1921_721,54.92600901410189,56.821424788460085,55.42663584155996,55.877051771748434
20160405_172849_1_1,2.7777777777777777,2.7777777777777777,3.3333333333333335,3.3333333333333335
20160405_172849_1_1081,36.84315945361261,38.269493247690214,39.6665492897495,40.80485992321597
20160405_172849_1_361,72.20730880460367,76.02528277313277,76.02528277313277,77.76584704368294
20160405_172849_1_721,42.59724941182104,43.503211726929166,44.145319707418864,44.684694679588546
20160405_172849_641_1081,26.376695201216606,23.152098266481296,23.453051193784734,23.166116973033073
20160405_172849_641_361,83.90180666178514,87.12144532942811,87.12144532942811,87.12144532942811
20160405_172849_641_721,54.17893050689243,54.90521895942945,53.559229425485555,52.60845680673505
20160405_172854_1281_1081,11.246105174901063,9.868917829005278,10.53391782900528,10.32688413992085
20160405_172854_1281_721,81.35273344557517,83.47940897868236,81.87663120090457,81.87663120090457
20160405_172854_1921_1,21.374304703973834,21.05713378111058,21.093098104286984,20.663070672381814
20160405_172854_1921_1081,68.16475522384874,72.0792638088545,72.0792638088545,74.531804179079
20160405_172854_1921_361,55.5193974449926,54.439407259017436,53.419413218622736,51.61106159233903
20160405_172854_1921_721,42.90255934866136,42.81780175216192,46.05023849143929,46.672729555929905
20160405_172854_1_361,74.9193936085882,78.38141485815856,77.97363708038078,79.11995933131499
20160405_172854_1_721,25.10197767269823,24.99523426667431,26.427605512989395,27.081284089972858
20160405_172854_641_1081,38.411702386117106,36.470753711224354,37.362128747339874,36.753278503329305
20160405_172854_641_721,92.40014046832738,93.92011237466191,93.92011237466191,93.92011237466191
20160405_172908_1281_1,13.272872009204189,12.185403924401793,12.899613824765622,12.82543336219125
20160405_172908_1281_1081,31.91020679311786,31.776753790736382,33.136325932176526,33.47568781828068
20160405_172908_1281_361,5.0,5.0,6.0,6.0
20160405_172908_1281_721,81.76893138636926,84.30236733131763,83.18958955353985,83.18958955353985
20160405_172908_1921_1081,55.08489686434017,57.10689246002906,56.188599383637964,57.273392533143216
20160405_172908_1921_721,1.7688483054048652,1.8126179664858386,2.0788483054048643,2.122617966485838
20160405_172908_1_1,18.796659173475927,17.229695038416633,18.533511188598684,18.82969503841663
20160405_172908_641_1,80.53250153209257,84.01155830221762,83.93878052443986,84.2804456701185
20160405_172908_641_1081,64.37822456429333,66.60477550410126,66.51140556586903,66.95376397234355
20160405_172908_641_361,76.60755330464926,79.3121539699127,78.79909830681605,78.3121539699127
20160405_172908_641_721,83.23234059086357,86.58587247269087,86.58587247269087,86.58587247269087
20160407_163125_1281_361,8.87222222222222,8.87222222222222,10.646666666666665,10.646666666666665
20160407_163125_1281_721,69.1213777764542,66.92565333174502,65.14137777645419,62.945653331745035
20160407_163125_1921_721,52.47315057796933,51.74801060571161,50.84585858649041,49.9050467230401
20160407_163125_1_721,52.4239569331164,51.05154822206535,50.208133840189795,49.31043875468867
20160407_163125_641_361,34.9909976101728,34.41899069311411,36.22372348440549,35.74111028333325
20160407_163125_641_721,54.301454299441545,53.07520466876703,53.44241942145472,52.126733934177835
20160407_163515_1281_361,14.771155147395563,15.357402147782711,16.83504403628445,17.117195896468523
20160407_163515_1281_721,51.009876871113114,50.68518337502799,51.60338544117543,50.971497364595606
20160407_163515_1921_721,65.5646806247536,66.95520419572043,67.18260055614662,68.50584066783938
20160407_163515_1_361,58.38466899340794,58.88821172097663,58.727655539331614,59.09551422468303
20160407_163515_1_721,12.485124258292982,12.673815776618246,14.793457591626316,14.982149109951578
20160407_163515_641_361,32.67443142684526,32.30506920855426,32.45135679765009,31.615858852173417
20160407_163515_641_721,61.02086207068551,60.42359572239998,63.26559077254896,63.13269955625045
20160407_163522_1281_721,56.37622124119447,56.94322301014611,57.39206133643398,57.25663367371317
20160407_163522_1921_721,51.48577156673593,52.70151728373052,52.54961332567834,53.11909183615977
20160407_163522_1_361,12.590432635559567,11.027372416839459,11.829715649352362,11.747659643421846
20160407_163522_1_721,40.24816807205308,38.807414398560034,38.69805926721274,37.38613360922595
20160407_163522_641_361,22.828557166041954,20.84166644446684,21.43062699839317,20.99603573609201
20160407_163522_641_721,46.259401985429335,44.94703941630386,45.973809295427664,44.551759607873635
20160407_164918_1281_721,48.86376776328243,50.12922559250319,49.48891525502618,49.791634885579974
20160407_164918_1921_721,56.66086340483363,55.42559216272054,55.43652819692888,54.36904087767244
20160407_164918_1_1,11.416768329242073,10.879282543356743,10.846428399210575,10.621345173908216
20160407_164918_1_361,31.383138905522735,28.048564352695916,27.614933230668726,26.418217812917
20160407_164918_1_721,33.45666150914723,30.90502271797223,30.807566699667777,29.88468568837113
20160407_164918_641_721,44.280494138480734,43.274917805001,42.57215888740605,41.44324647930784
20160407_165009_1281_361,23.649459908388522,22.68600638362365,23.651873489650114,23.552278159102332
20160407_165009_1281_721,49.27699670323934,48.00123793565659,48.171084248547025,47.52634918125507
20160407_165009_1921_1081,4.655555555555555,4.655555555555555,5.586666666666666,5.586666666666666
20160407_165009_1921_721,30.390757757555548,31.03319280842978,31.16622001623976,30.255440679313377
20160407_165009_1_361,49.20718194812794,50.072771434228294,49.48842280149794,49.24110949062973
20160407_165009_1_721,21.628268549261907,18.647020949004713,19.184539729511332,19.338688389507393
20160407_165009_641_1081,20.721900979791485,18.065854117166523,19.554187450499853,19.554187450499853
20160407_165009_641_361,44.59382652339541,45.38629068399056,44.90476732911243,44.53588570625035
20160407_165009_641_721,42.67742026867,42.1547123028638,42.75664379927333,41.722517666561394
20160407_165210_1281_721,49.97251254040583,51.11098033713362,49.86817744872784,50.46361580913623
20160407_165210_1921_361,30.48330166005726,26.68272138111451,28.701348021246826,28.79383249222562
20160407_165210_1921_721,55.441762942803216,57.770053605947666,56.50331564084114,57.106886284455626
20160407_165210_1_1081,35.88016185385728,34.466338789595355,34.492083065404906,33.808196487022265
20160407_165210_1_721,44.134059711148474,43.73024036842214,42.308755836314724,40.990216833133616
20160407_165210_641_721,43.61335946313558,44.61615816740559,44.37237764598018,44.51602639113706
IMG_2917_1297_485,12.582987452392402,10.754209377406227,11.440876044072892,11.439723295247257
IMG_2917_1_485,43.00324809147197,40.11282307501776,41.23773560622862,39.87277341075585
IMG_2917_1_969,28.260148490398905,27.742863828959095,30.795145285861413,30.87911143407004
IMG_2917_649_485,33.07787123125871,30.704594948705832,30.456411141033545,28.820886822573765
IMG_2930_1297_969,46.46957196924517,45.30690037957055,45.17026484670399,44.11559530779593
IMG_2930_1945_969,54.40401305338472,53.4720277586534,54.41054333626403,53.646179287486525
IMG_2930_1_485,25.7724739417418,25.61848564630189,26.4394657610391,25.451574479474594
IMG_2930_1_969,9.691430643115664,9.929589323615161,10.290875087560108,9.428350764380419
IMG_2930_649_969,36.29334757223901,35.442700880404296,35.34817338985267,34.11262192778334
IMG_2932_1297_485,30.046969658093893,26.52722613288422,27.43205945986087,26.752353516966252
IMG_2932_1297_969,34.116449414005174,32.50624807673922,32.9283739961285,31.68001880353668
IMG_2932_1945_485,31.99360573832053,30.937198966977853,31.46456019237859,29.691273250966056
IMG_2932_1945_969,30.92827749690818,29.459776910914787,30.142631168262106,28.710246816165235
IMG_2932_1_969,23.7598491048994,24.62714879345817,24.056815088650897,22.815213360200723
IMG_2932_649_969,29.05029234444152,29.114013577891747,28.969493185923177,27.880385770601464
IMG_2933_1297_485,37.43790345419738,35.78591040522186,35.48004562939759,34.024274537228685
IMG_2933_1945_485,44.011405801698785,41.85085072631465,41.806842440686886,39.82158565705899
IMG_2933_1_969,30.318612622379238,28.752490577196717,28.853071719695894,28.047061146238367
IMG_2933_649_485,38.216548057297096,36.43849907293192,36.90007959874604,35.77229961643164
IMG_2933_649_969,19.782886233818367,17.725720733720767,19.00710257496712,18.596878637895315
IMG_2934_1297_969,38.57632717870434,36.54853918379146,36.19267098406771,34.683909253522096
IMG_2934_1945_485,21.979089602636293,19.379695625754646,20.447682985017313,20.422852519139255
IMG_2934_1945_969,32.51550069429405,30.26267915091494,30.1463848228674,28.904989211530307
IMG_2934_1_969,45.727518512628166,43.99958566299682,43.9428338856081,42.559962809324404
IMG_2934_649_969,38.30443699321979,37.22859946103057,37.32990463984398,35.58538368139345
IMG_2935_1297_485,20.05965375085313,18.174223806888065,18.411136405671307,17.79167558089379
IMG_2935_1297_969,34.58093248977167,31.45732740679299,31.773407007057074,30.934809013511376
IMG_2935_1945_485,27.263888100207378,23.429999369054794,25.048888257943684,25.048888257943684
IMG_2935_1945_969,44.323466244760134,41.005159427690316,41.42339136152651,39.51119801702462
IMG_2935_1_485,17.240602186788863,15.328348997920532,16.276650103756474,15.711435093314769
IMG_2935_1_969,42.177695877369466,40.24587425995227,41.196328071182556,39.73902685721278
IMG_2935_649_485,18.27828686830465,16.50778820574245,18.371121539075784,18.349296161310384
IMG_2935_649_969,45.79510042737009,42.07044019373204,42.736787807303706,41.08116289253051
IMG_2936_1297_969,67.0223690833023,63.53962067774053,63.909591305524515,60.42684289996274
IMG_2936_1945_485,20.01411685254494,16.531100071062852,17.01832229328507,16.985737926480397
IMG_2936_1945_969,39.372359948524085,35.779334551688734,35.662436043836664,34.03390719674563
IMG_2936_1_969,47.724496497387335,44.26175980261381,44.266121812237294,41.89531762310733
IMG_2936_649_969,52.315334779468294,49.44881337904072,49.16799549200468,46.316125819868944
IMG_2937_1297_485,45.28997050620389,41.44645719572042,41.66367206248005,39.88199111588829
IMG_2937_1297_969,20.442865540067007,18.148010090800668,18.323554150343778,17.154315424078497
IMG_2937_1945_969,48.25161101266295,44.56007764813918,44.6712961793072,42.46551841446098
IMG_2937_1_485,51.29544516727449,47.14231953541613,47.494334056163375,45.127882647880654
IMG_2937_649_485,36.126012486795986,34.226992077816384,34.4995536335555,32.355686877958554
IMG_2937_649_969,31.37648727444021,26.41633843408152,26.81926505221799,26.066447694390355
IMG_2938_1297_1453,32.136880981884865,31.413078219045413,31.45275539722281,29.6301504291531
IMG_2938_1297_485,31.24956107110077,30.10685401900581,30.630364770764213,28.830405131141585
IMG_2938_1297_969,22.646185217780552,21.364651665287465,23.730639599611987,23.862750083353173
IMG_2938_1945_1,23.198254647824648,18.802492607148608,19.046381496037494,19.046381496037494
IMG_2938_1945_485,34.87010822790316,32.427875346987946,32.18947211890904,30.235115260702557
IMG_2938_1_969,27.42554190829537,27.176476920398855,27.228205493292823,26.281420825292805
IMG_2938_649_485,31.885612732965317,30.910021388275567,31.06553970935967,29.730786877537398
IMG_2938_649_969,28.51486108120441,27.352311013734358,28.82872513907869,28.027949503163757
IMG_2940_1297_485,47.33382182073472,43.08163647248183,43.22104404295695,41.13713120452643
IMG_2940_1945_485,44.6523315462389,40.39406468375166,40.05122043512779,38.00310928979441
IMG_2940_1_969,43.87359054600824,41.38808328083465,41.317110514593814,39.678595747066055
IMG_2940_649_485,30.784866167101104,29.312336548637802,29.160404753551393,27.59842319052037
