image,endpoint_count,branch_point_count,connected_components,graph_nodes,graph_edges,skeleton_length_pixels,branch_density,endpoint_density,average_width_pixels,maximum_width_pixels,crack_coverage_percent,crack_area_pixels,dominant_orientation_degrees
20160222_081011_1281_721,10,8,1,741,752,858.45,0.009319,0.011649,9.69,34.0,5.5573,12804,3.35
20160222_081011_1921_721,2,1,1,209,209,226.4,0.004417,0.008834,8.43,22.0,1.3199,3041,178.66
20160222_081011_1_361,3,2,2,430,430,502.9,0.003977,0.005965,6.39,18.39,2.0226,4660,165.5
20160222_081011_1_721,9,8,3,805,812,914.31,0.00875,0.009843,5.63,22.0,2.9219,6732,6.76
20160222_081011_641_361,3,2,1,326,327,376.29,0.005315,0.007973,4.99,15.18,1.2205,2812,10.33
20160222_081011_641_721,7,4,3,503,507,578.66,0.006913,0.012097,7.88,28.0,2.7196,6266,177.3
20160222_081031_1281_361,6,4,1,719,722,792.83,0.005045,0.007568,18.07,46.74,10.23,23570,0.73
20160222_081031_1921_361,4,3,1,684,684,753.17,0.003983,0.005311,38.65,135.54,12.9106,29746,5.16
20160222_081031_1921_721,1,0,1,374,373,390.4,0.0,0.002561,16.25,51.94,2.2873,5270,0.57
20160222_081031_1_721,1,2,1,728,730,856.34,0.002336,0.001168,20.23,59.18,11.533,26572,153.29
20160222_081031_641_361,7,5,1,693,695,774.11,0.006459,0.009043,25.2,107.91,11.7899,27164,175.04
20160222_081031_641_721,2,0,1,161,160,178.23,0.0,0.011222,36.52,97.09,3.0326,6987,166.53
20160222_081102_1281_361,8,4,3,922,923,1031.11,0.003879,0.007759,6.09,26.0,3.6293,8362,175.83
20160222_081102_1281_721,2,2,1,669,670,742.9,0.002692,0.002692,6.27,20.0,2.941,6776,7.45
20160222_081102_1921_1,2,0,4,199,195,229.79,0.0,0.008703,3.55,8.79,0.4618,1064,111.84
20160222_081102_1921_1081,5,3,2,594,596,702.04,0.004273,0.007122,5.45,20.38,1.9149,4412,30.31
20160222_081102_1921_361,8,3,3,530,529,596.52,0.005029,0.013411,7.05,28.0,2.3668,5453,27.32
20160222_081102_1921_721,3,2,1,667,668,721.43,0.002772,0.004158,7.16,18.78,3.4939,8050,3.17
20160222_081102_1_721,4,2,1,196,198,225.34,0.008876,0.017751,7.02,21.18,0.921,2122,176.76
20160222_081102_641_361,5,0,3,236,233,266.14,0.0,0.018787,4.33,12.0,0.7092,1634,173.39
20160222_081102_641_721,2,2,1,705,707,817.6,0.002446,0.002446,6.28,18.78,3.3698,7764,5.54
20160222_081111_1281_361,5,3,1,481,482,540.82,0.005547,0.009245,7.86,42.0,2.4692,5689,13.92
20160222_081111_1281_721,3,1,1,237,236,265.82,0.003762,0.011286,6.68,22.0,1.1081,2553,12.35
20160222_081111_1921_721,3,1,1,666,665,763.58,0.00131,0.003929,5.96,18.0,2.951,6799,2.13
20160222_081111_1_1,3,1,1,223,222,242.3,0.004127,0.012382,4.72,13.18,0.7114,1639,85.76
20160222_081111_1_361,6,3,2,866,867,1006.18,0.002982,0.005963,4.12,14.0,2.4444,5632,10.35
20160222_081111_641_361,3,3,1,687,689,768.53,0.003904,0.003904,4.9,14.0,2.4036,5538,178.3
20160222_081113_1281_361,2,1,2,251,250,260.36,0.003841,0.007682,6.3,17.58,0.5603,1291,179.07
20160222_081113_1281_721,6,5,2,669,674,742.35,0.006735,0.008082,7.66,26.36,3.076,7087,6.39
20160222_081113_1921_721,3,1,1,664,665,762.34,0.001312,0.003935,8.73,34.39,4.4006,10139,21.21
20160222_081113_1_1,1,0,1,182,181,190.53,0.0,0.005249,5.52,18.0,0.4709,1085,89.93
20160222_081113_1_361,15,5,7,475,476,561.33,0.008907,0.026722,4.56,14.39,1.457,3357,7.32
20160222_081113_1_721,19,9,5,765,769,906.52,0.009928,0.020959,4.94,14.0,2.7461,6327,8.24
20160222_081113_641_361,7,4,5,597,596,700.38,0.005711,0.009995,5.16,20.38,2.0625,4752,17.86
20160222_081113_641_721,4,2,2,346,346,399.02,0.005012,0.010025,5.57,16.0,1.3572,3127,171.8
20160222_081908_1281_1,4,1,2,244,243,258.33,0.003871,0.015484,4.9,10.39,0.8346,1923,99.3
20160222_081908_1281_1081,8,1,4,240,238,260.37,0.003841,0.030726,4.64,10.79,0.7878,1815,95.88
20160222_081908_1281_361,6,0,3,164,161,179.23,0.0,0.033477,4.32,10.39,0.5022,1157,104.71
20160222_081908_1281_721,15,14,1,813,834,931.75,0.015025,0.016099,6.18,19.58,3.4145,7867,0.27
20160222_081908_1_1,6,0,3,258,255,274.05,0.0,0.021894,3.0,7.19,0.4405,1015,90.85
20160222_081908_1_1081,6,0,3,285,282,322.18,0.0,0.018623,3.56,10.39,0.6918,1594,108.98
20160222_081908_1_361,7,1,3,270,268,283.74,0.003524,0.02467,3.23,8.0,0.5226,1204,83.93
20160222_081908_1_721,9,1,6,311,311,340.41,0.002938,0.026439,3.42,9.99,0.6354,1464,89.65
20160222_081908_641_361,6,3,6,223,219,241.78,0.012408,0.024816,4.7,11.59,0.5681,1309,179.69
20160222_081908_641_721,7,6,3,1153,1157,1331.8,0.004505,0.005256,4.56,15.18,3.3407,7697,10.65
20160222_082414_1281_1081,3,4,1,605,612,729.22,0.005485,0.004114,10.52,32.79,4.9102,11313,55.31
20160222_082414_1281_361,4,1,2,245,245,280.62,0.003564,0.014254,5.31,17.19,0.8494,1957,141.19
20160222_082414_1281_721,3,2,1,477,477,588.42,0.003399,0.005098,9.36,25.2,3.8711,8919,45.94
20160222_082414_1_361,14,9,3,782,797,913.39,0.009853,0.015327,5.87,28.0,2.4453,5634,14.32
20160222_082414_641_361,11,9,2,880,891,1006.98,0.008938,0.010924,8.19,26.36,4.9431,11389,6.28
20160222_114806_1281_1,13,11,2,881,899,1039.83,0.010579,0.012502,4.59,16.0,2.7743,6392,72.66
20160222_114806_1281_1081,13,6,4,1122,1128,1271.73,0.004718,0.010222,4.14,14.39,2.8082,6470,9.11
20160222_114806_1281_361,9,6,3,995,1001,1111.18,0.0054,0.008099,5.07,15.98,3.3472,7712,17.85
20160222_114806_1281_721,8,6,2,891,896,1009.91,0.005941,0.007922,5.08,17.18,2.6428,6089,8.67
20160222_115219_1281_361,2,2,1,363,370,458.23,0.004365,0.004365,5.46,17.18,1.5642,3604,42.57
20160222_115219_1281_721,10,3,4,469,470,554.5,0.00541,0.018034,5.26,17.18,1.799,4145,35.98
20160222_115219_1921_1081,2,0,1,217,216,245.41,0.0,0.00815,4.2,9.99,0.6319,1456,8.23
20160222_115219_641_1,4,2,1,468,469,547.29,0.003654,0.007309,7.02,24.79,2.6623,6134,54.73
20160222_115219_641_361,3,1,2,169,169,199.24,0.005019,0.015057,6.37,16.8,0.7682,1770,26.86
20160222_115233_1281_361,3,1,1,442,442,499.99,0.002,0.006,6.7,21.58,2.2908,5278,10.46
20160222_115233_1281_721,1,1,1,239,239,284.98,0.003509,0.003509,5.42,14.0,0.9635,2220,21.29
20160222_115233_1921_721,2,0,1,640,639,713.14,0.0,0.002804,8.44,22.0,4.4614,10279,179.69
20160222_115233_1_361,13,5,7,773,774,907.38,0.00551,0.014327,4.7,14.0,2.4622,5673,24.3
20160222_115233_1_721,4,1,3,214,212,250.11,0.003998,0.015993,4.92,14.0,0.7869,1813,173.55
20160222_115233_641_361,11,5,3,716,723,808.74,0.006182,0.013601,6.92,24.39,3.2847,7568,172.52
20160222_115324_1281_1,4,0,2,289,287,322.62,0.0,0.012398,4.58,12.0,0.987,2274,97.79
20160222_115324_1281_361,6,5,2,530,538,634.51,0.00788,0.009456,5.33,17.18,1.9119,4405,135.74
20160222_115324_1281_721,8,6,2,323,332,380.05,0.015787,0.02105,15.99,64.33,2.0907,4817,105.72
20160222_115324_1_1,8,3,3,696,697,793.51,0.003781,0.010082,4.53,14.39,2.0885,4812,34.67
20160222_115324_641_1081,6,4,1,415,420,465.15,0.008599,0.012899,18.31,46.74,5.4579,12575,87.3
20160222_115324_641_361,3,3,1,576,579,693.74,0.004324,0.004324,6.85,21.58,2.9596,6819,42.78
20160222_115324_641_721,4,5,2,443,447,531.09,0.009415,0.007532,7.17,30.8,2.0052,4620,64.21
20160222_115519_641_1,4,2,1,366,367,403.87,0.004952,0.009904,7.24,28.36,1.7986,4144,83.26
20160222_115519_641_1081,5,3,1,382,386,425.35,0.007053,0.011755,9.43,34.38,2.5764,5936,93.75
20160222_115519_641_361,3,2,1,395,397,444.63,0.004498,0.006747,7.32,25.97,1.9431,4477,86.43
20160222_115519_641_721,4,4,1,440,448,517.59,0.007728,0.007728,5.18,18.0,1.4661,3378,98.96
20160222_115620_1281_1,7,1,4,294,292,317.68,0.003148,0.022035,5.95,24.0,0.7682,1770,91.72
20160222_115620_641_1081,7,4,2,420,424,486.55,0.008221,0.014387,7.37,21.19,2.056,4737,70.17
20160222_115620_641_721,8,1,5,509,506,561.09,0.001782,0.014258,4.97,18.0,1.6024,3692,97.64
20160222_115714_1281_1081,4,2,1,439,441,510.59,0.003917,0.007834,4.92,16.8,1.526,3516,107.08
20160222_115714_1281_721,3,0,2,400,398,448.95,0.0,0.006682,3.91,10.39,1.0312,2376,80.9
20160222_115714_641_1,5,1,2,269,268,306.52,0.003262,0.016312,3.63,9.99,0.6593,1519,82.83
20160222_115714_641_361,8,4,3,460,461,537.63,0.00744,0.01488,4.25,12.0,1.3576,3128,81.63
20160222_115738_1281_1,0,0,2,176,174,195.12,0.0,0.0,4.5,12.0,0.4679,1078,88.66
20160222_115738_1281_1081,7,1,4,519,516,593.46,0.001685,0.011795,4.65,14.79,1.6562,3816,79.13
20160222_115738_1281_361,3,1,1,304,304,334.65,0.002988,0.008965,4.49,13.18,0.9076,2091,85.14
20160222_115738_1281_721,2,1,1,376,377,430.02,0.002325,0.004651,5.45,20.79,1.4023,3231,98.57
20160222_115738_641_1081,10,0,7,413,406,446.59,0.0,0.022392,3.94,11.59,0.9653,2224,98.8
20160222_115805_641_1,5,3,1,385,388,434.39,0.006906,0.01151,7.06,20.0,2.0573,4740,83.28
20160222_115805_641_1081,6,0,3,525,522,586.62,0.0,0.010228,3.71,10.0,1.2561,2894,85.07
20160222_115805_641_361,1,1,1,429,430,487.58,0.002051,0.002051,4.12,11.2,1.2153,2800,81.81
20160222_115805_641_721,4,1,2,367,367,408.84,0.002446,0.009784,5.1,12.79,1.3685,3153,95.07
20160222_115828_641_1,7,2,3,371,371,417.81,0.004787,0.016754,5.23,14.39,1.3707,3158,101.46
20160222_115828_641_1081,1,0,1,331,330,379.71,0.0,0.002634,7.62,29.16,1.691,3896,81.35
20160222_115828_641_361,3,2,1,428,430,505.8,0.003954,0.005931,5.63,16.8,1.7287,3983,67.34
20160222_115828_641_721,3,3,1,410,415,478.79,0.006266,0.006266,6.84,24.39,1.6133,3717,76.51
20160222_115833_1281_1081,4,1,2,263,263,312.29,0.003202,0.012809,6.7,23.97,1.0747,2476,33.85
20160222_115833_1281_361,6,2,3,146,146,169.61,0.011792,0.035375,7.18,22.0,0.6233,1436,24.54
20160222_115833_1281_721,9,5,3,556,559,663.8,0.007532,0.013558,5.11,21.19,1.8181,4189,45.05
20160222_115833_1921_1081,2,2,1,402,403,485.84,0.004117,0.004117,4.48,17.58,1.1211,2583,47.98
20160222_115833_641_1,12,2,6,413,410,492.43,0.004062,0.024369,4.89,15.98,1.2439,2866,70.04
20160222_115833_641_361,9,4,3,490,493,567.14,0.007053,0.015869,5.82,20.0,1.9536,4501,39.01
20160222_115843_1281_1,5,3,1,370,374,419.98,0.007143,0.011905,8.35,29.16,2.135,4919,96.66
20160222_115843_1281_361,6,1,3,360,358,411.43,0.002431,0.014583,4.77,18.0,1.0373,2390,107.27
20160222_115843_1281_721,2,2,1,225,227,254.75,0.007851,0.007851,4.86,13.18,0.7153,1648,100.61
20160222_115843_641_1081,4,0,2,349,347,386.76,0.0,0.010342,4.86,14.39,1.1454,2639,86.05
20160222_115847_1281_1,10,5,5,424,426,498.49,0.01003,0.020061,5.59,19.99,1.4826,3416,108.98
20160222_115847_1281_361,6,2,3,182,182,209.75,0.009535,0.028605,4.79,17.58,0.454,1046,108.9
20160222_115847_641_1081,5,2,2,370,371,420.29,0.004759,0.011897,4.52,14.0,1.0299,2373,98.19
20160222_115847_641_361,3,1,2,214,213,252.35,0.003963,0.011888,4.45,13.18,0.6128,1412,120.19
20160222_115847_641_721,6,3,2,399,402,466.2,0.006435,0.01287,3.84,12.0,0.9957,2294,119.0
20160222_115858_641_1,15,2,8,378,373,430.99,0.00464,0.034804,3.0,9.99,0.6719,1548,50.25
20160222_115858_641_1081,7,5,2,385,388,445.58,0.011221,0.01571,3.81,12.0,0.9735,2243,101.8
20160222_115858_641_361,14,2,6,316,312,364.61,0.005485,0.038398,3.03,8.0,0.5586,1287,56.22
20160222_115858_641_721,9,1,5,325,320,359.76,0.00278,0.025016,4.57,19.99,0.796,1834,95.24
20160222_163930_1281_361,2,1,1,556,556,601.15,0.001663,0.003327,16.35,66.0,4.2726,9844,0.77
20160222_163930_1281_721,2,2,3,612,611,658.63,0.003037,0.003037,20.64,62.36,5.0851,11716,8.69
20160222_163930_1921_1081,7,10,2,572,586,726.42,0.013766,0.009636,13.47,50.33,4.9188,11333,50.19
20160222_163930_1921_721,6,5,2,1082,1085,1257.31,0.003977,0.004772,16.53,55.14,12.7122,29289,4.45
20160222_163930_1_1,9,3,4,814,814,928.74,0.00323,0.009691,4.04,12.0,2.1159,4875,13.54
20160222_163930_1_1081,5,1,3,935,934,1045.84,0.000956,0.004781,4.14,12.0,2.5777,5939,30.91
20160222_163930_1_361,17,14,8,1654,1680,1919.42,0.007294,0.008857,5.93,30.36,5.2839,12174,11.66
20160222_163930_1_721,9,8,3,1284,1293,1439.63,0.005557,0.006252,7.4,32.76,5.0829,11711,152.77
20160222_163930_641_1,11,7,3,916,923,1058.03,0.006616,0.010397,5.42,20.0,3.3507,7720,177.58
20160222_163930_641_361,9,4,6,1288,1287,1469.67,0.002722,0.006124,5.95,22.0,4.6545,10724,5.96
20160222_163930_641_721,3,2,1,231,231,253.37,0.007894,0.011841,13.29,42.34,1.908,4396,3.52
20160222_164021_1281_1,7,5,2,537,541,618.46,0.008085,0.011318,7.57,28.0,2.3455,5404,75.11
20160222_164021_1281_361,11,10,1,578,590,683.61,0.014628,0.016091,10.08,37.56,3.2821,7562,114.94
20160222_164021_641_1081,5,3,3,376,380,420.59,0.007133,0.011888,6.44,16.8,1.6949,3905,97.64
20160222_164021_641_361,2,3,2,104,105,122.81,0.024428,0.016285,9.7,23.97,0.5352,1233,88.92
20160222_164021_641_721,8,6,1,460,466,537.66,0.011159,0.014879,9.45,34.76,3.27,7534,104.75
20160222_164822_1281_1,2,1,1,173,173,188.74,0.005298,0.010597,17.89,56.78,1.2917,2976,94.69
20160222_164822_1281_361,1,1,4,241,238,259.12,0.003859,0.003859,14.12,48.0,1.0252,2362,89.17
20160222_164822_1281_721,1,1,1,256,256,294.11,0.0034,0.0034,13.64,37.99,2.4201,5576,97.88
20160222_164822_641_1,2,1,1,377,378,416.52,0.002401,0.004802,13.88,40.0,3.2856,7570,79.71
20160222_164822_641_1081,2,0,1,375,374,431.16,0.0,0.004639,15.57,50.0,4.9705,11452,106.89
20160222_164822_641_361,1,0,2,350,348,376.58,0.0,0.002655,13.26,48.33,2.5985,5987,89.86
20160222_164822_641_721,1,1,1,208,208,240.31,0.004161,0.004161,15.94,44.0,2.3082,5318,109.59
20160222_164825_1281_1,2,2,1,471,473,559.16,0.003577,0.003577,16.29,58.8,5.5872,12873,115.21
20160222_164825_1281_361,2,1,1,451,453,535.01,0.001869,0.003738,11.82,36.76,4.4527,10259,123.94
20160222_164825_1281_721,2,1,1,165,164,190.92,0.005238,0.010475,14.85,40.0,1.9193,4422,158.21
20160222_164825_641_1081,4,4,1,495,501,574.32,0.006965,0.006965,22.63,64.0,7.3898,17026,105.18
20160222_164825_641_721,1,1,1,542,541,641.24,0.001559,0.001559,13.98,45.94,6.1558,14183,141.26
20160222_164920_641_1,5,3,2,382,396,455.23,0.00659,0.010983,3.5,10.39,0.8455,1948,88.87
20160222_164920_641_361,9,4,3,339,341,383.66,0.010426,0.023458,11.09,36.0,2.0543,4733,98.31
20160222_164920_641_721,2,0,2,100,98,114.98,0.0,0.017394,9.48,26.0,0.7747,1785,85.93
20160222_164936_641_1,5,1,2,317,317,356.35,0.002806,0.014031,5.97,22.0,1.099,2532,107.68
20160222_164936_641_1081,2,0,2,198,196,238.25,0.0,0.008395,6.54,17.19,1.033,2380,59.27
20160222_164936_641_361,3,1,1,373,374,444.83,0.002248,0.006744,8.28,21.58,2.622,6041,100.64
20160222_164936_641_721,1,0,1,359,358,399.84,0.0,0.002501,8.73,24.0,2.286,5267,75.0
20160222_165012_1281_1,3,0,2,210,208,242.38,0.0,0.012377,4.95,12.0,0.7756,1787,94.05
20160222_165012_641_1,2,1,1,174,175,208.55,0.004795,0.00959,5.25,12.79,0.6684,1540,118.37
20160222_165012_641_361,4,0,2,252,250,281.07,0.0,0.014232,5.87,15.18,1.0955,2524,95.42
20160222_165012_641_721,2,1,1,291,290,331.01,0.003021,0.006042,4.12,12.0,0.8377,1930,99.02
20160222_165031_641_1,9,7,1,440,448,525.04,0.013332,0.017141,5.82,19.6,1.7244,3973,79.41
20160222_165031_641_1081,6,4,1,395,399,453.68,0.008817,0.013225,17.78,57.18,5.5451,12776,77.53
20160222_165031_641_361,7,6,1,408,417,478.72,0.012533,0.014622,8.88,29.59,2.4136,5561,94.78
20160222_165031_641_721,2,2,1,446,447,519.49,0.00385,0.00385,12.84,42.39,4.1345,9526,97.43
20160222_165037_1281_721,5,4,1,695,701,782.6,0.005111,0.006389,9.78,38.38,4.464,10285,8.02
20160222_165037_1921_361,4,1,2,403,403,449.39,0.002225,0.008901,5.65,16.39,1.5347,3536,174.3
20160222_165037_1921_721,2,1,1,242,241,278.28,0.003594,0.007187,5.74,16.8,0.9622,2217,155.76
20160222_165037_1_361,4,5,1,737,744,816.9,0.006121,0.004897,17.45,81.89,6.895,15886,179.52
20160222_165037_1_721,1,1,3,305,302,327.27,0.003056,0.003056,18.61,61.51,2.0143,4641,177.57
20160222_165037_641_361,8,11,2,729,738,860.19,0.012788,0.0093,10.72,36.36,5.1089,11771,173.65
20160222_165037_641_721,5,3,2,285,286,334.46,0.00897,0.014949,7.96,28.0,1.4349,3306,2.97
20160222_165218_1281_721,8,3,4,872,872,1007.86,0.002977,0.007938,9.21,31.96,5.6233,12956,9.63
20160222_165218_1921_1081,2,0,2,163,161,203.66,0.0,0.00982,9.25,23.99,1.217,2804,38.73
20160222_165218_1921_721,9,7,3,1192,1207,1414.94,0.004947,0.006361,7.68,31.96,6.2964,14507,9.15
20160222_165218_1_361,4,2,1,529,530,587.58,0.003404,0.006808,4.47,15.98,1.5161,3493,168.41
20160222_165218_641_1,4,0,2,348,346,385.35,0.0,0.01038,4.07,10.79,0.9748,2246,78.15
20160222_165218_641_361,6,2,3,373,373,419.39,0.004769,0.014306,5.66,15.98,1.4857,3423,92.76
20160222_165218_641_721,1,1,1,723,725,844.71,0.001184,0.001184,6.39,20.0,3.2582,7507,155.55
20160222_165256_1281_1,2,0,3,189,186,208.37,0.0,0.009598,6.08,18.78,0.6359,1465,91.66
20160222_165256_1281_361,6,1,3,347,345,391.81,0.002552,0.015314,5.89,16.8,1.5234,3510,78.66
20160222_165256_1281_721,7,6,1,653,665,787.19,0.007622,0.008892,6.35,18.0,3.1328,7218,28.02
20160222_165256_1921_1081,3,0,2,356,354,406.19,0.0,0.007386,6.7,23.18,1.8464,4254,2.09
20160222_165256_641_1,2,0,4,234,230,262.72,0.0,0.007613,5.87,15.18,0.8681,2000,89.58
20160222_165256_641_721,5,1,2,578,577,683.45,0.001463,0.007316,6.42,19.18,2.855,6578,155.33
20160222_165625_1281_361,10,3,6,538,537,589.61,0.005088,0.016961,3.75,13.18,1.2062,2779,176.32
20160222_165625_1921_361,4,2,4,799,797,874.87,0.002286,0.004572,4.42,16.0,2.1814,5026,173.49
20160222_165625_1921_721,2,2,1,258,261,290.82,0.006877,0.006877,6.94,22.0,1.1254,2593,178.09
20160222_165625_1_721,6,4,2,614,618,677.65,0.005903,0.008854,4.31,13.18,1.7057,3930,7.08
20160222_165625_641_361,5,0,4,310,306,337.89,0.0,0.014798,3.7,11.2,0.635,1463,179.07
20160222_165625_641_721,5,3,3,443,443,486.49,0.006167,0.010278,5.24,17.19,1.2834,2957,173.82
20160222_165715_1281_361,14,8,5,612,618,696.7,0.011483,0.020095,4.72,19.58,1.6328,3762,177.61
20160222_165715_1921_361,10,5,4,541,543,634.54,0.00788,0.015759,3.87,15.59,1.2865,2964,166.33
20160222_165715_1921_721,4,2,3,217,217,245.99,0.00813,0.01626,3.84,14.0,0.4878,1124,9.45
20160222_165715_1_721,14,8,5,680,687,780.2,0.010254,0.017944,8.43,30.76,2.7899,6428,173.94
20160222_165715_641_721,6,4,1,689,693,805.25,0.004967,0.007451,7.38,30.8,2.6836,6183,0.88
20160222_165909_1281_1081,3,1,1,368,371,439.35,0.002276,0.006828,6.1,19.99,1.5686,3614,62.36
20160222_165909_1281_361,3,2,1,648,650,714.62,0.002799,0.004198,4.31,12.0,1.9527,4499,8.04
20160222_165909_1281_721,1,1,1,181,181,219.94,0.004547,0.004547,5.43,16.0,0.7422,1710,50.97
20160222_165909_1921_361,9,4,3,729,733,799.69,0.005002,0.011254,3.92,10.79,1.8442,4249,176.85
20160222_165909_1_1,1,0,1,437,436,540.38,0.0,0.001851,6.48,20.38,2.365,5449,50.52
20160222_165909_1_361,1,1,1,139,139,166.34,0.006012,0.006012,5.66,16.0,0.5456,1257,34.41
20160222_165909_641_361,6,6,1,977,986,1176.95,0.005098,0.005098,5.27,16.8,3.8316,8828,177.56
20160222_165909_641_721,4,1,2,323,323,395.49,0.002529,0.010114,4.92,14.0,1.2804,2950,34.8
20160222_165919_1281_1,5,5,1,596,602,689.81,0.007248,0.007248,8.47,34.36,2.9753,6855,81.91
20160222_165919_1281_361,3,2,2,557,557,634.04,0.003154,0.004732,7.19,22.0,2.6254,6049,55.33
20160222_165919_1281_721,2,0,2,354,352,402.95,0.0,0.004963,4.64,17.18,1.1328,2610,18.67
20160222_165919_1921_721,3,0,2,291,289,318.41,0.0,0.009422,3.84,10.0,0.6923,1595,21.34
20160222_165919_1_361,4,2,2,526,527,573.81,0.003485,0.006971,4.99,18.79,1.5473,3565,176.03
20160222_165919_1_721,4,0,5,313,308,347.35,0.0,0.011516,4.22,14.39,0.7791,1795,26.25
20160222_165919_641_361,12,8,3,875,881,1013.13,0.007896,0.011844,5.08,17.18,2.9262,6742,172.91
20160222_165919_641_721,6,2,3,535,535,624.47,0.003203,0.009608,4.74,21.19,1.4757,3400,157.14
20160222_165937_1281_361,4,0,2,629,627,687.06,0.0,0.005822,4.16,13.18,1.6003,3687,0.6
20160222_165937_1281_721,2,3,1,768,774,869.27,0.003451,0.002301,9.59,31.96,5.1467,11858,4.37
20160222_165937_1921_721,5,4,1,722,725,813.23,0.004919,0.006148,8.03,30.37,4.3563,10037,166.64
20160222_165937_1_1081,8,6,1,782,793,914.78,0.006559,0.008745,19.29,62.0,7.1784,16539,172.38
20160222_165937_1_361,4,1,2,628,628,696.35,0.001436,0.005744,4.91,12.39,2.1428,4937,5.84
20160222_165937_1_721,1,2,2,350,351,387.45,0.005162,0.002581,10.1,30.36,1.951,4495,164.29
20160222_165937_641_361,9,2,3,907,906,986.77,0.002027,0.009121,4.22,19.18,2.1684,4996,3.12
20160222_165937_641_721,2,1,1,675,675,754.11,0.001326,0.002652,7.15,23.99,3.513,8094,167.46
20160222_165947_1281_721,4,0,2,621,619,684.86,0.0,0.005841,8.41,28.78,3.7674,8680,177.21
20160222_165947_1921_721,3,1,1,577,578,626.46,0.001596,0.004789,8.33,34.0,2.9418,6778,3.82
20160222_165947_1_721,5,1,2,514,512,556.74,0.001796,0.008981,7.7,23.18,2.8394,6542,176.83
20160222_165947_641_1,5,3,1,376,380,428.05,0.007009,0.011681,4.47,12.79,1.1285,2600,87.5
20160222_165947_641_361,8,2,3,289,288,329.01,0.006079,0.024316,6.03,20.38,1.0903,2512,108.77
20160222_165947_641_721,5,5,2,728,732,799.52,0.006254,0.006254,10.7,37.15,4.9492,11403,2.39
20160225_114503_1281_1,13,5,4,338,341,389.88,0.012825,0.033344,5.04,20.0,1.0091,2325,11.15
20160225_114503_1281_361,11,9,2,903,911,1037.34,0.008676,0.010604,18.09,60.0,11.1194,25619,163.77
20160225_114503_1281_721,6,2,3,410,408,484.22,0.00413,0.012391,11.04,41.54,2.7565,6351,138.21
20160225_114503_1921_1,4,2,1,535,536,631.68,0.003166,0.006332,17.94,52.33,7.3168,16858,142.36
20160225_114503_1921_361,4,4,1,458,460,526.27,0.007601,0.007601,23.52,68.0,7.194,16575,151.77
20160225_114503_1_1081,3,0,2,213,211,249.94,0.0,0.012003,4.72,14.0,0.7352,1694,128.62
20160225_114503_1_361,24,16,7,814,842,963.36,0.016608,0.024913,4.42,21.19,1.9813,4565,163.83
20160225_114503_1_721,12,11,2,791,799,907.52,0.012121,0.013223,11.1,41.15,4.398,10133,168.02
20160225_114503_641_1,2,0,1,280,279,313.79,0.0,0.006374,7.59,22.0,1.6545,3812,171.65
20160225_114503_641_1081,8,6,3,917,919,1066.46,0.005626,0.007501,7.85,36.0,4.3043,9917,164.9
20160225_114503_641_361,20,17,3,1110,1132,1320.47,0.012874,0.015146,13.89,49.54,7.1011,16361,31.26
20160225_114503_641_721,7,4,3,699,702,813.84,0.004915,0.008601,8.48,34.76,3.6541,8419,11.36
20160302_155848_1281_361,1,1,1,423,422,483.3,0.002069,0.002069,26.52,65.97,8.2652,19043,159.12
20160302_155848_1281_721,0,0,1,368,367,412.56,0.0,0.0,20.21,49.54,5.4822,12631,162.63
20160302_155848_1921_1,4,0,2,307,305,374.59,0.0,0.010678,10.77,33.6,2.7943,6438,129.18
20160302_155848_1921_361,5,4,1,737,741,848.28,0.004715,0.005894,29.3,91.93,15.9314,36706,161.22
20160302_155848_1_721,2,0,1,654,653,726.73,0.0,0.002752,18.77,65.91,10.1406,23364,13.58
20160302_155848_641_721,2,1,1,699,699,774.39,0.001291,0.002583,15.67,44.76,8.783,20236,169.2
20160302_155914_1081_641,4,1,2,217,216,255.35,0.003916,0.015665,3.45,8.4,0.5061,1166,68.21
20160302_155914_361_1281,3,2,1,682,684,766.01,0.002611,0.003916,18.09,60.0,8.9818,20694,94.01
20160302_155914_361_1921,2,1,1,655,655,714.65,0.001399,0.002799,16.27,52.0,8.3863,19322,93.17
20160302_155914_361_641,2,0,2,213,211,241.65,0.0,0.008276,8.63,23.99,1.1693,2694,51.78
20160302_155914_721_641,4,2,2,533,535,643.94,0.003106,0.006212,17.15,68.79,5.1649,11900,131.6
20160303_091825_1281_361,8,9,1,797,809,915.04,0.009836,0.008743,11.96,39.54,6.9609,16038,17.07
20160303_091825_1921_361,3,0,2,121,119,128.11,0.0,0.023417,18.49,57.18,1.0564,2434,3.1
20160303_091825_1921_721,7,4,2,601,600,667.52,0.005992,0.010487,14.66,49.58,6.6016,15210,5.67
20160303_091825_1_1,2,0,1,140,139,151.01,0.0,0.013244,11.4,38.0,0.9314,2146,10.68
20160303_091825_641_1,10,11,4,713,727,858.31,0.012816,0.011651,9.65,33.17,4.8294,11127,39.71
20160303_091825_641_1081,8,4,3,361,366,426.48,0.009379,0.018758,6.65,20.0,1.6228,3739,70.56
20160303_091825_641_361,4,8,1,663,677,776.41,0.010304,0.005152,11.63,36.36,5.0816,11708,81.7
20160303_091825_641_721,7,4,2,400,403,453.95,0.008812,0.01542,6.64,17.18,2.0369,4693,94.73
20160303_091830_1_1921,7,6,1,797,801,904.14,0.006636,0.007742,18.27,57.18,10.2192,23545,130.06
20160303_091830_361_1281,12,12,4,628,642,735.61,0.016313,0.016313,8.8,31.58,3.0872,7113,120.05
20160303_091830_361_1921,18,6,7,947,947,1074.16,0.005586,0.016757,11.49,46.0,5.7439,13234,68.21
20160303_091830_721_1,10,4,3,643,645,707.96,0.00565,0.014125,11.42,39.59,5.2582,12115,91.86
20160303_091830_721_1281,6,3,2,135,136,149.67,0.020044,0.040088,9.59,24.38,0.753,1735,114.72
20160303_091830_721_641,21,11,8,733,742,852.18,0.012908,0.024643,10.1,39.97,3.9596,9123,92.12
20160303_091837_361_1,7,3,3,538,540,605.03,0.004958,0.01157,10.16,30.0,3.6558,8423,79.48
20160303_091837_361_1281,18,10,8,501,507,569.55,0.017558,0.031604,6.73,23.58,1.7604,4056,82.13
20160303_091837_361_641,17,17,2,1002,1025,1182.4,0.014378,0.014378,11.9,46.39,7.8112,17997,97.59
20160303_091837_721_1,13,13,3,828,874,1009.45,0.012878,0.012878,8.81,37.99,3.9028,8992,112.47
20160303_091837_721_1281,16,9,6,614,622,692.83,0.01299,0.023094,8.24,27.57,2.9249,6739,87.11
20160303_091837_721_1921,21,14,4,950,969,1109.83,0.012615,0.018922,7.74,23.18,5.1957,11971,73.31
20160306_104522_1281_1081,6,0,3,166,163,186.2,0.0,0.032224,4.72,12.79,0.6107,1407,73.21
20160306_104522_1281_361,5,5,2,560,562,646.5,0.007734,0.007734,22.42,83.54,5.4136,12473,178.32
20160306_104522_1281_721,11,7,2,877,882,961.94,0.007277,0.011435,16.75,80.69,6.7283,15502,172.91
20160306_104522_1921_361,2,1,1,507,508,563.92,0.001773,0.003547,10.26,36.36,3.2409,7467,4.42
20160306_104522_1921_721,5,3,2,318,322,357.21,0.008398,0.013997,11.0,32.0,1.6554,3814,3.28
20160306_104522_1_361,27,20,8,1464,1488,1719.13,0.011634,0.015706,13.85,51.99,12.8828,29682,22.37
20160306_104522_1_721,1,0,1,203,202,212.36,0.0,0.004709,18.76,52.79,2.043,4707,2.54
20160306_104522_641_361,8,9,1,840,852,931.94,0.009657,0.008584,19.69,70.3,6.9818,16086,2.77
20160306_104522_641_721,7,5,3,643,644,696.61,0.007178,0.010049,24.66,82.69,6.51,14999,179.75
20160306_104527_1281_361,8,5,2,611,616,690.56,0.007241,0.011585,24.3,87.18,7.0829,16319,174.49
20160306_104527_1281_721,12,6,5,1203,1207,1364.82,0.004396,0.008792,12.68,50.4,9.7309,22420,10.97
20160306_104527_1921_721,13,11,1,1188,1196,1368.73,0.008037,0.009498,25.08,97.58,18.3746,42335,5.36
20160306_104527_1_361,11,7,2,621,628,711.67,0.009836,0.015457,18.09,48.76,8.5399,19676,174.28
20160306_104527_641_361,8,6,1,860,868,985.22,0.00609,0.00812,21.1,83.94,9.4861,21856,6.94
20160306_104527_641_721,5,5,1,679,681,750.59,0.006661,0.006661,23.18,63.94,8.7708,20208,175.5
20160307_144115_1281_1,2,1,1,396,397,453.75,0.002204,0.004408,7.35,23.58,2.1367,4923,86.79
20160307_144115_1281_361,5,4,4,431,437,499.96,0.008001,0.010001,11.25,36.39,2.875,6624,95.18
20160307_144115_1281_721,0,0,1,136,135,153.64,0.0,0.0,14.59,35.15,1.3576,3128,104.82
20160307_144115_641_1081,2,1,1,373,374,420.81,0.002376,0.004753,6.39,22.4,1.6766,3863,92.85
20160307_144115_641_721,8,1,5,321,318,355.69,0.002811,0.022491,7.21,25.59,1.3607,3135,111.22
20160307_144252_1281_1,6,4,1,389,393,441.46,0.009061,0.013591,7.87,22.0,2.2921,5281,104.08
20160307_144252_1281_361,10,4,3,425,430,475.56,0.008411,0.021028,8.21,24.0,2.3546,5425,85.11
20160307_144252_1281_721,4,3,1,432,435,518.67,0.005784,0.007712,6.81,21.58,2.2791,5251,133.9
20160307_144252_641_1081,9,7,1,488,492,569.87,0.012283,0.015793,7.6,27.57,2.5017,5764,120.55
20160307_144924_1281_361,3,1,1,390,389,442.02,0.002262,0.006787,4.91,18.39,1.2205,2812,169.84
20160307_144924_1281_721,6,0,5,230,225,258.55,0.0,0.023206,4.56,16.8,0.658,1516,167.47
20160307_144924_1921_1,3,0,2,102,100,115.74,0.0,0.02592,6.34,19.58,0.4479,1032,4.27
20160307_144924_1921_361,8,6,2,616,622,729.28,0.008227,0.01097,4.19,15.18,1.5417,3552,148.45
20160307_144924_1_361,10,8,2,724,731,828.34,0.009658,0.012072,3.69,12.0,1.6185,3729,12.04
20160307_144924_641_361,4,0,3,194,191,217.51,0.0,0.01839,3.62,10.0,0.4414,1017,13.11
20160307_144924_641_721,7,2,3,300,298,348.95,0.005732,0.02006,4.55,11.59,0.9948,2292,18.91
20160307_144931_1281_1,4,2,1,363,365,418.02,0.004784,0.009569,5.96,16.0,1.6159,3723,110.26
20160307_144931_1281_361,2,1,1,368,369,414.98,0.00241,0.00482,6.04,20.0,1.6345,3766,81.63
20160307_144931_1281_721,4,3,1,716,720,801.19,0.003744,0.004993,9.42,31.58,5.3633,12357,13.23
20160307_144931_1921_721,6,4,1,674,679,758.94,0.00527,0.007906,8.92,28.36,4.3837,10100,163.5
20160307_144931_1_361,5,4,1,663,668,757.88,0.005278,0.006597,6.75,28.0,3.2435,7473,172.42
20160307_144931_1_721,3,1,2,257,256,297.84,0.003358,0.010073,8.07,33.58,1.0569,2435,167.99
20160307_144931_641_361,2,1,1,448,447,512.86,0.00195,0.0039,6.3,17.58,2.1671,4993,14.09
20160307_144931_641_721,2,1,1,223,224,253.41,0.003946,0.007892,10.16,28.0,1.7595,4054,15.27
20160307_145000_1281_361,5,2,2,686,687,753.27,0.002655,0.006638,9.7,28.78,5.0074,11537,3.06
20160307_145000_1921_361,1,0,1,78,77,88.6,0.0,0.011287,16.91,42.0,1.0065,2319,16.51
20160307_145000_1921_721,2,1,1,643,644,731.4,0.001367,0.002734,13.05,41.96,6.8138,15699,12.64
20160307_145000_1_721,5,3,1,692,693,763.42,0.00393,0.00655,15.61,57.97,8.3546,19249,168.9
20160307_145000_641_361,3,1,1,640,641,690.29,0.001449,0.004346,10.48,28.78,4.5812,10555,178.59
20160307_145000_641_721,0,0,2,212,210,222.43,0.0,0.0,10.77,28.0,0.8481,1954,178.42
20160307_145107_1281_361,1,1,3,348,346,375.82,0.002661,0.002661,16.13,55.14,2.6298,6059,178.45
20160307_145107_1281_721,2,1,3,543,541,598.16,0.001672,0.003344,15.39,47.54,5.1506,11867,1.06
20160307_145107_1921_1,4,0,3,364,361,437.22,0.0,0.009149,37.35,117.04,13.2148,30447,42.88
20160307_145107_1921_1081,7,0,7,278,271,324.02,0.0,0.021604,11.04,26.79,1.9366,4462,28.37
20160307_145107_1921_361,4,4,2,647,648,731.67,0.005467,0.005467,13.15,43.15,5.7648,13282,161.99
20160307_145107_1921_721,3,2,2,206,207,233.51,0.008565,0.012847,15.0,50.0,1.4709,3389,175.48
20160307_145107_1_1,2,0,1,397,396,483.81,0.0,0.004134,10.41,30.37,3.5464,8171,54.3
20160307_145107_1_361,1,0,1,107,106,133.75,0.0,0.007477,11.31,28.36,1.0786,2485,36.64
20160307_145107_641_1081,6,4,1,586,590,648.82,0.006165,0.009248,18.9,55.53,7.7656,17892,90.9
20160307_145107_641_361,3,1,1,329,329,377.05,0.002652,0.007957,8.51,25.58,2.1766,5015,68.2
20160307_145107_641_721,7,4,3,888,891,1015.68,0.003938,0.006892,12.0,40.79,7.8516,18090,157.64
20160307_145113_1281_361,3,2,1,213,216,258.25,0.007744,0.011617,14.03,44.0,2.0955,4828,142.52
20160307_145113_1281_721,8,7,1,612,618,695.87,0.010059,0.011496,10.75,29.16,4.7886,11033,171.1
20160307_145113_1921_1081,2,0,1,172,171,209.52,0.0,0.009546,7.02,19.6,0.9583,2208,50.11
20160307_145113_1921_361,10,8,1,844,853,952.41,0.0084,0.0105,13.58,48.0,7.8798,18155,176.65
20160307_145113_1_361,2,0,1,142,141,165.02,0.0,0.012119,17.29,54.79,1.6897,3893,32.85
20160307_145113_1_721,9,5,2,667,673,759.16,0.006586,0.011855,6.51,25.97,3.0595,7049,5.47
20160307_145113_641_721,13,8,2,802,813,911.17,0.00878,0.014267,11.54,41.18,6.1736,14224,173.21
20160307_145255_361_1,1,1,1,535,535,597.96,0.001672,0.001672,18.11,44.0,6.5725,15143,103.81
20160307_145255_361_1281,7,4,1,838,846,940.44,0.004253,0.007443,18.5,68.0,10.1402,23363,90.56
20160307_145255_361_1921,3,1,1,643,644,713.17,0.001402,0.004207,13.33,42.0,6.592,15188,86.75
20160307_145255_361_641,3,1,2,520,519,576.58,0.001734,0.005203,18.35,67.91,5.3047,12222,87.13
20160307_145255_721_1,1,0,1,334,333,366.14,0.0,0.002731,19.31,57.94,3.9132,9016,106.76
20160307_145255_721_641,1,1,2,391,391,427.87,0.002337,0.002337,17.33,56.0,3.5152,8099,93.21
20160307_145259_1281_361,3,1,1,648,648,721.32,0.001386,0.004159,17.0,54.73,8.6493,19928,5.69
20160307_145259_1921_361,1,2,2,662,662,726.2,0.002754,0.001377,19.05,65.18,6.1415,14150,0.72
20160307_145259_1921_721,1,2,2,510,512,560.46,0.003568,0.001784,10.45,36.0,2.7326,6296,1.18
20160307_145259_1_361,5,3,1,698,700,779.11,0.003851,0.006418,17.54,47.18,10.0564,23170,7.38
20160307_145259_641_361,3,2,2,435,434,481.22,0.004156,0.006234,17.04,52.33,4.5964,10590,3.04
20160307_145259_641_721,2,2,1,401,402,452.12,0.004424,0.004424,19.29,56.0,5.02,11566,0.68
20160308_072831_1281_361,8,6,1,757,762,855.61,0.007013,0.00935,18.72,59.12,9.888,22782,4.04
20160308_072831_1921_361,3,2,1,230,232,250.64,0.00798,0.011969,27.38,80.69,2.8333,6528,5.43
20160308_072831_1921_721,4,1,3,639,636,720.91,0.001387,0.005549,13.35,48.39,5.6432,13002,14.88
20160308_072831_641_1,5,4,1,705,710,819.77,0.004879,0.006099,24.04,84.3,10.5061,24206,46.81
20160308_072831_641_1081,6,4,1,491,496,570.14,0.007016,0.010524,19.09,58.0,6.263,14430,88.56
20160308_072831_641_361,4,4,1,866,873,978.62,0.004087,0.004087,18.22,58.79,10.1285,23336,39.57
20160308_072831_641_721,3,2,1,399,400,439.76,0.004548,0.006822,17.93,46.0,5.7292,13200,84.02
20160308_072844_1281_721,5,4,1,694,699,776.87,0.005149,0.006436,18.02,52.0,9.9431,22909,175.17
20160308_072844_1921_1,2,0,1,524,523,593.42,0.0,0.00337,19.51,58.33,7.487,17250,146.96
20160308_072844_1921_361,0,0,1,424,423,492.59,0.0,0.0,16.86,44.0,5.6988,13130,115.0
20160308_072844_1921_721,0,0,1,101,100,121.95,0.0,0.0,16.83,42.34,1.1866,2734,142.17
20160308_072844_1_721,4,2,1,676,676,745.17,0.002684,0.005368,23.29,69.51,12.6853,29227,179.08
20160308_072844_641_721,8,4,2,768,771,874.55,0.004574,0.009148,25.46,79.09,14.0343,32335,3.05
20160308_072935_1281_361,3,0,3,107,104,115.6,0.0,0.025952,7.52,19.6,0.4792,1104,167.77
20160308_072935_1281_721,5,4,1,712,716,816.24,0.004901,0.006126,15.36,47.99,8.125,18720,177.29
20160308_072935_1921_361,7,5,1,743,749,849.65,0.005885,0.008239,17.5,68.33,8.7062,20059,4.72
20160308_072935_1921_721,3,2,2,167,167,194.34,0.010291,0.015437,32.06,95.98,2.0933,4823,2.83
20160308_072935_1_361,10,9,1,791,800,914.32,0.009843,0.010937,19.18,55.53,11.3785,26216,3.91
20160308_072935_641_361,10,9,1,857,866,992.34,0.00907,0.010077,20.14,65.54,12.1345,27958,9.39
20160308_072935_641_721,1,1,2,200,199,226.75,0.00441,0.00441,18.59,46.0,1.8681,4304,16.38
20160308_073014_1281_361,2,0,1,97,96,105.94,0.0,0.018878,31.53,90.79,1.2804,2950,164.76
20160308_073014_1281_721,3,2,1,696,697,796.41,0.002511,0.003767,19.7,64.0,10.1662,23423,170.93
20160308_073014_1921_361,2,1,1,663,663,753.71,0.001327,0.002654,21.0,87.18,9.9787,22991,172.17
20160308_073014_1921_721,3,1,1,83,83,94.18,0.010618,0.031853,21.44,59.19,0.9314,2146,14.1
20160308_073014_1_361,1,0,1,284,283,329.39,0.0,0.003036,32.88,89.58,7.7057,17754,25.59
20160308_073014_1_721,0,0,1,513,512,580.35,0.0,0.0,27.79,66.38,11.3581,26169,16.2
20160308_073014_641_721,2,2,1,735,738,827.06,0.002418,0.002418,29.42,84.0,17.3533,39982,174.02
20160308_073213_1281_721,3,2,1,671,674,753.94,0.002653,0.003979,11.81,57.94,4.8828,11250,13.11
20160308_073213_1921_1081,4,1,2,645,645,739.03,0.001353,0.005413,15.38,62.0,6.7917,15648,18.77
20160308_073213_1_1,2,1,1,410,410,499.88,0.002,0.004001,24.57,83.91,6.8924,15880,45.42
20160308_073213_1_361,0,0,1,475,474,579.21,0.0,0.0,16.85,51.54,6.5738,15146,36.03
20160308_073213_641_361,0,0,1,107,106,130.02,0.0,0.0,8.34,21.19,0.6953,1602,38.5
20160308_073213_641_721,2,1,1,580,580,679.0,0.001473,0.002946,18.52,74.3,7.9184,18244,19.15
20160308_073356_1281_1081,1,0,1,335,334,388.26,0.0,0.002576,12.81,40.75,3.4019,7838,67.77
20160308_073356_1281_361,2,1,2,263,262,289.75,0.003451,0.006902,24.01,82.0,2.8581,6585,91.78
20160308_073356_1281_721,2,1,1,319,319,352.14,0.00284,0.00568,13.51,42.79,3.049,7025,90.76
20160308_073356_641_1,6,6,1,509,517,589.49,0.010178,0.010178,15.67,44.76,5.8971,13587,74.46
20160308_073356_641_1081,1,0,1,91,90,100.77,0.0,0.009924,13.82,32.0,0.8247,1900,72.95
20160308_073356_641_361,2,0,2,334,332,367.62,0.0,0.00544,13.52,40.79,2.4462,5636,84.52
20160308_073356_641_721,2,0,2,132,130,145.74,0.0,0.013723,15.33,43.15,1.082,2493,93.91
20160308_074702_1281_361,3,2,1,723,723,797.97,0.002506,0.00376,37.34,108.77,19.8129,45649,178.31
20160308_074702_1281_721,1,0,2,120,118,128.77,0.0,0.007766,12.56,38.76,0.5239,1207,179.8
20160308_074702_1921_361,3,1,1,678,677,741.62,0.001348,0.004045,29.33,85.12,16.5282,38081,177.75
20160308_074702_1_1081,1,0,1,215,214,246.72,0.0,0.004053,13.73,39.54,2.2244,5125,151.46
20160308_074702_1_361,4,2,1,709,711,812.07,0.002463,0.004926,20.8,80.79,11.7969,27180,179.2
20160308_074702_1_721,5,0,4,640,636,751.98,0.0,0.006649,11.98,72.8,5.3832,12403,170.36
20160308_074702_641_361,3,1,2,616,614,712.58,0.001403,0.00421,41.24,144.21,12.3008,28341,0.76
20160308_074702_641_721,4,1,2,425,424,463.35,0.002158,0.008633,32.8,109.59,6.9175,15938,178.91
20160308_155720_1281_1,13,9,2,868,877,991.74,0.009075,0.013108,12.37,43.15,7.5074,17297,172.58
20160308_155720_1281_1081,13,9,3,955,962,1138.04,0.007908,0.011423,16.37,74.35,6.1593,14191,154.37
20160308_155720_1281_361,10,3,4,725,727,817.3,0.003671,0.012235,9.21,28.78,4.6523,10719,2.73
20160308_155720_1281_721,13,14,2,1740,1754,1972.7,0.007097,0.00659,11.32,43.94,12.1528,28000,174.63
20160308_155720_1921_1,14,10,3,982,996,1124.41,0.008894,0.012451,11.48,37.58,7.4449,17153,177.14
20160308_155720_1921_361,3,2,1,174,173,210.69,0.009492,0.014239,7.43,20.38,0.9531,2196,140.46
20160308_155720_1921_721,9,2,4,654,653,725.07,0.002758,0.012413,8.63,29.18,3.6385,8383,172.82
20160308_155720_1_1,9,8,1,889,900,1047.87,0.007635,0.008589,12.23,34.39,7.862,18114,27.66
20160308_155720_1_1081,1,0,1,453,452,523.24,0.0,0.001911,3.55,9.99,1.072,2470,23.76
20160308_155720_1_361,1,0,1,126,125,140.74,0.0,0.007105,12.65,32.0,1.0269,2366,13.08
20160308_155720_641_1,5,4,1,552,556,616.89,0.006484,0.008105,11.95,34.36,4.4761,10313,167.87
20160308_155720_641_1081,9,7,4,983,990,1109.71,0.006308,0.00811,8.17,31.58,4.6267,10660,163.83
20160308_155720_641_361,7,7,2,604,612,686.14,0.010202,0.010202,14.5,43.54,5.8759,13538,79.36
20160308_155720_641_721,8,8,1,1114,1125,1298.97,0.006159,0.006159,9.79,36.39,6.5217,15026,31.15
20160308_155828_1281_721,7,3,4,627,628,688.48,0.004357,0.010167,9.01,40.76,3.8008,8757,174.91
20160308_155828_1921_361,3,0,3,306,303,323.71,0.0,0.009268,11.21,43.94,1.4141,3258,0.62
20160308_155828_1921_721,5,2,4,505,504,563.23,0.003551,0.008877,12.16,58.8,2.7418,6317,2.3
20160308_155828_1_361,1,0,1,488,487,569.01,0.0,0.001757,5.45,19.99,1.8754,4321,18.17
20160308_155828_1_721,0,0,1,210,209,237.99,0.0,0.0,4.28,15.59,0.4744,1093,16.4
20160308_155828_641_721,9,6,2,686,692,790.58,0.007589,0.011384,6.81,23.18,2.9957,6902,174.53
20160308_160053_1281_361,4,2,1,668,670,740.42,0.002701,0.005402,18.23,60.0,9.2843,21391,171.31
20160308_160053_1921_361,6,2,2,677,677,736.65,0.002715,0.008145,18.8,56.39,8.8898,20482,176.29
20160308_160053_1_361,2,0,2,272,270,288.64,0.0,0.006929,16.44,61.18,1.6402,3779,179.91
20160308_160053_1_721,2,0,1,624,623,660.28,0.0,0.003029,24.27,75.9,10.7261,24713,178.64
20160308_160053_641_361,2,0,1,636,635,694.65,0.0,0.002879,18.73,62.0,7.1289,16425,175.26
20160308_160053_641_721,0,0,2,175,173,180.87,0.0,0.0,11.96,32.0,0.592,1364,0.89
20160310_114446_641_1,4,4,1,591,594,681.81,0.005867,0.005867,29.85,82.3,12.5612,28941,93.98
20160310_114446_641_1081,3,1,1,387,388,436.46,0.002291,0.006873,25.68,69.91,8.0343,18511,98.27
20160310_114446_641_361,5,8,1,661,674,787.91,0.010153,0.006346,33.52,93.09,11.9957,27638,89.88
20160310_114446_641_721,6,7,2,807,824,964.42,0.007258,0.006221,27.67,103.47,9.9197,22855,71.78
20160316_141721_1281_721,2,1,1,818,818,933.57,0.001071,0.002142,7.99,22.39,5.1189,11794,3.41
20160316_141721_1921_361,2,0,2,380,378,404.1,0.0,0.004949,10.95,41.15,2.3299,5368,178.45
20160316_141721_1921_721,1,1,2,496,494,548.26,0.001824,0.001824,9.15,30.76,2.6523,6111,172.43
20160316_141721_1_721,6,4,1,664,667,746.94,0.005355,0.008033,9.49,34.0,4.822,11110,2.5
20160316_141721_641_721,7,5,2,660,662,752.71,0.006643,0.0093,8.93,27.97,4.605,10610,171.39
20160316_142009_1281_361,6,4,1,687,693,753.89,0.005306,0.007959,13.4,48.0,5.9926,13807,177.06
20160316_142009_1281_721,1,0,2,168,166,172.63,0.0,0.005793,10.3,26.0,0.5642,1300,179.43
20160316_142009_1921_1,2,0,1,55,54,61.04,0.0,0.032765,19.26,46.0,0.4657,1073,175.18
20160316_142009_1921_361,2,0,1,761,760,857.34,0.0,0.002333,24.6,117.15,11.4705,26428,147.78
20160316_142009_1921_721,0,0,2,208,206,211.8,0.0,0.0,10.57,31.58,0.5968,1375,178.15
20160316_142009_1_361,6,4,1,672,675,762.4,0.005247,0.00787,14.67,47.94,7.5747,17452,11.09
20160316_142009_641_361,9,4,3,663,665,770.21,0.005193,0.011685,12.93,60.0,5.9132,13624,4.11
20160316_142014_1281_361,25,9,9,627,628,722.44,0.012458,0.034605,6.57,25.58,2.6923,6203,174.39
20160316_142014_1921_361,13,11,3,966,983,1106.44,0.009942,0.011749,15.1,85.58,6.8147,15701,175.22
20160316_142014_1_1081,9,2,4,348,347,409.96,0.004879,0.021953,5.64,15.59,1.3125,3024,161.75
20160316_142014_641_1081,7,5,1,317,325,388.37,0.012874,0.018024,6.46,23.58,1.3546,3121,155.02
20160316_142014_641_361,11,4,5,374,374,428.26,0.00934,0.025685,4.15,12.79,1.0408,2398,141.14
20160316_142014_641_721,7,1,4,283,281,328.63,0.003043,0.0213,3.85,10.79,0.7196,1658,39.31
20160316_142223_361_1,4,2,1,668,669,765.1,0.002614,0.005228,8.28,34.0,4.2431,9776,84.15
20160316_142223_361_1281,14,5,6,747,747,856.35,0.005839,0.016348,4.18,12.79,2.0217,4658,82.78
20160316_142223_361_1921,10,2,4,690,689,795.04,0.002516,0.012578,5.7,19.6,2.6372,6076,95.03
20160316_142223_361_641,10,7,4,685,689,773.09,0.009055,0.012935,5.71,17.58,2.5829,5951,89.99
20160316_142223_721_641,4,1,2,168,167,187.3,0.005339,0.021357,5.13,18.39,0.5139,1184,91.97
20160316_142226_1281_361,3,4,3,447,448,491.08,0.008145,0.006109,21.51,86.0,4.1246,9503,178.66
20160316_142226_1281_721,2,1,4,546,542,594.19,0.001683,0.003366,11.07,49.94,2.9071,6698,177.29
20160316_142226_1921_721,10,7,3,929,945,1100.74,0.006359,0.009085,17.05,53.94,11.0786,25525,23.19
20160316_142226_1_361,16,16,4,946,980,1140.71,0.014026,0.014026,11.55,35.19,7.3129,16849,27.49
20160316_142226_641_361,7,7,1,496,501,574.73,0.01218,0.01218,9.15,31.58,3.0664,7065,10.2
20160316_142226_641_721,2,1,1,296,295,333.94,0.002995,0.005989,10.56,32.0,2.3945,5517,9.41
20160316_142449_1281_721,20,17,2,1107,1126,1271.8,0.013367,0.015726,17.1,54.36,11.6658,26878,2.23
20160316_142449_1921_361,2,4,1,264,268,316.88,0.012623,0.006312,16.46,46.0,3.1393,7233,155.15
20160316_142449_1921_721,5,5,1,617,622,716.44,0.006979,0.006979,15.83,45.94,7.332,16893,161.03
20160316_142449_1_361,11,10,3,899,911,1022.01,0.009785,0.010763,14.99,54.73,8.0516,18551,1.72
20160316_142449_641_361,5,6,1,442,452,510.82,0.011746,0.009788,12.62,42.0,4.0799,9400,0.97
20160316_142449_641_721,13,12,1,572,588,685.34,0.01751,0.018969,12.54,47.54,4.0334,9293,21.29
20160316_143433_1281_1,9,3,3,331,333,390.16,0.007689,0.023067,3.84,12.0,0.7817,1801,148.6
20160316_143433_1281_721,11,4,4,813,813,928.98,0.004306,0.011841,5.63,18.78,3.3411,7698,173.53
20160316_143433_1921_1,7,3,2,340,343,379.87,0.007898,0.018428,6.39,18.79,1.411,3251,93.15
20160316_143433_1921_1081,16,9,6,647,653,737.5,0.012203,0.021695,5.82,20.79,2.372,5465,169.46
20160316_143433_1921_721,14,5,6,694,696,804.94,0.006212,0.017393,6.35,21.58,2.9575,6814,27.74
20160316_143433_1_361,20,19,3,969,996,1140.56,0.016658,0.017535,6.39,24.0,4.0916,9427,173.21
20160316_143433_641_1,16,8,5,361,370,424.68,0.018838,0.037676,5.11,15.59,1.2595,2902,141.26
20160316_143433_641_361,21,14,5,860,871,1018.46,0.013746,0.020619,7.18,30.36,3.8889,8960,40.59
20160316_143433_641_721,7,9,1,434,453,540.4,0.016654,0.012953,6.2,20.38,1.8568,4278,27.55
20160316_143603_1281_1,16,10,7,788,797,937.42,0.010668,0.017068,5.18,17.58,2.6081,6009,127.97
20160316_143603_1281_361,23,21,5,1338,1361,1582.6,0.013269,0.014533,7.22,25.2,6.6155,15242,6.11
20160316_143603_1281_721,17,15,4,1099,1126,1290.44,0.011624,0.013174,9.9,36.0,6.9896,16104,12.01
20160316_143603_1921_1,5,3,1,302,302,366.62,0.008183,0.013638,9.08,28.0,1.9266,4439,139.2
20160316_143603_1921_1081,14,6,4,627,631,737.45,0.008136,0.018984,8.84,34.76,3.8646,8904,73.54
20160316_143603_1921_361,16,7,9,1178,1177,1337.3,0.005234,0.011964,8.02,31.96,5.9991,13822,172.21
20160316_143603_1921_721,21,8,11,887,887,999.67,0.008003,0.021007,6.61,29.16,3.2209,7421,154.01
20160316_143603_1_1,12,11,5,767,783,891.11,0.012344,0.013466,10.01,39.54,5.0881,11723,98.32
20160316_143603_1_1081,7,10,1,509,528,609.6,0.016404,0.011483,11.61,39.59,3.7934,8740,68.61
20160316_143603_1_361,17,14,3,1212,1227,1410.5,0.009926,0.012052,16.51,60.0,12.3845,28534,34.06
20160316_143603_1_721,5,6,1,438,447,505.4,0.011872,0.009893,12.22,36.36,3.8364,8839,74.07
20160316_143603_641_1,2,10,1,254,273,305.31,0.032754,0.006551,8.6,33.58,1.0395,2395,87.05
20160316_143603_641_1081,14,10,5,707,722,855.79,0.011685,0.016359,11.45,36.0,5.625,12960,146.56
20160316_143603_641_361,4,3,2,345,345,387.66,0.007739,0.010318,12.62,34.39,2.8581,6585,2.75
20160316_143603_641_721,9,11,1,993,1017,1143.34,0.009621,0.007872,11.14,39.2,6.9227,15950,154.05
20160316_143624_1081_1281,6,5,2,448,455,515.06,0.009708,0.011649,14.53,51.54,4.3967,10130,177.01
20160316_143624_1081_641,3,1,2,104,103,120.4,0.008306,0.024918,16.21,52.34,0.8941,2060,1.02
20160316_143624_1_641,8,5,3,538,545,646.07,0.007739,0.012383,12.89,34.76,5.3915,12422,37.14
20160316_143624_361_1281,6,5,1,635,640,707.52,0.007067,0.00848,13.12,38.36,6.066,13976,98.75
20160316_143624_361_1921,7,5,1,687,693,759.69,0.006582,0.009214,13.25,34.39,7.2873,16790,95.71
20160316_143624_361_641,5,4,1,537,546,646.65,0.006186,0.007732,13.17,46.0,5.1085,11770,23.41
20160316_143624_721_1281,6,5,3,599,604,671.1,0.00745,0.008941,14.74,52.0,4.9965,11512,166.67
20160316_143624_721_641,5,5,4,539,540,610.0,0.008197,0.008197,14.19,42.79,4.0265,9277,14.19
20160316_143629_1281_361,14,15,1,1020,1040,1193.67,0.012566,0.011729,18.05,63.15,10.1306,23341,23.02
20160316_143629_1281_721,4,1,3,231,230,259.82,0.003849,0.015395,15.19,58.8,1.2201,2811,76.15
20160316_143629_1921_361,11,9,2,741,751,853.31,0.010547,0.012891,16.39,50.0,8.1662,18815,164.24
20160316_143629_1921_721,0,3,1,355,360,423.37,0.007086,0.0,21.31,60.0,3.8624,8899,143.67
20160316_143629_1_721,12,10,1,889,901,1024.44,0.009761,0.011714,15.01,53.2,8.3364,19207,172.94
20160316_143629_641_361,9,13,1,877,890,1026.69,0.012662,0.008766,21.04,77.19,10.0386,23129,160.08
20160316_143629_641_721,1,0,2,206,204,218.5,0.0,0.004577,12.42,35.97,0.9293,2141,176.78
20160316_144105_1281_1,4,3,2,403,405,460.09,0.00652,0.008694,11.31,36.4,3.6732,8463,78.08
20160316_144105_1281_1081,8,9,2,609,628,711.26,0.012654,0.011248,18.94,59.97,6.5412,15071,91.45
20160316_144105_1281_361,29,34,4,1766,1812,2052.66,0.016564,0.014128,14.33,53.59,13.8012,31798,9.39
20160316_144105_1281_721,10,10,2,1212,1230,1431.72,0.006985,0.006985,13.4,41.57,11.1749,25747,150.81
20160316_144105_1921_1,5,6,1,535,543,646.14,0.009286,0.007738,14.81,47.6,4.9345,11369,133.19
20160316_144105_1921_361,7,6,1,592,595,705.6,0.008503,0.009921,15.0,48.0,6.1372,14140,151.66
20160316_144105_1_1,16,22,3,1142,1187,1398.25,0.015734,0.011443,12.1,41.54,8.7539,20169,27.2
20160316_144105_1_361,7,6,4,546,552,629.46,0.009532,0.011121,7.79,27.58,2.7678,6377,165.61
20160316_144105_1_721,8,4,2,503,507,574.93,0.006957,0.013915,9.3,39.16,2.9401,6774,18.86
20160316_144105_641_361,20,18,1,1068,1092,1262.24,0.01426,0.015845,14.77,60.39,9.3728,21595,20.29
20160316_144105_641_721,13,9,4,820,831,967.69,0.0093,0.013434,7.38,25.18,4.3789,10089,22.46
20160316_144203_1281_721,10,13,3,1285,1308,1501.02,0.008661,0.006662,24.56,81.5,19.0321,43850,11.92
20160316_144203_1921_721,4,11,1,1170,1184,1373.3,0.00801,0.002913,19.44,73.1,15.6372,36028,169.19
20160316_144203_1_361,4,6,2,789,794,909.57,0.006597,0.004398,19.1,54.73,11.4405,26359,169.24
20160316_144203_641_361,10,8,1,907,920,1051.72,0.007607,0.009508,18.93,57.55,11.7487,27069,4.46
20160316_144203_641_721,4,3,2,516,517,577.89,0.005191,0.006922,19.62,48.36,8.3446,19226,16.87
20160316_144212_1281_361,3,1,1,237,239,270.07,0.003703,0.011108,19.38,57.12,2.3802,5484,165.49
20160316_144212_1281_721,9,5,3,945,944,1063.71,0.004701,0.008461,19.29,80.76,11.8598,27325,167.78
20160316_144212_1921_361,7,5,1,753,759,856.75,0.005836,0.00817,17.93,57.12,9.8911,22789,166.12
20160316_144212_1921_721,3,1,1,111,111,122.18,0.008184,0.024553,16.95,45.96,1.4575,3358,103.09
20160316_144212_1_361,3,3,1,177,190,228.11,0.013152,0.013152,13.32,35.15,1.6198,3732,32.94
20160316_144212_1_721,7,5,2,682,689,760.66,0.006573,0.009203,15.66,45.94,8.6293,19882,175.48
20160316_144212_641_361,1,1,3,315,312,338.1,0.002958,0.002958,14.82,41.18,1.7847,4112,2.69
20160316_144212_641_721,11,12,3,990,1003,1137.62,0.010548,0.009669,14.25,50.0,8.5647,19733,8.73
20160316_183217_1281_1,1,1,1,419,419,502.67,0.001989,0.001989,21.33,66.39,6.8303,15737,59.81
20160316_183217_1281_1081,1,2,1,734,736,818.84,0.002442,0.001221,12.28,50.0,5.776,13308,60.66
20160316_183217_1281_361,2,0,1,326,325,370.98,0.0,0.005391,28.8,90.38,8.6576,19947,98.63
20160316_183217_1281_721,3,3,1,537,540,637.34,0.004707,0.004707,10.93,30.79,4.0464,9323,68.18
20160318_181602_1281_361,16,10,3,975,984,1145.54,0.008729,0.013967,14.96,48.0,11.0135,25375,174.72
20160318_181602_1921_361,12,10,5,829,834,953.29,0.01049,0.012588,13.64,43.18,7.9865,18401,6.98
20160318_181602_1_1081,2,0,1,66,65,79.91,0.0,0.025028,19.25,48.0,1.3819,3184,179.94
20160318_181602_1_721,5,6,2,883,902,1051.95,0.005704,0.004753,13.78,45.15,9.1567,21097,151.78
20160318_181602_641_361,15,12,3,926,938,1078.83,0.011123,0.013904,16.51,47.94,10.4852,24158,158.25
20160318_181602_641_721,2,1,1,51,52,61.53,0.016253,0.032506,13.79,30.76,0.5252,1210,153.52
20160318_181627_1281_361,6,4,2,797,799,895.93,0.004465,0.006697,14.67,50.0,8.6845,20009,7.74
20160318_181627_1281_721,6,7,1,863,873,1013.42,0.006907,0.005921,18.47,55.53,12.0512,27766,153.64
20160318_181627_1921_361,12,12,1,896,912,1031.29,0.011636,0.011636,20.3,53.59,12.7756,29435,164.23
20160318_181627_1921_721,1,0,1,63,62,71.94,0.0,0.0139,25.38,68.71,0.612,1410,107.91
20160318_181627_1_1,1,0,1,164,163,180.81,0.0,0.005531,15.24,52.0,1.7292,3984,2.53
20160318_181627_1_361,5,3,2,708,712,832.12,0.003605,0.006009,14.12,47.56,7.829,18038,26.38
20160318_181627_1_721,8,6,1,804,808,897.06,0.006689,0.008918,12.79,37.95,7.4414,17145,2.42
20160318_181627_641_361,9,9,2,1067,1075,1244.41,0.007232,0.007232,14.63,52.33,10.7656,24804,160.17
20160318_181627_641_721,8,6,2,818,824,935.42,0.006414,0.008552,18.34,55.53,10.9996,25343,14.93
20160321_183951_1281_1,5,3,1,390,394,445.36,0.006736,0.011227,14.11,42.0,4.4232,10191,92.18
20160321_183951_1281_1081,2,1,1,423,422,471.71,0.00212,0.00424,23.07,58.33,7.5838,17473,88.56
20160321_183951_1281_361,6,3,3,560,560,634.97,0.004725,0.009449,24.96,90.0,6.1029,14061,27.51
20160321_183951_1281_721,9,7,1,1078,1087,1218.31,0.005746,0.007387,37.26,120.63,25.7131,59243,165.37
20160321_183951_1921_361,6,5,1,762,764,836.9,0.005974,0.007169,47.55,151.39,13.355,30770,178.02
20160321_183951_1921_721,6,5,1,763,766,848.84,0.00589,0.007068,57.19,179.18,15.4614,35623,178.39
20160321_183951_1_361,2,0,1,644,643,698.5,0.0,0.002863,38.44,92.27,22.1372,51004,179.35
20160321_183951_641_361,7,3,2,742,745,834.88,0.003593,0.008384,40.32,106.0,22.9119,52789,175.67
20160321_185457_1281_1,2,1,1,374,374,443.17,0.002256,0.004513,23.03,80.0,6.4592,14882,145.62
20160321_185457_1281_1081,2,1,1,63,64,72.7,0.013755,0.027511,14.58,38.0,0.5056,1165,113.55
20160321_185457_1281_361,10,9,1,1003,1028,1217.71,0.007391,0.008212,33.4,103.48,20.4405,47095,168.17
20160321_185457_1281_721,6,9,2,1093,1100,1297.99,0.006934,0.004623,21.96,69.91,16.4592,37922,7.12
20160321_185457_1921_1,7,4,3,559,562,658.1,0.006078,0.010637,20.96,63.18,9.9701,22971,177.28
20160321_185457_1921_1081,7,7,1,623,636,755.29,0.009268,0.009268,34.04,81.2,14.1037,32495,77.33
20160321_185457_1921_721,0,0,1,184,183,219.87,0.0,0.0,34.43,90.29,4.128,9511,60.12
20160321_185457_1_361,10,8,4,610,622,699.87,0.011431,0.014288,12.2,42.0,4.5286,10434,0.55
20160321_185457_1_721,5,5,1,527,529,591.55,0.008452,0.008452,14.83,45.97,4.0482,9327,179.96
20160321_185457_641_361,4,3,1,742,746,871.09,0.003444,0.004592,16.43,61.51,7.3008,16821,173.54
20160321_185457_641_721,7,7,2,448,453,516.37,0.013556,0.013556,18.46,52.0,4.5408,10462,17.78
20160321_185518_1281_1,8,5,2,392,405,472.93,0.010572,0.016916,13.16,40.75,3.8438,8856,59.49
20160321_185518_1281_361,9,11,2,956,971,1140.0,0.009649,0.007895,16.24,47.97,11.1385,25663,10.53
20160321_185518_1281_721,2,0,1,100,99,106.46,0.0,0.018787,12.32,28.0,0.9566,2204,81.76
20160321_185518_1921_1,3,5,1,421,429,498.59,0.010028,0.006017,18.44,52.0,6.0825,14014,109.51
20160321_185518_1921_1081,4,2,1,394,395,455.89,0.004387,0.008774,31.43,79.99,11.0959,25565,103.39
20160321_185518_1921_361,4,0,2,403,401,475.97,0.0,0.008404,17.96,44.0,6.6345,15286,111.24
20160321_185518_1921_721,3,2,2,486,487,574.4,0.003482,0.005223,26.68,76.0,9.4054,21670,63.82
20160321_185518_1_1081,9,3,7,437,433,495.13,0.006059,0.018177,7.14,29.98,1.7895,4123,84.17
20160321_185518_1_361,9,8,1,821,830,942.25,0.00849,0.009552,16.17,61.17,9.6957,22339,7.93
20160321_185518_1_721,5,4,1,410,417,473.75,0.008443,0.010554,7.44,23.97,1.8229,4200,105.83
20160321_185518_641_1,6,4,2,417,421,454.14,0.008808,0.013212,17.25,46.0,5.5729,12840,93.37
20160321_185518_641_361,10,7,3,1062,1069,1242.97,0.005632,0.008045,18.47,58.73,13.4049,30885,161.5
20160321_185534_1281_1081,2,1,3,355,353,399.39,0.002504,0.005008,11.63,43.15,2.3646,5448,72.17
20160321_185534_1281_361,11,12,3,844,867,986.29,0.012167,0.011153,11.63,39.54,5.5165,12710,21.21
20160321_185534_1281_721,4,2,2,716,715,806.54,0.00248,0.004959,15.83,64.0,6.9536,16021,165.69
20160321_185534_1921_361,0,0,1,279,278,300.37,0.0,0.0,11.58,30.0,1.5091,3477,2.62
20160321_185534_1921_721,5,3,4,640,641,722.19,0.004154,0.006923,13.12,51.18,5.2361,12064,3.33
20160321_185534_641_1,5,5,1,529,540,610.83,0.008186,0.008186,16.69,53.93,5.6628,13047,80.17
20160321_185534_641_1081,2,1,2,208,208,230.37,0.004341,0.008682,15.08,47.58,1.4796,3409,82.6
20160321_185534_641_361,10,8,1,843,849,975.34,0.008202,0.010253,14.89,57.12,9.2418,21293,156.76
20160321_185534_641_721,4,3,1,527,529,627.17,0.004783,0.006378,14.32,40.75,6.105,14066,53.08
20160321_185637_1281_1,1,0,1,163,162,195.14,0.0,0.005125,31.58,76.0,3.2283,7438,145.17
20160321_185637_1281_1081,3,2,1,500,501,607.87,0.00329,0.004935,18.57,55.54,8.0933,18647,46.79
20160321_185637_1281_361,1,3,1,630,632,750.88,0.003995,0.001332,20.9,63.93,9.8442,22681,136.26
20160321_185637_1281_721,3,1,2,295,295,350.09,0.002856,0.008569,23.12,62.0,5.0326,11595,110.32
20160321_185637_1921_1,7,8,1,675,691,820.65,0.009748,0.00853,22.72,72.0,9.9905,23018,145.39
20160321_185637_1_1,9,8,1,572,587,657.83,0.012161,0.013681,14.55,48.0,5.4505,12558,72.23
20160321_185637_1_1081,8,8,2,787,798,905.7,0.008833,0.008833,25.97,70.0,14.4423,33275,172.82
20160321_185637_1_721,4,4,1,202,207,245.94,0.016264,0.016264,21.85,53.54,2.5673,5915,168.83
20160321_185637_641_721,5,5,1,870,873,1037.03,0.004821,0.004821,21.73,65.18,15.4214,35531,167.03
20160324_165857_1281_361,3,2,2,683,683,771.23,0.002593,0.00389,13.0,39.58,6.6133,15237,16.13
20160324_165857_1281_721,1,0,1,119,118,126.28,0.0,0.007919,18.56,47.94,0.8468,1951,3.82
20160324_165857_1921_721,10,8,1,796,806,900.03,0.008889,0.011111,17.73,53.59,9.987,23010,5.23
20160324_165857_1_361,5,3,2,213,215,252.28,0.011892,0.019819,14.09,38.0,1.658,3820,160.23
20160324_165857_1_721,8,4,3,654,655,749.85,0.005334,0.010669,14.01,50.74,6.7387,15526,158.66
20160324_165857_641_361,7,5,2,720,720,810.3,0.006171,0.008639,15.19,46.0,8.3615,19265,173.33
20160324_170309_1281_1,3,1,1,388,388,437.29,0.002287,0.00686,15.92,45.14,5.1115,11777,69.37
20160324_170309_1281_1081,2,3,1,405,408,478.42,0.006271,0.00418,17.04,50.4,5.4444,12544,96.51
20160324_170309_1281_361,5,4,1,462,468,534.69,0.007481,0.009351,17.34,74.31,5.1714,11915,66.18
20160324_170309_1281_721,4,5,1,490,496,567.66,0.008808,0.007046,19.28,63.51,6.1823,14244,92.04
20160324_170309_641_1,4,2,1,414,419,493.56,0.004052,0.008104,9.25,25.97,3.2144,7406,58.87
20160324_170309_641_1081,6,4,1,411,416,476.06,0.008402,0.012603,17.9,62.38,4.9583,11424,90.21
20160324_170309_641_361,8,6,1,427,434,490.33,0.012237,0.016315,10.09,29.16,3.2109,7398,99.1
20160324_170309_641_721,4,4,1,422,424,472.88,0.008459,0.008459,13.78,39.54,4.2444,9779,85.16
20160324_170323_1281_721,3,2,1,670,671,779.52,0.002566,0.003849,26.62,84.79,15.2014,35024,2.9
20160324_170323_1921_361,4,3,2,414,415,478.79,0.006266,0.008354,13.47,39.98,3.8142,8788,133.13
20160324_170323_1921_721,5,4,2,562,564,629.86,0.006351,0.007938,27.31,71.51,11.3585,26170,172.89
20160324_170323_1_721,10,8,1,722,733,811.29,0.009861,0.012326,14.8,59.12,7.4952,17269,173.42
20160324_170323_641_361,3,2,4,565,564,607.91,0.00329,0.004935,14.19,50.33,3.2174,7413,179.71
20160324_170323_641_721,6,3,3,613,617,665.05,0.004511,0.009022,32.0,96.0,9.0799,20920,0.43
20160324_170408_1281_361,3,2,1,365,367,417.95,0.004785,0.007178,14.33,49.54,2.8559,6580,4.22
20160324_170408_1281_721,5,6,3,568,573,644.24,0.009313,0.007761,8.3,30.0,2.7726,6388,1.51
20160324_170408_1921_721,20,21,1,875,902,1023.36,0.020521,0.019543,10.92,32.39,6.102,14059,7.07
20160324_170408_1_361,5,3,2,622,623,702.53,0.00427,0.007117,12.09,42.79,5.1029,11757,175.65
20160324_170408_1_721,3,2,1,218,219,244.27,0.008188,0.012282,16.54,52.36,1.5464,3563,2.58
20160324_170408_641_361,11,9,1,766,777,869.78,0.010347,0.012647,14.91,49.18,8.0664,18585,177.44
20160324_170542_1281_361,27,21,3,954,974,1124.36,0.018677,0.024014,11.05,32.0,6.8438,15768,167.21
20160324_170542_1921_361,9,5,3,343,347,407.06,0.012283,0.02211,12.47,39.54,2.5082,5779,22.46
20160324_170542_1921_721,15,12,2,672,683,797.32,0.01505,0.018813,11.66,32.76,4.9753,11463,40.46
20160324_170542_1_361,13,10,3,586,598,675.46,0.014805,0.019246,10.64,33.56,4.2513,9795,170.29
20160324_170542_1_721,4,2,1,252,255,295.18,0.006776,0.013551,9.03,28.0,1.6076,3704,151.99
20160324_170542_641_361,12,11,1,809,818,933.15,0.011788,0.01286,12.45,34.0,7.1567,16489,5.02
20160324_170655_1281_361,4,2,1,677,678,750.49,0.002665,0.00533,23.01,65.91,12.7799,29445,169.08
20160324_170655_1921_361,15,14,1,1194,1208,1396.88,0.010022,0.010738,22.01,76.69,16.3429,37654,10.6
20160324_170655_1_361,1,0,1,267,266,281.74,0.0,0.003549,22.63,84.0,2.1645,4987,176.6
20160324_170655_1_721,4,2,2,747,748,842.44,0.002374,0.004748,40.6,148.0,18.7925,43298,159.18
20160324_170655_641_361,6,5,1,732,735,832.34,0.006007,0.007209,23.13,86.0,13.0473,30061,171.4
20160324_173501_1281_721,6,4,2,778,779,863.5,0.004632,0.006948,12.85,36.79,7.7361,17824,1.81
20160324_173501_1921_361,2,1,1,121,122,131.11,0.007627,0.015254,16.65,45.94,0.7643,1761,3.65
20160324_173501_1921_721,9,4,3,917,917,1049.13,0.003813,0.008579,13.42,52.0,8.7027,20051,168.03
20160324_173501_1_721,3,2,1,668,670,757.81,0.002639,0.003959,13.93,36.76,7.4583,17184,12.17
20160324_173501_641_721,10,12,1,863,875,998.44,0.012019,0.010016,14.77,49.97,8.6155,19850,170.61
20160324_173527_1281_721,9,8,2,862,867,973.87,0.008215,0.009242,22.09,59.19,13.6584,31469,178.65
20160324_173527_1921_361,3,2,1,478,480,563.26,0.003551,0.005326,20.06,58.37,7.9384,18290,150.21
20160324_173527_1921_721,5,5,1,385,390,455.03,0.010988,0.010988,24.11,68.0,5.2687,12139,170.04
20160324_173527_1_361,11,10,1,866,875,989.32,0.010108,0.011119,19.2,56.73,11.6884,26930,174.29
20160324_173527_641_361,4,4,1,538,543,602.65,0.006637,0.006637,19.25,54.0,5.9271,13656,15.89
20160324_173527_641_721,6,5,1,511,517,588.66,0.008494,0.010193,28.03,76.76,8.3234,19177,19.52
20160325_185829_1281_1,1,0,1,146,145,175.65,0.0,0.005693,5.52,15.98,0.6584,1517,27.13
20160325_185829_1281_1081,1,1,1,373,373,433.89,0.002305,0.002305,5.39,15.98,1.4149,3260,153.72
20160325_185829_1281_361,3,2,1,690,690,775.74,0.002578,0.003867,9.91,38.0,4.6528,10720,5.29
20160325_185829_1281_721,5,2,2,398,399,457.4,0.004373,0.010931,7.54,22.79,2.1068,4854,155.32
20160325_185829_1921_721,10,0,9,482,473,551.29,0.0,0.018139,12.96,40.76,3.6536,8418,27.83
20160325_185829_1_1,2,0,1,153,152,166.5,0.0,0.012012,4.54,9.99,0.5017,1156,5.54
20160325_185829_1_1081,5,3,1,662,669,762.61,0.003934,0.006556,5.44,17.58,2.5109,5785,19.99
20160325_185829_1_361,4,2,1,665,666,749.67,0.002668,0.005336,10.28,41.15,4.8928,11273,9.29
20160325_185829_641_1,7,1,4,347,345,390.56,0.00256,0.017923,4.78,13.18,1.1732,2703,8.65
20160325_185829_641_1081,6,2,2,622,622,707.74,0.002826,0.008478,7.69,26.0,3.6098,8317,169.7
20160325_185829_641_361,3,0,2,730,728,808.77,0.0,0.003709,6.69,22.4,3.2122,7401,170.42
20160326_141812_1281_721,4,0,2,281,279,323.32,0.0,0.012372,13.47,40.75,2.4744,5701,3.15
20160326_141812_1921_721,2,1,1,453,454,524.0,0.001908,0.003817,14.54,40.39,4.9735,11459,152.73
20160326_141812_1_1,5,3,1,713,717,792.8,0.003784,0.006307,19.72,67.59,10.329,23798,9.23
20160326_141812_641_1,2,0,1,239,238,267.41,0.0,0.007479,9.48,23.18,1.8694,4307,10.36
20160326_141812_641_361,1,0,1,100,99,121.37,0.0,0.008239,11.85,34.0,0.773,1781,39.52
20160326_141812_641_721,3,0,2,161,159,172.25,0.0,0.017416,7.38,19.58,0.7561,1742,9.6
20160326_142309_1281_361,4,3,2,484,485,552.93,0.005426,0.007234,12.51,39.58,4.0469,9324,165.13
20160326_142309_1281_721,4,3,1,412,415,469.26,0.006393,0.008524,16.31,56.33,3.9123,9014,1.11
20160326_142309_1921_361,9,8,1,748,756,855.0,0.009357,0.010526,12.67,52.73,5.4549,12568,9.03
20160326_142309_1921_721,2,1,1,143,144,162.23,0.006164,0.012329,14.16,37.56,1.3902,3203,18.48
20160326_142309_1_361,5,4,1,677,683,772.47,0.005178,0.006473,9.21,28.0,4.5156,10404,6.18
20160326_142309_641_361,3,0,2,125,123,130.46,0.0,0.022996,11.68,30.0,0.842,1940,0.85
20160326_142309_641_721,3,2,1,570,572,654.84,0.003054,0.004581,11.31,39.54,3.9414,9081,166.03
20160326_142327_1281_1,3,1,1,478,479,553.14,0.001808,0.005424,13.42,34.0,5.0608,11660,82.8
20160326_142327_1281_1081,7,2,4,487,493,562.59,0.003555,0.012443,6.65,20.0,2.2773,5247,146.45
20160326_142327_1281_361,8,5,2,642,647,721.56,0.006929,0.011087,7.97,28.0,3.4427,7932,104.48
20160326_142327_1281_721,2,2,1,493,495,555.89,0.003598,0.003598,8.98,37.56,2.819,6495,102.02
20160326_142327_1_1,2,0,1,364,363,413.95,0.0,0.004832,18.88,52.0,5.8607,13503,75.56
20160326_142327_1_1081,4,2,1,397,398,443.15,0.004513,0.009026,23.14,60.78,7.2687,16747,101.02
20160326_142327_1_361,4,4,1,405,412,457.98,0.008734,0.008734,18.9,54.36,5.5334,12749,98.19
20160326_142327_1_721,2,3,1,527,532,602.0,0.004983,0.003322,18.71,63.51,6.7769,15614,99.64
20160326_142327_641_721,3,1,1,49,48,55.46,0.018032,0.054097,16.07,38.0,0.7604,1752,178.78
20160326_142349_1281_1,1,0,1,155,154,167.25,0.0,0.005979,28.4,87.88,1.4401,3318,80.11
20160326_142349_1281_1081,3,1,1,392,391,448.58,0.002229,0.006688,22.45,71.12,7.5951,17499,91.91
20160326_142349_1281_361,2,1,1,363,363,403.59,0.002478,0.004955,28.16,99.94,5.8785,13544,90.85
20160326_142349_1281_721,1,0,1,122,121,134.67,0.0,0.007426,28.55,79.51,1.2053,2777,79.68
20160326_142349_641_1,3,1,1,361,361,404.91,0.00247,0.007409,32.19,114.8,7.862,18114,75.5
20160326_142349_641_361,3,2,2,274,275,301.1,0.006642,0.009964,16.86,45.54,1.6944,3904,95.86
20160326_142349_641_721,3,2,1,410,412,454.66,0.004399,0.006598,34.92,102.0,9.388,21630,82.63
20160326_142354_1281_1,6,3,2,430,432,486.26,0.00617,0.012339,19.17,49.15,6.3828,14706,102.5
20160326_142354_1281_1081,7,4,3,656,658,753.68,0.005307,0.009288,15.04,62.0,6.8056,15680,134.2
20160326_142354_1281_361,6,1,3,592,590,652.55,0.001532,0.009195,14.13,42.0,6.1766,14231,27.07
20160326_142354_1281_721,6,4,2,551,552,647.27,0.00618,0.00927,11.43,48.0,4.1884,9650,146.32
20160326_142354_641_1081,1,0,1,64,63,71.28,0.0,0.014028,29.99,75.54,1.0412,2399,84.95
20160326_142354_641_361,1,0,1,254,253,301.05,0.0,0.003322,8.82,24.38,1.6059,3700,117.31
20160326_142354_641_721,3,4,1,451,455,524.17,0.007631,0.005723,21.01,65.58,6.6706,15369,65.65
20160326_142403_1281_361,7,4,3,801,801,931.06,0.004296,0.007518,8.77,26.79,5.441,12536,23.8
20160326_142403_1281_721,4,5,4,734,736,859.85,0.005815,0.004652,14.76,43.54,8.5252,19642,159.75
20160326_142403_1921_361,5,2,2,232,233,277.32,0.007212,0.01803,7.76,20.39,1.4084,3245,0.24
20160326_142403_1921_721,4,1,2,675,674,725.78,0.001378,0.005511,13.27,38.0,7.1814,16546,173.97
20160326_142403_1_361,3,2,2,712,712,787.8,0.002539,0.003808,19.14,52.33,10.8472,24992,178.44
20160326_142403_641_361,7,3,4,704,706,814.11,0.003685,0.008598,15.37,47.54,8.898,20501,175.77
20160326_142403_641_721,6,6,2,372,386,455.17,0.013182,0.013182,9.1,25.98,2.526,5820,29.93
20160326_144512_1081_641,3,2,1,378,379,431.61,0.004634,0.006951,14.34,46.0,3.9032,8993,3.28
20160326_144512_1_1,4,3,1,435,438,496.82,0.006038,0.008051,11.67,33.56,3.8767,8932,176.3
20160326_144512_361_1,5,1,3,496,499,561.13,0.001782,0.008911,12.05,56.0,3.674,8465,5.68
20160326_144512_721_1,4,2,1,369,368,405.28,0.004935,0.00987,9.92,25.98,2.8811,6638,5.23
20160326_150104_1281_361,7,1,4,277,273,306.97,0.003258,0.022804,8.63,24.0,1.6771,3864,153.19
20160326_150104_1281_721,11,6,5,1310,1311,1462.6,0.004102,0.007521,15.8,52.73,13.6801,31519,5.02
20160326_150104_1921_361,2,0,1,99,98,108.36,0.0,0.018458,14.18,34.0,1.4097,3248,166.94
20160326_150104_1921_721,1,0,1,613,612,675.79,0.0,0.00148,21.03,60.76,11.3911,26245,173.27
20160326_150104_1_361,19,6,8,1371,1373,1479.04,0.004057,0.012846,12.22,48.0,9.6723,22285,16.11
20160326_150104_1_721,4,2,1,689,691,750.65,0.002664,0.005329,28.66,96.0,11.5022,26501,172.8
20160326_150104_641_361,10,2,5,853,848,907.65,0.002204,0.011018,18.67,68.0,8.0378,18519,3.11
20160326_150104_641_721,4,2,2,676,676,751.8,0.00266,0.005321,24.47,95.07,8.9874,20707,10.3
20160326_150319_1081_641,6,4,1,477,481,543.96,0.007353,0.01103,11.88,42.39,3.9987,9213,173.84
20160326_150319_1_641,3,4,3,443,450,508.82,0.007861,0.005896,15.94,47.94,4.9562,11419,174.17
20160326_150319_361_641,4,3,1,559,566,667.9,0.004492,0.005989,13.43,45.94,5.4297,12510,156.65
20160326_150319_721_641,4,3,1,392,394,434.18,0.00691,0.009213,15.42,42.0,4.638,10686,1.52
20160326_150337_1281_1,1,0,1,54,53,61.28,0.0,0.016317,10.56,24.0,0.4688,1080,0.51
20160326_150337_1281_361,8,6,1,781,789,908.71,0.006603,0.008804,17.33,51.95,10.3585,23866,175.99
20160326_150337_1921_1,8,7,3,893,909,1029.54,0.006799,0.00777,11.78,35.97,7.3173,16859,3.61
20160326_150337_1921_361,6,4,2,340,344,398.68,0.010033,0.01505,10.53,38.39,2.6354,6072,161.71
20160326_150337_1_361,2,2,1,655,656,722.69,0.002767,0.002767,11.33,34.39,5.5508,12789,173.71
20160326_150337_641_361,6,9,3,745,751,862.01,0.010441,0.00696,17.03,61.58,8.5616,19726,174.84
20160326_162529_1281_1081,3,1,2,115,113,120.04,0.00833,0.024991,12.38,30.0,0.5195,1197,179.9
20160326_162529_1281_721,8,11,2,1207,1221,1421.07,0.007741,0.00563,20.63,73.58,15.5616,35854,159.72
20160326_162529_1921_361,1,1,1,161,162,176.5,0.005666,0.005666,22.58,65.13,1.3737,3165,175.85
20160326_162529_1921_721,8,12,3,893,911,1045.21,0.011481,0.007654,20.99,60.73,11.0365,25428,0.36
20160326_162529_1_361,5,5,2,684,692,791.41,0.006318,0.006318,24.88,68.71,13.8038,31804,166.47
20160326_162529_641_1081,2,0,1,209,208,231.61,0.0,0.008635,10.35,31.58,1.1654,2685,163.18
20160326_162529_641_361,2,1,1,396,396,475.11,0.002105,0.00421,22.83,66.38,7.6076,17528,36.57
20160326_162529_641_721,7,12,3,1382,1414,1628.15,0.00737,0.004299,16.95,63.18,13.2452,30517,28.06
20160326_162532_1281_721,2,1,1,690,690,754.62,0.001325,0.00265,32.88,98.0,18.2478,42043,172.17
20160326_162532_1921_361,2,1,1,451,451,479.99,0.002083,0.004167,45.47,127.46,10.2496,23615,0.8
20160326_162532_1921_721,6,3,2,621,623,684.72,0.004381,0.008763,30.24,107.58,8.3416,19219,2.83
20160326_162532_1_721,5,3,1,672,677,749.9,0.004001,0.006668,23.28,74.0,12.8142,29524,165.22
20160326_162532_641_361,1,0,1,250,249,270.12,0.0,0.003702,21.33,61.56,2.9188,6725,3.49
20160326_162532_641_721,5,2,2,608,610,676.27,0.002957,0.007393,35.02,99.48,15.3798,35435,7.58
20160326_162538_1281_361,1,0,1,682,681,738.99,0.0,0.001353,33.38,104.0,10.5373,24278,173.87
20160326_162538_1281_721,1,0,1,538,537,565.58,0.0,0.001768,33.69,110.0,5.5951,12891,178.33
20160326_162538_1921_361,2,0,1,622,621,693.49,0.0,0.002884,22.6,62.0,11.8364,27271,167.95
20160326_162538_1_361,2,0,1,569,568,631.79,0.0,0.003166,18.03,50.0,9.0369,20821,8.09
20160326_162538_1_721,2,1,2,526,526,565.35,0.001769,0.003538,20.87,58.0,8.1202,18709,173.41
20160326_162538_641_721,6,4,1,777,779,904.92,0.00442,0.00663,36.4,136.63,21.283,49036,155.42
20160326_174634_1281_361,4,1,2,438,438,470.72,0.002124,0.008498,24.67,62.0,6.283,14476,178.32
20160326_174634_1281_721,2,1,2,527,527,571.32,0.00175,0.003501,21.67,62.0,6.6137,15238,0.46
20160326_174634_1921_361,1,0,1,125,124,132.7,0.0,0.007536,20.39,55.53,0.9371,2159,5.55
20160326_174634_1921_721,4,2,1,671,673,733.06,0.002728,0.005457,16.42,46.39,8.1011,18665,11.02
20160326_174634_1_1,3,1,1,73,73,85.01,0.011763,0.035289,14.44,39.16,0.6849,1578,76.77
20160326_174634_1_361,9,2,4,649,646,711.45,0.002811,0.01265,26.42,83.14,11.0295,25412,97.5
20160326_174634_1_721,5,3,1,620,625,701.63,0.004276,0.007126,20.41,74.76,8.0972,18656,176.5
20160326_174634_641_361,1,0,1,252,251,295.74,0.0,0.003381,20.23,48.76,4.3151,9942,28.53
20160326_174634_641_721,5,4,1,541,547,631.91,0.00633,0.007912,19.65,53.98,7.8329,18047,5.52
20160328_150820_1281_721,16,16,2,980,999,1150.19,0.013911,0.013911,22.22,78.36,13.4744,31045,3.55
20160328_150820_1921_361,4,1,2,448,447,502.09,0.001992,0.007967,20.49,53.59,5.2947,12199,159.13
20160328_150820_1921_721,9,7,1,955,961,1091.06,0.006416,0.008249,17.12,59.12,10.4358,24044,170.89
20160328_150820_1_361,12,11,3,918,929,1048.71,0.010489,0.011443,19.64,66.34,9.6719,22284,10.63
20160328_150820_1_721,4,2,2,444,446,496.95,0.004025,0.008049,22.36,70.33,5.6793,13085,2.85
20160328_150820_641_361,0,0,1,124,123,129.63,0.0,0.0,11.97,35.58,0.4883,1125,177.92
20160328_150820_641_721,5,5,1,745,749,852.55,0.005865,0.005865,17.44,62.79,8.8003,20276,6.19
20160328_150821_1281_361,4,3,1,745,748,829.19,0.003618,0.004824,20.26,73.53,10.4041,23971,6.92
20160328_150821_1281_721,0,0,2,178,176,180.97,0.0,0.0,12.22,26.0,0.6697,1543,179.29
20160328_150821_1921_361,3,2,1,407,408,436.58,0.004581,0.006872,22.6,73.18,4.9957,11510,2.49
20160328_150821_1921_721,9,8,3,818,825,914.47,0.008748,0.009842,17.57,56.0,7.865,18121,9.26
20160328_150821_1_361,8,5,2,860,866,963.75,0.005188,0.008301,16.99,53.59,10.4167,24000,166.25
20160328_150821_1_721,2,0,2,372,370,419.29,0.0,0.00477,16.38,39.59,4.1697,9607,158.03
20160328_150821_641_361,15,14,1,1075,1089,1247.64,0.011221,0.012023,23.22,86.0,15.6984,36169,4.03
20160328_150827_1281_1,4,2,1,277,279,299.3,0.006682,0.013365,27.48,86.0,3.3911,7813,98.49
20160328_150827_1281_1081,6,4,1,568,571,665.03,0.006015,0.009022,33.44,87.48,13.7218,31615,120.88
20160328_150827_1281_361,11,8,3,1128,1134,1297.2,0.006167,0.00848,19.74,78.0,14.076,32431,2.64
20160328_150827_1281_721,8,6,1,569,574,656.84,0.009135,0.012179,25.31,73.51,8.7847,20240,96.5
20160328_150827_1921_1,3,2,1,357,358,394.04,0.005076,0.007614,26.02,91.51,4.773,10997,96.54
20160328_150827_1_1,7,4,2,419,420,461.01,0.008677,0.015184,17.14,51.18,3.9054,8998,2.26
20160328_150827_1_361,5,1,4,548,545,600.09,0.001666,0.008332,16.81,48.38,6.207,14301,179.71
20160328_150827_641_361,14,9,5,1182,1189,1375.81,0.006542,0.010176,13.17,44.0,11.1554,25702,4.65
20160328_150927_1281_1,3,1,1,209,209,222.25,0.004499,0.013498,5.77,18.39,0.75,1728,84.29
20160328_150927_1281_361,3,5,2,516,525,592.52,0.008439,0.005063,11.21,61.12,3.8238,8810,124.05
20160328_150927_1281_721,9,7,3,992,998,1136.35,0.00616,0.00792,17.57,77.54,11.3155,26071,176.51
20160328_150927_1921_721,2,0,1,408,407,440.14,0.0,0.004544,15.53,56.0,4.8676,11215,175.16
20160328_150927_1_361,10,7,3,889,895,996.9,0.007022,0.010031,18.62,59.97,12.4253,28628,0.76
20160328_150927_1_721,13,6,4,1142,1148,1287.59,0.00466,0.010096,15.24,46.0,13.5091,31125,11.0
20160328_150927_641_361,11,8,1,894,906,1053.05,0.007597,0.010446,21.17,82.0,12.6259,29090,13.19
20160328_150927_641_721,9,4,4,843,847,927.77,0.004311,0.009701,18.22,61.56,11.2205,25852,175.15
20160328_150932_1281_361,6,8,1,813,824,935.84,0.008548,0.006411,25.57,84.0,12.2092,28130,173.8
20160328_150932_1281_721,5,4,2,395,400,452.61,0.008838,0.011047,8.59,39.16,1.5998,3686,146.29
20160328_150932_1921_361,20,19,6,1514,1547,1775.23,0.010703,0.011266,10.9,52.0,10.0469,23148,159.42
20160328_150932_1921_721,4,2,1,491,492,536.32,0.003729,0.007458,19.36,59.94,6.7756,15611,1.83
20160328_150932_1_1,2,0,1,85,84,98.08,0.0,0.020391,22.59,55.53,1.7695,4077,80.58
20160328_150932_1_361,13,16,2,1242,1267,1488.19,0.010751,0.008735,17.29,61.51,12.9288,29788,24.11
20160328_150932_1_721,11,10,2,997,1005,1155.36,0.008655,0.009521,19.39,86.36,9.2322,21271,3.92
20160328_150932_641_361,7,12,1,852,871,987.81,0.012148,0.007086,16.72,52.0,9.8177,22620,12.89
20160328_150932_641_721,10,9,1,924,950,1081.72,0.00832,0.009245,15.98,65.91,8.9865,20705,1.67
20160328_150933_1281_1,4,2,1,122,123,144.95,0.013798,0.027595,11.83,30.37,1.2088,2785,40.29
20160328_150933_1281_361,9,6,2,907,909,1031.61,0.005816,0.008724,13.69,58.0,8.023,18485,177.03
20160328_150933_1281_721,6,4,1,776,777,858.6,0.004659,0.006988,11.66,36.0,7.0412,16223,11.15
20160328_150933_1921_361,16,9,5,1005,1009,1155.22,0.007791,0.01385,18.01,74.39,9.9957,23030,4.78
20160328_150933_1921_721,10,9,1,1051,1062,1228.51,0.007326,0.00814,17.18,63.97,11.7292,27024,16.87
20160328_150933_1_361,4,2,1,463,465,509.74,0.003924,0.007847,16.91,56.76,4.9102,11313,0.19
20160328_150933_1_721,14,5,7,1386,1384,1543.89,0.003239,0.009068,14.32,48.0,12.6484,29142,160.05
20160328_150933_641_361,6,3,3,303,301,330.82,0.009068,0.018137,8.31,24.0,1.5894,3662,155.56
20160328_150933_641_721,9,8,1,944,953,1074.36,0.007446,0.008377,17.97,68.0,11.2665,25958,173.17
20160328_150940_1281_361,3,0,2,72,70,84.91,0.0,0.035331,13.78,32.78,0.7969,1836,178.65
20160328_150940_1281_721,9,8,1,909,918,1036.05,0.007722,0.008687,12.08,40.0,7.8494,18085,170.28
20160328_150940_1921_361,6,5,1,659,663,737.14,0.006783,0.00814,13.48,42.76,6.1519,14174,179.25
20160328_150940_1_1,4,2,1,457,460,519.23,0.003852,0.007704,16.36,43.54,5.497,12665,63.11
20160328_150940_1_1081,7,6,3,621,625,707.01,0.008486,0.009901,10.31,38.0,4.1467,9554,133.62
20160328_150940_1_361,6,4,2,570,574,657.26,0.006086,0.009129,15.23,53.15,6.1055,14067,70.81
20160328_150940_1_721,7,0,5,149,144,160.15,0.0,0.043708,5.63,18.39,0.4813,1109,31.29
20160328_150940_641_1081,1,0,1,121,120,136.57,0.0,0.007322,6.81,18.0,0.6046,1393,155.51
20160328_150940_641_361,13,5,4,798,799,910.01,0.005494,0.014286,9.16,34.0,5.4896,12648,7.29
20160328_150940_641_721,15,6,7,930,932,1043.84,0.005748,0.01437,9.65,36.79,6.3181,14557,176.01
20160328_151013_1081_1281,3,2,1,389,389,452.79,0.004417,0.006626,16.43,43.94,5.5282,12737,22.38
20160328_151013_1_1921,4,2,2,439,439,531.78,0.003761,0.007522,13.03,37.58,4.5495,10482,117.44
20160328_151013_361_1281,5,5,2,787,791,933.08,0.005359,0.005359,16.84,46.78,11.1923,25787,115.14
20160328_151013_361_1921,0,0,1,76,75,89.5,0.0,0.0,9.78,23.18,0.4748,1094,130.65
20160328_151013_361_641,2,1,2,112,111,124.25,0.008048,0.016096,9.72,25.98,0.4575,1054,93.27
20160328_151013_721_1,9,8,1,819,829,944.57,0.00847,0.009528,18.12,68.36,9.1146,21000,83.35
20160328_151013_721_1281,5,4,2,512,524,616.37,0.00649,0.008112,12.91,39.54,5.1949,11969,53.28
20160328_151013_721_641,6,12,2,1146,1158,1344.81,0.008923,0.004462,20.52,65.56,12.9358,29804,103.48
20160328_151014_1281_1,5,3,1,397,398,454.75,0.006597,0.010995,15.52,46.74,4.878,11239,108.7
20160328_151014_1281_361,7,4,2,555,557,642.74,0.006223,0.010891,12.96,34.38,5.2339,12059,127.19
20160328_151014_1281_721,12,11,1,1000,1019,1175.99,0.009354,0.010204,14.38,50.0,9.8637,22726,25.91
20160328_151014_1921_1081,6,5,1,653,661,770.35,0.006491,0.007789,9.99,36.36,5.0734,11689,35.75
20160328_151014_1921_721,1,0,1,86,85,97.01,0.0,0.010308,11.64,28.0,0.6224,1434,33.63
20160328_151014_1_361,11,9,1,899,912,1030.88,0.00873,0.010671,16.91,72.71,9.0061,20750,172.63
20160328_151014_641_361,11,10,2,1077,1087,1218.31,0.008208,0.009029,24.75,75.13,13.6202,31381,17.61
20160328_151014_641_721,2,1,3,165,162,180.64,0.005536,0.011072,13.86,43.59,1.0091,2325,2.49
20160328_151027_1281_1,4,1,2,518,517,582.45,0.001717,0.006868,7.83,23.18,3.0942,7129,172.1
20160328_151027_1281_1081,7,6,1,603,612,707.68,0.008478,0.009891,11.33,58.33,4.0122,9244,68.28
20160328_151027_1281_361,4,2,2,669,667,787.95,0.002538,0.005076,8.74,35.58,4.4019,10142,3.82
20160328_151027_1281_721,2,1,1,334,334,389.5,0.002567,0.005135,7.17,19.58,1.898,4373,165.83
20160328_151027_1921_1,10,5,3,818,818,932.74,0.005361,0.010721,8.08,26.0,4.8615,11201,156.38
20160328_151027_641_1,10,9,1,541,557,651.85,0.013807,0.015341,11.68,46.0,4.0404,9309,59.97
20160328_151027_641_1081,1,1,1,113,114,126.84,0.007884,0.007884,12.17,29.18,0.6667,1536,79.37
20160328_151027_641_361,8,4,3,663,666,772.87,0.005176,0.010351,7.22,21.58,3.7018,8529,66.48
20160328_151027_641_721,9,6,2,503,511,586.8,0.010225,0.015337,9.53,28.0,3.5521,8184,84.68
20160328_151056_1281_1,11,7,2,497,506,584.7,0.011972,0.018813,5.61,18.0,1.898,4373,128.39
20160328_151056_1281_361,13,8,4,384,394,460.69,0.017365,0.028219,7.36,23.18,2.0378,4695,146.83
20160328_151056_1_361,27,25,3,983,1027,1168.25,0.0214,0.023112,6.86,33.17,3.6454,8399,177.39
20160328_151056_641_1,12,2,6,524,526,629.14,0.003179,0.019074,5.21,14.79,2.0282,4673,36.97
20160328_151056_641_1081,9,8,1,436,446,500.26,0.015992,0.017991,7.42,26.79,2.0508,4725,91.65
20160328_151056_641_361,22,14,6,1234,1247,1426.35,0.009815,0.015424,7.71,28.0,6.3576,14648,166.63
20160328_151056_641_721,12,12,2,559,582,663.19,0.018094,0.018094,7.44,25.97,2.5117,5787,82.84
20160328_151151_1281_1081,2,0,1,193,192,215.2,0.0,0.009294,7.99,26.0,0.9939,2290,99.63
20160328_151151_1281_721,4,1,1,331,333,365.31,0.002737,0.01095,8.26,22.0,1.9288,4444,3.69
20160328_151151_1921_1081,6,2,2,283,285,340.5,0.005874,0.017621,8.09,22.39,1.9905,4586,49.8
20160328_151151_1921_721,1,0,1,525,524,619.27,0.0,0.001615,10.46,41.15,4.5056,10381,27.48
20160328_151151_1_1,5,3,1,362,366,428.96,0.006994,0.011656,12.91,33.99,4.0043,9226,62.42
20160328_151151_641_1,1,0,1,80,79,95.98,0.0,0.010419,13.64,32.78,0.7886,1817,53.97
20160328_151151_641_1081,3,2,1,296,299,335.45,0.005962,0.008943,8.99,25.97,1.543,3555,54.13
20160328_151151_641_361,5,5,1,452,457,518.3,0.009647,0.009647,11.81,34.0,3.9891,9191,73.7
20160328_151151_641_721,6,5,2,630,633,719.16,0.006953,0.008343,12.79,46.74,5.9358,13676,47.88
20160328_151201_1281_361,5,2,2,348,349,391.25,0.005112,0.01278,23.77,83.48,3.898,8981,179.67
20160328_151201_1281_721,10,10,1,1351,1365,1673.17,0.005977,0.005977,82.07,200.61,41.9484,96649,15.72
20160328_151201_1921_1081,7,5,1,479,488,553.03,0.009041,0.012658,32.57,90.29,9.7786,22530,7.94
20160328_151201_1921_721,8,7,1,596,604,702.17,0.009969,0.011393,38.51,147.91,11.9492,27531,27.92
20160328_151201_1_1,8,6,1,709,719,818.83,0.007328,0.00977,24.8,74.39,14.283,32908,19.41
20160328_151201_641_1,0,0,1,73,72,81.94,0.0,0.0,22.72,67.16,0.5178,1193,35.1
20160328_151201_641_361,8,6,1,774,787,921.21,0.006513,0.008684,17.73,59.12,10.4774,24140,26.23
20160328_151212_1281_721,16,14,1,935,956,1079.02,0.012975,0.014828,18.02,58.39,10.6506,24539,7.35
20160328_151212_1921_1081,3,0,2,335,333,394.3,0.0,0.007608,7.87,22.0,2.0764,4784,115.27
20160328_151212_1921_721,18,16,2,1332,1353,1572.95,0.010172,0.011443,42.29,165.89,24.7118,56936,173.62
20160328_151212_1_361,20,16,1,1079,1098,1293.92,0.012365,0.015457,28.88,85.51,17.0755,39342,15.08
20160328_151212_1_721,1,0,2,139,137,158.12,0.0,0.006324,25.71,67.2,2.0365,4692,33.57
20160328_151212_641_721,23,22,2,1314,1338,1584.04,0.013889,0.01452,23.31,69.97,17.0078,39186,16.57
20160328_151241_1281_361,20,17,1,1098,1123,1270.05,0.013385,0.015747,23.54,74.3,13.0269,30014,10.26
20160328_151241_1281_721,12,10,2,822,834,958.26,0.010436,0.012523,19.77,106.79,6.931,15969,162.39
20160328_151241_1921_361,19,15,4,973,981,1114.38,0.01346,0.01705,23.13,77.11,11.3572,26167,179.16
20160328_151241_1921_721,11,8,5,399,405,464.23,0.017233,0.023695,23.35,70.0,3.6341,8373,179.91
20160328_151241_1_1,4,2,1,144,146,164.64,0.012148,0.024295,15.2,42.34,1.3776,3174,74.62
20160328_151241_1_361,15,12,2,1109,1126,1271.8,0.009435,0.011794,34.2,152.0,17.9314,41314,25.7
20160328_151241_1_721,24,24,2,1573,1613,1906.68,0.012587,0.012587,25.86,81.91,22.3754,51553,164.63
20160328_151241_641_361,25,26,2,1541,1572,1846.21,0.014083,0.013541,31.0,82.79,24.7248,56966,171.52
20160328_151241_641_721,16,13,2,863,880,995.15,0.013063,0.016078,11.48,36.0,7.204,16598,175.94
20160328_151243_1281_1081,4,4,1,522,534,647.49,0.006178,0.006178,16.76,48.0,7.3255,16878,43.14
20160328_151243_1281_361,13,13,2,1268,1275,1495.78,0.008691,0.008691,29.37,87.58,21.3524,49196,176.98
20160328_151243_1281_721,7,5,2,433,436,517.6,0.00966,0.013524,21.71,60.39,5.9206,13641,25.57
20160328_151243_1921_1,2,3,2,279,285,328.49,0.009133,0.006088,13.25,38.77,2.605,6002,161.55
20160328_151243_1921_1081,15,13,3,944,961,1091.89,0.011906,0.013738,19.2,94.0,9.6202,22165,168.71
20160328_151243_1921_361,6,7,1,558,570,656.16,0.010668,0.009144,19.96,62.72,8.0295,18500,175.66
20160328_151243_1_1,9,4,3,351,351,387.87,0.010313,0.023204,8.8,29.18,1.5655,3607,178.6
20160328_151243_1_361,23,21,9,1562,1604,1900.16,0.011052,0.012104,22.75,78.31,16.4991,38014,30.8
20160328_151243_1_721,4,2,2,583,584,661.87,0.003022,0.006043,29.64,78.0,10.9175,25154,167.13
20160328_151243_641_1,8,7,1,659,666,754.64,0.009276,0.010601,26.15,85.59,8.2522,19013,179.26
20160328_151243_641_361,15,16,7,1375,1388,1619.96,0.009877,0.009259,24.81,96.0,17.3958,40080,167.54
20160328_151243_641_721,8,7,1,679,685,808.02,0.008663,0.009901,24.39,77.94,10.5781,24372,28.2
20160328_151247_1281_1,19,13,2,1241,1262,1445.91,0.008991,0.013141,21.24,85.59,13.8963,32017,14.04
20160328_151247_1281_1081,14,13,3,732,744,873.23,0.014887,0.016032,16.11,46.0,7.0916,16339,125.62
20160328_151247_1281_361,11,9,1,791,801,920.29,0.009779,0.011953,23.33,90.0,10.8129,24913,80.92
20160328_151247_1281_721,9,7,1,566,573,670.34,0.010442,0.013426,18.1,56.0,7.6046,17521,108.07
20160328_151247_1921_1,3,4,1,344,351,390.76,0.010236,0.007677,28.25,79.09,3.4909,8043,91.62
20160328_151247_1_1,3,2,1,185,186,201.74,0.009914,0.014871,11.58,30.0,1.3902,3203,80.97
20160328_151247_641_1,3,3,1,330,333,373.59,0.00803,0.00803,16.09,56.0,3.1467,7250,83.53
20160328_151247_641_1081,10,8,1,673,682,780.58,0.010249,0.012811,30.09,99.46,11.6866,26926,76.51
20160328_151247_641_361,11,9,1,600,616,715.41,0.01258,0.015376,15.26,46.39,6.0742,13995,59.39
20160328_151247_641_721,11,11,1,644,658,776.47,0.014167,0.014167,24.89,83.96,9.4896,21864,86.05
20160328_151252_1281_1,10,8,2,574,584,684.65,0.011685,0.014606,14.76,46.0,5.5569,12803,63.48
20160328_151252_1281_361,16,12,3,748,760,909.95,0.013188,0.017583,15.99,47.58,7.6693,17670,44.64
20160328_151252_1281_721,4,3,2,277,280,320.59,0.009358,0.012477,12.67,41.18,2.3754,5473,67.72
20160328_151252_1921_721,2,2,1,353,354,412.82,0.004845,0.004845,7.82,24.77,2.0655,4759,30.33
20160328_151252_1_1,7,5,1,285,290,329.76,0.015162,0.021227,9.64,29.59,1.9336,4455,70.94
20160328_151252_641_1,5,3,2,394,398,466.76,0.006427,0.010712,14.17,52.36,3.3941,7820,156.13
20160328_151252_641_361,9,8,1,742,753,873.12,0.009163,0.010308,8.94,40.36,4.1107,9471,31.44
20160328_151343_1281_1,5,3,1,191,194,233.35,0.012856,0.021427,7.87,18.78,1.2595,2902,137.32
20160328_151343_1281_361,11,9,1,999,1014,1140.75,0.00789,0.009643,11.67,38.0,8.5052,19596,172.9
20160328_151343_1921_361,2,1,1,101,101,118.81,0.008417,0.016833,11.96,32.0,1.0056,2317,162.47
20160328_151343_1_1081,4,2,4,406,403,480.87,0.004159,0.008318,12.31,40.0,3.4796,8017,145.27
20160328_151343_1_361,5,3,1,700,704,796.78,0.003765,0.006275,17.23,65.52,8.5321,19658,2.33
20160328_151343_1_721,4,2,1,122,124,142.64,0.014021,0.028043,8.09,22.0,0.5959,1373,145.54
20160328_151343_641_1,2,1,1,235,236,282.81,0.003536,0.007072,6.85,22.0,1.2487,2877,142.66
20160328_151343_641_361,14,15,1,1153,1172,1350.94,0.011103,0.010363,13.63,51.99,10.7396,24744,174.56
20160328_151343_641_721,12,12,1,891,905,1032.16,0.011626,0.011626,9.51,31.96,6.2361,14368,155.49
20160328_151355_1281_1081,6,5,2,785,790,906.39,0.005516,0.00662,58.09,196.0,13.2344,30492,44.32
20160328_151355_1281_361,21,15,2,1661,1688,1975.46,0.007593,0.01063,16.59,71.15,15.2517,35140,7.68
20160328_151355_1281_721,13,13,1,1246,1264,1427.61,0.009106,0.009106,51.14,205.73,18.7682,43242,142.55
20160328_151355_1921_1,7,4,2,439,442,530.64,0.007538,0.013192,11.07,41.54,3.8837,8948,125.66
20160328_151355_1921_361,3,2,1,118,121,143.37,0.01395,0.020925,13.25,37.15,1.1411,2629,134.84
20160328_151355_1_361,20,21,1,1140,1173,1343.66,0.015629,0.014885,17.24,63.19,12.0616,27790,0.0
20160328_151355_1_721,10,5,1,341,354,426.07,0.011735,0.02347,17.18,50.76,3.2765,7549,45.72
20160328_151355_641_361,9,7,1,730,738,822.5,0.008511,0.010942,10.66,37.15,5.5677,12828,177.49
20160328_151355_641_721,11,10,2,589,602,681.94,0.014664,0.01613,11.98,33.6,4.7665,10982,15.99
20160328_151402_1281_1081,13,9,2,722,730,839.35,0.010723,0.015488,48.11,170.76,10.7166,24691,177.65
20160328_151402_1281_361,4,3,1,411,412,474.55,0.006322,0.008429,20.18,56.0,5.1398,11842,166.72
20160328_151402_1281_721,26,24,4,1515,1536,1745.59,0.013749,0.014895,24.14,135.09,15.1914,35001,167.14
20160328_151402_1921_361,30,26,2,1440,1479,1702.26,0.015274,0.017624,24.92,147.97,13.0382,30040,166.72
20160328_151402_1921_721,23,21,2,1383,1410,1617.11,0.012986,0.014223,13.39,52.73,10.1146,23304,173.82
20160328_151402_1_1081,10,8,1,485,496,566.42,0.014124,0.017655,18.47,53.98,5.5564,12802,154.53
20160328_151402_1_721,17,15,1,657,678,779.9,0.019233,0.021798,14.48,48.79,5.9948,13812,154.98
20160328_151402_641_1,12,8,2,611,618,706.23,0.011328,0.016992,17.38,48.33,7.1628,16503,90.94
20160328_151402_641_1081,3,1,1,202,203,231.17,0.004326,0.012978,38.98,111.05,2.8077,6469,5.13
20160328_151402_641_361,13,12,1,723,740,851.84,0.014087,0.015261,14.61,46.0,6.3793,14698,82.51
20160328_151402_641_721,27,26,1,1412,1447,1680.62,0.015471,0.016066,41.45,220.27,21.8941,50444,20.01
20160328_151409_1281_1081,13,6,4,689,698,777.53,0.007717,0.01672,6.5,22.4,3.0872,7113,173.03
20160328_151409_1281_361,8,9,1,719,731,868.52,0.010362,0.009211,14.17,45.97,6.6315,15279,29.92
20160328_151409_1281_721,1,1,1,227,228,270.66,0.003695,0.003695,11.33,32.76,2.0872,4809,34.3
20160328_151409_1921_1081,10,4,3,694,696,816.12,0.004901,0.012253,7.97,30.0,3.9657,9137,26.95
20160328_151409_1921_721,6,5,1,358,362,415.43,0.012036,0.014443,8.19,23.18,2.316,5336,43.01
20160328_151409_1_1,3,2,1,287,290,319.82,0.006253,0.00938,12.91,48.0,1.7669,4071,88.69
20160328_151409_641_1,6,5,3,747,752,846.85,0.005904,0.007085,13.03,49.18,5.6089,12923,173.7
20160328_151409_641_1081,11,9,1,809,821,960.18,0.009373,0.011456,10.55,40.0,6.2956,14505,30.92
20160328_151409_641_361,15,9,3,1326,1337,1539.96,0.005844,0.00974,17.78,65.15,13.9935,32241,175.59
20160328_151409_641_721,11,10,1,651,663,771.11,0.012968,0.014265,25.62,81.98,8.5343,19663,96.8
20160328_151413_1281_361,10,8,1,965,979,1107.82,0.007221,0.009027,13.2,36.79,9.553,22010,1.64
20160328_151413_1281_721,9,6,4,788,788,901.91,0.006653,0.009979,9.45,28.0,5.5499,12787,6.06
20160328_151413_1921_361,4,2,1,245,246,290.32,0.006889,0.013778,10.79,33.17,2.1107,4863,30.33
20160328_151413_1921_721,10,9,2,792,801,917.39,0.00981,0.0109,12.65,54.33,6.1866,14254,175.93
20160328_151413_1_1081,5,5,1,472,478,562.5,0.008889,0.008889,14.17,45.14,4.0482,9327,117.22
20160328_151413_1_361,8,7,1,882,888,1021.79,0.006851,0.007829,21.1,79.18,10.8993,25112,163.47
20160328_151413_1_721,13,13,2,1198,1213,1408.09,0.009232,0.009232,14.77,63.94,10.7257,24712,26.28
20160328_151413_641_361,2,1,1,663,664,755.13,0.001324,0.002649,10.79,29.98,5.8602,13502,177.18
20160328_151413_641_721,5,4,1,698,703,789.16,0.005069,0.006336,9.57,34.0,5.0256,11579,177.52
20160328_151423_1281_1081,7,6,3,822,825,911.16,0.006585,0.007683,10.8,38.0,5.941,13688,1.54
20160328_151423_1281_361,5,1,3,404,403,429.51,0.002328,0.011641,9.18,30.0,1.7656,4068,179.13
20160328_151423_1281_721,5,2,4,555,554,605.36,0.003304,0.00826,7.58,30.8,2.3164,5337,4.92
20160328_151423_1921_1,3,1,1,217,217,262.56,0.003809,0.011426,7.13,18.79,1.3064,3010,124.55
20160328_151423_1921_1081,4,4,1,405,411,464.85,0.008605,0.008605,12.7,42.76,2.6641,6138,83.9
20160328_151423_1921_361,2,1,1,418,419,487.76,0.00205,0.0041,8.86,24.38,3.0278,6976,118.7
20160328_151423_1921_721,7,9,1,556,566,643.04,0.013996,0.010886,10.9,41.97,3.8364,8839,102.25
20160328_151423_1_1081,12,7,3,667,673,773.65,0.009048,0.015511,7.25,21.18,3.5378,8151,174.87
20160328_151423_1_361,8,5,2,751,755,864.77,0.005782,0.009251,11.54,42.34,6.6793,15389,17.31
20160328_151423_1_721,3,1,2,420,420,477.16,0.002096,0.006287,10.38,30.36,3.4683,7991,119.1
20160328_151423_641_1081,5,5,1,943,948,1101.26,0.00454,0.00454,9.59,33.17,6.9596,16035,4.35
20160328_151423_641_361,1,2,1,169,173,193.3,0.010347,0.005173,10.92,37.56,1.0451,2408,176.34
20160328_151423_641_721,7,7,2,1054,1066,1235.83,0.005664,0.005664,15.36,57.94,11.079,25526,33.64
20160328_151429_1281_1,17,15,2,1104,1118,1294.87,0.011584,0.013129,10.92,32.0,9.0716,20901,16.01
20160328_151429_1281_1081,21,13,3,514,529,599.83,0.021673,0.03501,12.63,48.0,3.622,8345,88.96
20160328_151429_1281_721,15,8,1,287,307,341.79,0.023406,0.043886,11.11,32.36,1.3989,3223,76.69
20160328_151429_1921_1,20,13,1,551,576,666.71,0.019499,0.029998,10.25,34.0,2.8798,6635,169.84
20160328_151429_1_721,10,9,1,805,818,923.21,0.009749,0.010832,22.25,89.58,7.9978,18427,172.43
20160328_151429_641_1,6,4,1,226,230,271.01,0.01476,0.02214,22.85,67.16,2.6042,6000,116.78
20160328_151429_641_361,11,7,3,783,790,899.35,0.007783,0.012231,10.71,46.0,6.0282,13889,125.74
20160328_151429_641_721,23,18,2,820,843,961.47,0.018721,0.023922,10.03,31.58,4.6806,10784,6.22
20160328_151504_1281_721,9,7,1,778,788,887.0,0.007892,0.010147,22.67,63.97,13.5273,31167,174.96
20160328_151504_1921_721,22,21,1,1017,1035,1216.43,0.017264,0.018086,22.67,82.0,12.2852,28305,7.34
20160328_151504_1_1,4,2,3,329,327,368.01,0.005435,0.010869,7.79,24.38,1.6376,3773,18.29
20160328_151504_1_361,4,4,1,591,597,679.43,0.005887,0.005887,13.45,51.13,5.1111,11776,16.27
20160328_151504_641_1081,46,35,1,1082,1153,1362.59,0.025686,0.033759,17.56,60.74,6.5885,15180,102.36
20160328_151504_641_361,4,1,2,380,379,439.06,0.002278,0.00911,9.77,29.98,2.6502,6106,30.78
20160328_151504_641_721,6,4,1,679,684,798.74,0.005008,0.007512,19.75,66.76,10.8394,24974,133.67
20160328_151506_1281_361,7,6,1,442,448,502.26,0.011946,0.013937,16.31,70.0,3.7843,8719,175.82
20160328_151506_1281_721,7,6,2,497,503,585.43,0.010249,0.011957,15.33,42.34,4.7786,11010,164.65
20160328_151506_1921_361,21,23,1,799,839,954.98,0.024084,0.02199,8.24,22.0,4.1315,9519,170.36
20160328_151506_1_721,13,10,1,826,839,946.28,0.010568,0.013738,22.31,65.18,12.9948,29940,176.71
20160328_151506_641_721,25,23,2,972,1012,1153.25,0.019944,0.021678,20.91,72.0,12.9523,29842,6.82
20160328_151657_1281_1,5,3,3,341,341,378.69,0.007922,0.013203,11.24,30.37,2.467,5684,93.41
20160328_151657_1281_1081,19,15,2,705,733,843.6,0.017781,0.022523,8.74,24.79,4.3451,10011,80.29
20160328_151657_1281_361,6,5,3,493,494,577.67,0.008655,0.010387,12.05,30.39,4.4501,10253,52.86
20160328_151657_1281_721,29,24,2,1272,1309,1527.7,0.01571,0.018983,10.64,36.79,8.8364,20359,4.24
20160328_151657_1921_1081,10,6,2,452,468,570.72,0.010513,0.017522,15.02,46.0,5.0321,11594,54.92
20160328_151657_1921_721,2,1,1,140,141,169.99,0.005883,0.011765,10.94,25.98,1.1732,2703,38.16
20160328_151657_1_1,5,4,1,738,741,831.71,0.004809,0.006012,10.45,29.58,6.1011,14057,166.64
20160328_151657_1_361,9,8,3,825,838,983.39,0.008135,0.009152,9.94,30.37,6.378,14695,30.76
20160328_151657_1_721,2,1,1,59,60,73.25,0.013651,0.027302,11.39,26.79,0.5,1152,35.82
20160328_151657_641_1,17,13,3,1132,1148,1304.57,0.009965,0.013031,11.59,50.33,8.5395,19675,23.71
20160328_151657_641_1081,5,2,2,595,597,709.67,0.002818,0.007046,9.51,30.37,4.3615,10049,123.34
20160328_151657_641_361,6,3,1,437,444,506.96,0.005918,0.011835,15.59,56.34,5.0503,11636,112.38
20160328_151657_641_721,13,8,4,1191,1197,1372.63,0.005828,0.009471,22.73,99.08,13.1793,30365,179.49
20160328_151728_1281_361,8,6,1,679,687,768.6,0.007806,0.010409,8.9,27.97,4.6489,10711,0.07
20160328_151728_1921_361,13,6,3,699,702,805.97,0.007444,0.01613,8.82,26.0,4.5321,10442,1.13
20160328_151728_1921_721,1,0,1,73,72,82.77,0.0,0.012082,10.95,32.39,0.49,1129,24.43
20160328_151728_1_361,9,7,1,727,742,825.26,0.008482,0.010906,7.84,32.78,4.0625,9360,175.88
20160328_151728_641_361,7,4,2,706,706,800.44,0.004997,0.008745,10.09,34.36,5.5282,12737,7.18
20160328_151804_1281_361,2,0,2,427,425,476.78,0.0,0.004195,10.59,35.19,3.1497,7257,9.2
20160328_151804_1281_721,1,0,1,272,271,292.95,0.0,0.003414,6.44,23.99,1.1215,2584,1.12
20160328_151804_1921_721,18,14,17,1018,1060,1236.45,0.011323,0.014558,9.73,34.0,6.3277,14579,18.95
20160328_151804_1_361,7,1,3,259,257,277.3,0.003606,0.025244,8.06,22.0,1.3876,3197,6.08
20160328_151804_1_721,20,5,10,595,589,669.77,0.007465,0.029861,6.34,21.58,2.4931,5744,168.2
20160328_151804_641_361,23,11,14,919,955,1073.47,0.010247,0.021426,10.2,37.99,4.8967,11282,174.95
20160328_151808_1281_361,3,4,1,554,558,628.0,0.006369,0.004777,13.94,38.38,4.4744,10309,5.96
20160328_151808_1281_721,3,1,4,584,580,629.71,0.001588,0.004764,8.05,27.18,2.6302,6060,172.14
20160328_151808_1921_1,3,0,2,118,116,131.33,0.0,0.022844,6.13,14.39,0.4857,1119,164.26
20160328_151808_1921_1081,16,13,11,818,935,1135.48,0.011449,0.014091,4.86,14.0,2.1719,5004,34.32
20160328_151808_1921_361,1,0,1,469,468,591.85,0.0,0.00169,6.68,21.18,2.6562,6120,139.87
20160328_151808_1921_721,18,3,8,941,937,1033.93,0.002902,0.017409,7.14,28.0,4.1007,9448,5.47
20160328_151808_1_361,1,0,1,185,184,208.85,0.0,0.004788,18.78,43.59,2.4427,5628,3.38
20160328_151808_1_721,7,4,3,612,613,702.88,0.005691,0.009959,19.11,60.0,7.9744,18373,15.24
20160328_151808_641_721,13,11,3,976,989,1121.96,0.009804,0.011587,14.07,55.18,7.6979,17736,176.3
20160328_151814_1281_361,1,0,1,243,242,269.34,0.0,0.003713,18.39,52.0,2.7448,6324,82.51
20160328_151814_1281_721,3,2,1,626,628,676.88,0.002955,0.004432,22.56,60.0,10.3963,23953,174.36
20160328_151814_1921_361,5,4,1,843,847,936.47,0.004271,0.005339,30.06,93.88,17.5082,40339,171.87
20160328_151814_1_361,3,1,1,643,644,699.09,0.00143,0.004291,25.25,80.33,12.4987,28797,11.58
20160328_151814_1_721,1,0,1,113,112,116.56,0.0,0.00858,15.79,42.0,0.661,1523,4.43
20160328_151814_641_361,2,0,1,169,168,179.6,0.0,0.011136,27.79,68.76,1.8615,4289,2.73
20160328_151814_641_721,4,2,1,678,679,742.37,0.002694,0.005388,31.33,84.69,15.6545,36068,9.1
20160328_151945_1281_361,2,0,2,943,941,997.75,0.0,0.002005,10.69,42.0,6.7405,15530,162.87
20160328_151945_1281_721,1,0,1,417,416,453.69,0.0,0.002204,8.51,26.0,2.329,5366,9.67
20160328_151945_1921_361,2,0,1,634,633,685.19,0.0,0.002919,10.42,29.16,5.2344,12060,9.22
20160328_151945_1921_721,2,0,1,614,613,658.56,0.0,0.003037,8.54,28.0,3.638,8382,177.91
20160328_151945_1_361,7,2,3,666,666,730.62,0.002737,0.009581,15.75,62.0,6.2135,14316,177.75
20160328_151945_1_721,1,2,3,410,410,442.72,0.004517,0.002259,13.48,49.94,2.7452,6325,2.8
20160328_151945_641_361,8,1,5,689,685,750.86,0.001332,0.010654,35.79,106.0,8.2995,19122,174.59
20160328_151945_641_721,1,1,1,351,351,369.23,0.002708,0.002708,28.3,86.0,4.6562,10728,1.8
20160328_152308_1281_361,1,0,1,630,629,670.42,0.0,0.001492,12.87,34.0,6.2522,14405,174.28
20160328_152308_1921_361,2,2,1,820,823,949.34,0.002107,0.002107,20.33,77.93,9.576,22063,28.11
20160328_152308_1921_721,2,0,2,546,544,621.87,0.0,0.003216,22.91,97.48,8.1254,18721,165.03
20160328_152308_1_361,4,2,1,888,891,996.21,0.002008,0.004015,20.02,77.49,11.0343,25423,164.04
20160328_152308_1_721,0,0,1,210,209,215.63,0.0,0.0,15.96,36.0,1.2943,2982,0.84
20160328_152308_641_361,9,5,3,923,927,1039.25,0.004811,0.00866,16.94,52.0,11.2951,26024,175.85
20160328_152322_1281_361,2,1,1,418,419,459.59,0.002176,0.004352,9.38,27.58,2.8307,6522,4.89
20160328_152322_1281_721,2,0,1,271,270,296.51,0.0,0.006745,9.13,28.0,1.8008,4149,12.06
20160328_152322_1921_721,0,0,1,662,661,709.05,0.0,0.0,11.01,30.0,5.5616,12814,4.72
20160328_152322_1_361,8,2,5,582,580,646.27,0.003095,0.012379,12.39,46.39,3.6072,8311,159.07
20160328_152322_1_721,3,2,1,424,425,459.79,0.00435,0.006525,21.0,72.0,4.5664,10521,2.78
20160328_152322_641_361,5,1,2,681,679,745.27,0.001342,0.006709,10.74,28.78,5.635,12983,3.75
20160328_152328_1281_361,6,5,1,930,936,1055.29,0.004738,0.005686,22.8,76.33,14.6649,33788,179.58
20160328_152328_1921_1,3,2,1,252,252,277.27,0.007213,0.01082,16.7,42.79,3.2418,7469,170.92
20160328_152328_1921_361,5,3,2,657,661,745.09,0.004026,0.006711,13.68,42.76,6.2765,14461,145.53
20160328_152328_1_361,6,4,2,576,578,642.2,0.006229,0.009343,15.87,54.0,4.7001,10829,178.62
20160328_152328_1_721,1,0,2,499,497,541.32,0.0,0.001847,18.38,53.93,6.2756,14459,7.19
20160328_152328_641_361,0,0,1,245,244,276.72,0.0,0.0,11.82,32.39,2.1111,4864,161.72
20160328_152328_641_721,3,2,1,485,487,536.29,0.003729,0.005594,16.85,42.0,6.4987,14973,172.11
20160328_152336_1281_361,8,5,3,753,761,867.45,0.005764,0.009222,39.43,126.0,18.8299,43384,2.72
20160328_152336_1281_721,2,3,2,686,684,761.87,0.003938,0.002625,32.54,120.63,11.8598,27325,169.23
20160328_152336_1921_361,9,9,1,1151,1163,1332.0,0.006757,0.006757,35.53,112.27,24.6966,56901,0.96
20160328_152336_1921_721,1,0,1,109,108,112.14,0.0,0.008917,17.26,36.0,0.7925,1826,178.83
20160328_152336_1_361,3,0,2,655,653,718.03,0.0,0.004178,56.05,164.0,22.5812,52027,169.67
20160328_152336_1_721,1,0,1,352,351,367.98,0.0,0.002718,45.91,124.0,6.6072,15223,176.11
20160328_152336_641_361,4,3,1,710,713,790.87,0.003793,0.005058,38.07,84.0,21.5217,49586,1.55
20160328_152336_641_721,3,1,1,257,257,291.79,0.003427,0.010281,17.01,54.0,3.1923,7355,3.83
20160328_152514_1281_361,3,1,2,470,470,523.85,0.001909,0.005727,10.39,30.39,2.7925,6434,176.87
20160328_152514_1281_721,0,0,1,425,424,440.15,0.0,0.0,10.22,25.18,2.3806,5485,3.48
20160328_152514_1921_361,1,0,3,245,242,267.68,0.0,0.003736,11.26,29.18,1.26,2903,5.07
20160328_152514_1921_721,1,0,1,567,566,609.49,0.0,0.001641,19.65,74.76,7.7678,17897,1.33
20160328_152514_1_721,4,1,2,742,741,866.92,0.001154,0.004614,13.62,49.58,7.401,17052,150.27
20160328_152514_641_361,6,3,2,628,628,708.36,0.004235,0.00847,9.62,26.0,4.6979,10824,175.31
20160328_152514_641_721,4,1,2,168,167,196.41,0.005091,0.020366,8.66,23.58,1.227,2827,0.15
20160328_153020_1281_721,3,2,1,682,683,757.56,0.00264,0.00396,15.42,49.54,8.1888,18867,0.1
20160328_153020_1921_361,3,1,1,280,280,312.31,0.003202,0.009606,13.73,35.15,3.0026,6918,165.91
20160328_153020_1921_721,1,0,1,410,409,459.53,0.0,0.002176,15.66,41.96,5.1766,11927,165.32
20160328_153020_1_721,7,4,1,679,686,741.09,0.005397,0.009446,16.38,46.76,8.6306,19885,175.31
20160328_153020_641_721,3,2,1,690,690,755.45,0.002647,0.003971,15.06,46.0,8.0386,18521,173.56
20160328_153241_1281_361,1,0,1,331,330,338.28,0.0,0.002956,15.73,45.54,1.576,3631,2.03
20160328_153241_1281_721,4,2,1,684,685,730.15,0.002739,0.005478,37.9,119.84,14.8416,34195,3.11
20160328_153241_1921_721,4,2,1,673,674,740.27,0.002702,0.005403,32.65,76.0,18.9679,43702,7.31
20160328_153241_1_1081,1,0,1,168,167,188.12,0.0,0.005316,32.27,93.09,2.6385,6079,159.78
20160328_153241_1_721,11,7,2,1011,1017,1163.63,0.006016,0.009453,26.46,74.69,16.3641,37703,154.89
20160328_153241_641_361,2,1,1,496,497,519.78,0.001924,0.003848,47.27,130.0,8.7378,20132,1.73
20160328_153241_641_721,7,6,1,1065,1071,1167.1,0.005141,0.005998,27.12,107.12,12.4965,28792,170.4
20160328_153327_1281_361,5,3,1,675,678,738.06,0.004065,0.006775,20.5,57.58,11.1359,25657,6.33
20160328_153327_1921_361,0,0,1,415,414,449.21,0.0,0.0,20.78,62.0,4.6528,10720,12.55
20160328_153327_1921_721,1,0,1,393,392,413.95,0.0,0.002416,15.07,36.0,3.0968,7135,6.86
20160328_153327_1_721,2,1,1,651,651,735.91,0.001359,0.002718,12.67,39.54,5.9688,13752,167.91
20160328_153327_641_361,4,3,1,567,569,643.97,0.004659,0.006211,19.43,76.0,7.1354,16440,160.89
20160328_153327_641_721,0,0,1,314,313,355.66,0.0,0.0,16.88,46.35,3.2986,7600,157.95
20160328_153357_1281_1,2,0,1,361,360,376.15,0.0,0.005317,19.81,71.16,3.7431,8624,0.39
20160328_153357_1281_361,2,0,3,707,704,776.49,0.0,0.002576,14.41,41.54,6.3854,14712,23.04
20160328_153357_1281_721,1,0,1,708,707,806.83,0.0,0.001239,19.78,52.76,11.4006,26267,160.48
20160328_153357_1921_361,6,5,1,1068,1071,1235.03,0.004048,0.004858,30.88,104.0,23.5968,54367,2.99
20160328_153357_1921_721,0,0,1,101,100,112.01,0.0,0.0,27.49,81.54,0.8181,1885,129.96
20160328_153357_1_1081,8,4,2,814,816,890.56,0.004492,0.008983,22.2,80.0,8.9653,20656,174.04
20160328_153357_1_721,3,1,3,408,407,426.88,0.002343,0.007028,26.21,80.0,3.0213,6961,177.88
20160328_153357_641_1,1,0,1,636,635,708.73,0.0,0.001411,14.2,40.0,7.7001,17741,13.24
20160328_153357_641_1081,3,2,1,339,341,358.81,0.005574,0.008361,27.84,76.79,2.9418,6778,4.57
20160328_153357_641_721,2,0,1,671,670,721.36,0.0,0.002773,21.26,68.0,8.7982,20271,174.53
20160328_153404_1281_361,7,5,1,986,992,1111.71,0.004498,0.006297,41.47,128.24,23.5039,54153,168.98
20160328_153404_1281_721,0,0,1,220,219,239.71,0.0,0.0,40.96,111.51,3.4544,7959,174.37
20160328_153404_1921_361,2,0,1,646,645,697.61,0.0,0.002867,35.18,94.0,19.4614,44839,176.27
20160328_153404_1_721,1,0,1,678,677,766.47,0.0,0.001305,30.71,78.0,17.4128,40119,167.07
20160328_153404_641_361,0,0,2,284,282,303.12,0.0,0.0,37.37,126.0,2.3767,5476,168.59
20160328_153404_641_721,5,5,1,874,879,978.83,0.005108,0.005108,31.51,116.0,17.0282,39233,165.24
20160328_153421_1281_1,1,1,1,432,433,515.84,0.001939,0.001939,54.79,145.56,14.5977,33633,27.2
20160328_153421_1281_1081,1,0,1,230,229,254.68,0.0,0.003926,13.32,33.99,2.0256,4667,78.36
20160328_153421_1281_361,7,4,2,790,794,938.97,0.00426,0.007455,43.75,132.0,21.8572,50359,38.21
20160328_153421_1281_721,7,5,1,1027,1031,1179.29,0.00424,0.005936,26.94,78.0,19.352,44587,3.69
20160328_153421_1921_361,3,2,1,797,798,900.31,0.002221,0.003332,45.03,130.63,25.9457,59779,173.76
20160328_153421_1_721,2,1,1,701,701,783.43,0.001276,0.002553,12.19,38.38,6.7205,15484,11.38
20160328_153421_641_1,2,1,1,422,422,501.53,0.001994,0.003988,42.62,114.79,12.3168,28378,45.98
20160328_153421_641_721,3,1,1,732,732,838.04,0.001193,0.00358,20.52,86.0,10.671,24586,167.66
20160328_153524_1281_361,5,3,1,738,737,827.71,0.003624,0.006041,33.67,102.79,19.1202,44053,3.03
20160328_153524_1921_361,2,1,1,508,509,566.58,0.001765,0.00353,29.03,99.59,7.1319,16432,6.47
20160328_153524_1921_721,3,2,1,711,713,781.76,0.002558,0.003837,44.59,155.91,15.2999,35251,10.78
20160328_153524_1_721,4,2,1,722,722,830.94,0.002407,0.004814,21.67,66.77,12.6623,29174,168.24
20160328_153524_641_361,7,4,2,724,729,812.67,0.004922,0.008614,18.38,54.0,9.7635,22495,169.85
20160328_153524_641_721,1,0,1,240,239,278.35,0.0,0.003593,17.81,46.35,3.3928,7817,156.44
20160328_153533_1281_1,8,5,2,827,832,961.65,0.005199,0.008319,13.58,52.0,6.9236,15952,30.06
20160328_153533_1281_1081,14,15,2,1370,1386,1572.81,0.009537,0.008901,11.47,50.33,9.4779,21837,142.51
20160328_153533_1281_361,8,7,1,777,784,916.13,0.007641,0.008732,10.63,42.39,5.5629,12817,110.18
20160328_153533_1281_721,11,4,5,703,706,788.43,0.005073,0.013952,9.82,36.0,4.2118,9704,35.27
20160328_153533_1921_1,3,1,1,379,379,427.46,0.002339,0.007018,13.51,38.0,3.9826,9176,76.36
20160328_153533_1921_1081,18,10,6,1270,1280,1435.33,0.006967,0.012541,13.76,52.39,9.6931,22333,29.48
20160328_153533_1921_361,2,0,1,373,372,405.97,0.0,0.004927,11.38,32.76,3.2274,7436,81.24
20160328_153533_1921_721,3,2,1,378,380,407.34,0.00491,0.007365,18.82,48.0,5.6137,12934,92.05
20160328_153533_1_1081,12,9,4,1041,1048,1172.68,0.007675,0.010233,17.49,74.79,9.9783,22990,167.25
20160328_153533_1_361,10,1,5,269,265,299.79,0.003336,0.033356,7.82,20.0,1.3177,3036,95.96
20160328_153533_1_721,2,1,1,376,376,429.43,0.002329,0.004657,10.43,35.19,2.8628,6596,105.42
20160328_153533_641_1,5,4,2,927,933,1024.54,0.003904,0.00488,12.93,42.0,8.4961,19575,178.19
20160328_153533_641_1081,5,0,3,638,635,726.13,0.0,0.006886,11.05,31.58,5.2674,12136,4.93
20160328_153536_1281_1,5,0,3,368,365,444.53,0.0,0.011248,7.67,21.58,2.0777,4787,147.51
20160328_153536_1281_1081,1,0,1,177,176,192.57,0.0,0.005193,18.15,49.54,1.6285,3752,92.45
20160328_153536_1281_361,5,2,2,377,378,423.56,0.004722,0.011805,7.64,25.59,1.648,3797,11.71
20160328_153536_1281_721,5,7,1,950,960,1120.71,0.006246,0.004461,23.24,84.78,14.2279,32781,147.54
20160328_153536_1921_1,4,3,1,448,451,515.2,0.005823,0.007764,20.98,67.15,7.1667,16512,100.09
20160328_153536_1921_1081,3,3,1,403,407,446.35,0.006721,0.006721,15.46,51.94,4.4201,10184,100.7
20160328_153536_1921_361,9,9,1,1128,1141,1267.75,0.007099,0.007099,17.02,77.54,10.6515,24541,171.79
20160328_153536_1921_721,9,6,5,599,602,668.69,0.008973,0.013459,11.05,37.99,4.0,9216,57.88
20160328_153536_1_1081,2,0,2,128,126,134.28,0.0,0.014894,11.25,35.97,0.533,1228,91.0
20160328_153536_1_361,3,6,1,506,517,622.21,0.009643,0.004822,15.69,54.73,5.6944,13120,54.35
20160328_153536_1_721,2,0,1,115,114,140.1,0.0,0.014276,11.71,38.0,0.8919,2055,37.33
20160328_153536_641_1,1,0,1,172,171,202.48,0.0,0.004939,9.75,31.96,1.1892,2740,152.37
20160328_153536_641_1081,9,4,5,1206,1204,1331.99,0.003003,0.006757,15.06,81.11,8.0525,18553,10.1
20160328_153536_641_361,0,0,1,426,425,518.2,0.0,0.0,13.28,39.15,4.7791,11011,123.11
20160328_153536_641_721,8,5,3,1075,1077,1236.06,0.004045,0.006472,15.68,70.0,10.1619,23413,176.48
20160328_153540_1281_1081,0,0,1,80,79,90.6,0.0,0.0,14.46,36.4,0.6115,1409,49.32
20160328_153540_1281_361,5,3,1,503,507,551.74,0.005437,0.009062,23.95,75.99,6.6745,15378,172.82
20160328_153540_1281_721,4,2,2,779,780,885.21,0.002259,0.004519,13.24,46.0,6.4327,14821,30.45
20160328_153540_1921_1,2,0,1,132,131,143.43,0.0,0.013944,24.87,58.0,1.5373,3542,170.78
20160328_153540_1921_1081,9,1,6,505,500,575.8,0.001737,0.01563,12.39,46.0,4.0977,9441,175.65
20160328_153540_1921_361,4,4,1,808,812,934.61,0.00428,0.00428,21.53,65.99,12.513,28830,155.36
20160328_153540_1_361,4,4,1,702,707,798.13,0.005012,0.005012,16.76,58.33,7.7365,17825,173.16
20160328_153540_1_721,3,2,1,211,212,237.68,0.008415,0.012622,12.28,37.15,1.5412,3551,32.01
20160328_153540_641_361,5,4,1,669,674,741.1,0.005397,0.006747,15.63,49.97,7.7031,17748,4.69
20160328_153540_641_721,5,0,5,259,254,287.97,0.0,0.017363,8.24,25.2,1.3403,3088,177.0
20160328_153544_1281_1,0,0,1,140,139,158.47,0.0,0.0,17.0,50.76,1.4887,3430,64.16
20160328_153544_1281_361,10,3,5,547,548,618.42,0.004851,0.01617,20.02,69.91,5.6914,13113,85.42
20160328_153544_1281_721,9,7,2,1094,1102,1234.13,0.005672,0.007293,17.27,58.0,11.5022,26501,7.62
20160328_153544_1921_721,6,5,1,770,772,868.93,0.005754,0.006905,24.26,70.3,14.3563,33077,3.56
20160328_153544_1_1081,3,2,1,612,611,715.38,0.002796,0.004194,8.21,30.0,3.6328,8370,149.77
20160328_153544_1_721,12,7,3,842,868,967.83,0.007233,0.012399,12.52,48.76,6.5859,15174,1.34
20160328_153544_641_1,2,1,1,340,340,404.2,0.002474,0.004948,14.84,43.55,4.0955,9436,54.22
20160328_153544_641_721,9,5,4,847,850,950.65,0.00526,0.009467,24.16,76.0,13.6328,31410,166.26
20160328_153553_1281_361,6,2,2,432,432,488.33,0.004096,0.012287,27.02,81.89,7.6016,17514,179.98
20160328_153553_1281_721,3,3,1,554,554,616.96,0.004863,0.004863,20.56,54.39,6.9405,15991,2.06
20160328_153553_1921_361,2,1,1,620,621,695.97,0.001437,0.002874,21.29,85.91,9.921,22858,3.98
20160328_153553_1921_721,1,0,1,201,200,224.02,0.0,0.004464,20.61,59.94,2.1267,4900,24.0
20160328_153553_1_721,4,2,1,691,693,772.11,0.00259,0.005181,20.48,50.0,11.9214,27467,178.16
20160328_153553_641_1081,2,0,1,363,362,414.61,0.0,0.004824,11.69,31.18,3.6011,8297,105.94
20160328_153553_641_361,2,1,2,361,360,393.55,0.002541,0.005082,18.81,64.0,2.6007,5992,178.41
20160328_153553_641_721,7,6,1,1004,1009,1126.22,0.005328,0.006215,29.26,132.39,13.5812,31291,4.76
20160328_153556_1281_1,4,3,1,456,459,512.85,0.00585,0.0078,28.2,70.0,9.3247,21484,97.65
20160328_153556_1281_1081,3,1,1,394,393,450.58,0.002219,0.006658,28.33,84.36,8.9978,20731,98.91
20160328_153556_1281_361,3,1,1,771,771,845.97,0.001182,0.003546,26.75,72.0,13.6623,31478,144.33
20160328_153556_1281_721,0,1,1,625,625,682.58,0.001465,0.0,31.71,127.59,9.8681,22736,92.44
20160328_153556_1_361,4,1,2,627,626,671.98,0.001488,0.005953,22.05,78.4,7.2131,16619,0.54
20160328_153556_1_721,1,0,2,421,419,446.34,0.0,0.00224,14.36,43.55,2.4171,5569,2.26
20160328_153556_641_361,7,5,1,718,721,803.84,0.00622,0.008708,15.61,66.0,8.2656,19044,179.76
20160328_153559_1281_361,2,0,2,432,430,479.29,0.0,0.004173,15.97,78.69,4.316,9944,3.77
20160328_153559_1281_721,3,2,1,717,718,834.81,0.002396,0.003594,35.93,127.42,19.8303,45689,174.64
20160328_153559_1921_361,4,2,1,666,668,719.78,0.002779,0.005557,33.83,108.25,10.9453,25218,1.43
20160328_153559_1921_721,3,2,2,604,602,655.85,0.003049,0.004574,36.09,123.84,7.2921,16801,0.52
20160328_153559_1_361,6,4,1,734,737,839.72,0.004763,0.007145,24.43,72.73,14.2396,32808,177.23
20160328_153559_641_361,4,3,1,826,829,941.67,0.003186,0.004248,28.74,108.79,15.6202,35989,9.82
20160328_153559_641_721,0,0,1,143,142,156.5,0.0,0.0,24.49,62.0,1.572,3622,8.96
20160328_153612_1281_1,17,12,7,597,608,717.35,0.016728,0.023698,13.95,56.0,4.0916,9427,34.38
20160328_153612_1281_1081,12,8,2,948,954,1066.67,0.0075,0.01125,12.64,45.58,7.1176,16399,1.9
20160328_153612_1281_361,15,14,1,981,1003,1139.28,0.012289,0.013166,11.87,40.79,7.2079,16607,7.17
20160328_153612_1281_721,9,3,3,373,374,445.24,0.006738,0.020214,15.71,63.15,3.1684,7300,61.73
20160328_153612_1921_1081,8,4,4,494,496,603.7,0.006626,0.013252,14.21,51.13,4.8776,11238,49.34
20160328_153612_1921_361,8,6,2,565,572,671.41,0.008936,0.011915,9.87,29.16,3.8121,8783,34.39
20160328_153612_1921_721,7,4,2,243,248,274.51,0.014571,0.0255,17.1,52.34,1.7938,4133,96.72
20160328_153612_641_1,9,5,2,764,771,894.85,0.005588,0.010058,26.57,87.58,13.0104,29976,125.32
20160328_153612_641_1081,12,13,2,1033,1045,1188.73,0.010936,0.010095,16.97,56.0,9.3056,21440,152.63
20160328_153612_641_361,9,8,1,727,734,829.68,0.009642,0.010848,17.08,56.0,7.5534,17403,101.83
20160328_153612_641_721,3,2,1,441,442,509.52,0.003925,0.005888,36.8,104.3,10.8737,25053,107.53
20160328_153616_1281_1081,13,11,2,788,804,953.95,0.011531,0.013628,12.4,45.58,5.9115,13620,141.28
20160328_153616_1281_361,23,10,9,1131,1135,1283.7,0.00779,0.017917,16.33,59.58,10.625,24480,2.33
20160328_153616_1281_721,7,4,3,417,420,475.92,0.008405,0.014708,7.78,22.4,2.23,5138,92.67
20160328_153616_1921_1081,20,5,9,568,567,645.29,0.007748,0.030994,8.2,30.0,2.5373,5846,70.2
20160328_153616_1921_361,19,23,1,1313,1359,1562.38,0.014721,0.012161,19.4,83.91,13.3043,30653,16.82
20160328_153616_1921_721,20,10,6,761,771,893.19,0.011196,0.022392,9.13,38.0,4.0126,9245,121.76
20160328_153616_1_361,23,22,3,1935,1961,2246.81,0.009792,0.010237,11.13,42.0,13.5764,31280,163.22
20160328_153616_1_721,10,11,6,644,666,762.93,0.014418,0.013107,10.45,44.0,3.2865,7572,7.09
20160328_153616_641_1081,22,13,7,1218,1240,1437.99,0.00904,0.015299,8.1,32.36,6.6128,15236,12.1
20160328_153616_641_361,17,15,5,1215,1244,1410.51,0.010634,0.012052,20.59,89.08,13.6003,31335,4.72
20160328_153616_641_721,17,12,6,719,734,829.27,0.014471,0.0205,11.32,40.36,4.7322,10903,164.22
20160328_153623_1281_361,21,15,3,1038,1059,1205.63,0.012442,0.017418,20.57,75.91,12.0547,27774,10.12
20160328_153623_1281_721,5,4,1,222,228,264.87,0.015102,0.018878,14.27,50.4,1.8767,4324,12.19
20160328_153623_1921_361,12,6,4,291,296,340.74,0.017609,0.035218,22.19,76.79,2.5334,5837,8.01
20160328_153623_1921_721,33,32,2,1389,1451,1661.01,0.019265,0.019867,21.87,75.9,15.2431,35120,8.91
20160328_153623_1_361,10,12,2,669,694,826.55,0.014518,0.012099,22.7,79.94,8.8303,20345,169.69
20160328_153623_1_721,6,3,3,406,407,465.4,0.006446,0.012892,14.47,44.0,3.8767,8932,1.54
20160328_153623_641_361,23,25,1,1122,1161,1326.69,0.018844,0.017336,19.38,64.36,12.273,28277,177.54
20160328_153632_1281_361,10,8,5,593,599,664.03,0.012048,0.01506,22.51,82.75,4.4479,10248,2.29
20160328_153632_1281_721,15,9,6,937,942,1049.28,0.008577,0.014295,27.23,112.73,11.2821,25994,5.44
20160328_153632_1921_721,21,24,2,1452,1484,1719.27,0.013959,0.012214,21.67,74.39,17.5851,40516,14.86
20160328_153632_1_721,17,34,2,1382,1449,1671.43,0.020342,0.010171,21.07,72.0,15.2205,35068,171.7
20160328_153632_641_1,15,12,2,551,577,656.94,0.018266,0.022833,11.51,42.34,3.5898,8271,74.32
20160328_153632_641_361,23,24,1,1292,1335,1518.91,0.015801,0.015142,24.52,111.91,14.8628,34244,21.97
20160328_153632_641_721,9,10,3,654,671,770.83,0.012973,0.011676,29.78,106.0,7.4505,17166,176.21
20160328_153645_1281_361,7,7,1,958,965,1095.48,0.00639,0.00639,30.39,100.27,19.694,45375,5.45
20160328_153645_1281_721,5,1,4,165,162,189.34,0.005282,0.026408,27.19,72.71,3.2396,7464,126.03
20160328_153645_1921_361,5,2,2,373,374,427.85,0.004675,0.011686,19.87,66.0,4.6076,10616,5.43
20160328_153645_1921_721,10,10,3,1164,1173,1362.3,0.007341,0.007341,26.6,93.09,19.3763,44643,169.41
20160328_153645_1_361,8,7,1,805,814,918.38,0.007622,0.008711,36.04,130.65,17.5946,40538,1.22
20160328_153645_1_721,1,0,2,386,384,419.62,0.0,0.002383,25.4,74.33,4.997,11513,170.41
20160328_153645_641_361,7,6,1,799,804,910.45,0.00659,0.007688,36.88,123.5,19.526,44988,6.13
20160328_153645_641_721,1,1,1,186,187,198.6,0.005035,0.005035,15.01,41.54,1.0061,2318,179.31
20160328_153654_1281_1,24,4,12,513,505,589.5,0.006785,0.040712,8.74,28.0,2.7661,6373,126.81
20160328_153654_1281_361,3,4,1,341,348,393.15,0.010174,0.007631,15.48,41.15,3.049,7025,171.44
20160328_153654_1281_721,15,14,2,840,855,977.19,0.014327,0.01535,15.08,70.3,7.5677,17436,8.5
20160328_153654_1921_1081,4,2,3,299,298,343.98,0.005814,0.011629,9.31,25.97,1.7626,4061,14.68
20160328_153654_1_361,13,15,2,959,994,1168.8,0.012834,0.011123,14.97,53.2,9.9362,22893,163.49
20160328_153654_1_721,9,7,1,326,338,379.84,0.018429,0.023694,8.3,28.78,1.6554,3814,176.25
20160328_153654_641_361,9,12,1,820,832,938.04,0.012793,0.009594,18.94,67.54,9.7439,22450,1.42
20160328_153654_641_721,13,10,1,803,821,917.51,0.010899,0.014169,13.02,44.0,7.2556,16717,179.11
20160328_153657_1281_1,19,14,4,1118,1133,1300.34,0.010766,0.014612,11.97,47.15,8.4844,19548,168.49
20160328_153657_1281_361,14,4,9,462,462,529.93,0.007548,0.026419,10.04,34.76,2.4518,5649,100.56
20160328_153657_1281_721,19,27,5,1594,1663,1916.08,0.014091,0.009916,17.44,62.72,14.1606,32626,173.96
20160328_153657_1921_1,6,6,2,268,271,312.01,0.01923,0.01923,8.54,27.18,1.3008,2997,109.53
20160328_153657_1921_1081,10,7,1,523,533,587.26,0.01192,0.017028,13.11,41.18,4.7279,10893,7.15
20160328_153657_1921_361,11,7,2,447,452,520.76,0.013442,0.021123,21.69,67.59,5.2018,11985,164.89
20160328_153657_1921_721,7,6,1,587,595,681.16,0.008809,0.010277,17.6,61.12,6.8802,15852,165.24
20160328_153657_1_1,17,32,1,1353,1422,1644.02,0.019465,0.010341,15.79,57.55,11.3077,26053,178.82
20160328_153657_1_1081,36,8,18,854,845,948.55,0.008434,0.037953,10.5,50.36,3.6927,8508,158.99
20160328_153657_1_361,21,15,4,817,842,956.32,0.015685,0.021959,12.5,44.76,5.9627,13738,34.66
20160328_153657_1_721,23,21,7,1453,1470,1663.44,0.012624,0.013827,14.1,50.0,11.6832,26918,2.86
20160328_153657_641_1,22,18,8,1436,1452,1649.17,0.010915,0.01334,12.78,54.0,11.1254,25633,164.34
20160328_153657_641_1081,32,16,11,947,957,1130.14,0.014158,0.028315,7.54,26.79,4.3711,10071,152.79
20160328_153657_641_361,23,19,5,1548,1566,1813.7,0.010476,0.012681,16.99,84.0,13.3615,30785,23.95
20160328_153657_641_721,10,10,4,658,678,805.16,0.01242,0.01242,28.3,71.51,9.0312,20808,168.85
20160328_153702_1281_1,26,31,8,1181,1230,1440.83,0.021515,0.018045,11.84,51.99,6.9657,16049,27.54
20160328_153702_1281_1081,16,35,2,1614,1678,1949.31,0.017955,0.008208,20.93,86.28,12.9397,29813,167.22
20160328_153702_1281_361,32,45,6,1443,1528,1801.38,0.024981,0.017764,14.4,68.71,7.628,17575,142.73
20160328_153702_1281_721,8,10,3,264,278,320.25,0.031226,0.024981,7.25,25.18,0.8325,1918,170.88
20160328_153702_1921_1,14,9,4,602,615,709.03,0.012693,0.019745,11.88,39.18,3.8841,8949,103.43
20160328_153702_1921_1081,6,4,4,230,230,260.24,0.015371,0.023056,8.09,23.97,1.2214,2814,106.83
20160328_153702_1921_361,24,27,9,1663,1712,2003.61,0.013476,0.011978,11.14,54.36,10.0981,23266,173.74
20160328_153702_1921_721,3,3,2,404,408,463.5,0.006472,0.006472,6.66,21.58,1.8963,4369,103.43
20160328_153702_1_1,22,36,6,1226,1319,1530.66,0.023519,0.014373,10.66,43.18,5.4232,12495,49.24
20160328_153702_1_1081,17,25,1,938,984,1105.78,0.022609,0.015374,13.27,54.0,6.2201,14331,67.22
20160328_153702_1_361,29,21,10,1065,1082,1222.83,0.017173,0.023715,8.95,37.56,4.9831,11481,162.15
20160328_153702_1_721,12,10,2,494,500,567.93,0.017608,0.021129,7.37,23.97,2.3121,5327,86.53
20160328_153702_641_1,31,42,8,1214,1309,1514.45,0.027733,0.020469,12.82,62.39,6.7192,15481,138.2
20160328_153702_641_1081,28,33,2,1358,1428,1676.53,0.019684,0.016701,11.96,42.34,9.3216,21477,37.85
20160328_153702_641_361,21,20,5,1075,1104,1260.16,0.015871,0.016665,10.92,53.58,6.2687,14443,68.24
20160328_153702_641_721,30,20,5,1145,1166,1339.97,0.014926,0.022389,19.28,70.79,9.7773,22527,125.79
20160328_153706_1281_1,9,16,4,435,461,536.39,0.029829,0.016779,10.37,37.18,1.7799,4101,83.7
20160328_153706_1281_1081,25,19,3,837,863,978.57,0.019416,0.025548,17.85,83.12,6.6063,15221,90.66
20160328_153706_1281_361,48,52,7,1863,1934,2259.16,0.023017,0.021247,18.72,69.57,13.7127,31594,170.54
20160328_153706_1281_721,24,23,6,1118,1171,1368.58,0.016806,0.017536,18.4,83.14,7.6697,17671,68.54
20160328_153706_1921_1,48,48,7,1704,1783,2066.74,0.023225,0.023225,9.92,46.36,8.8129,20305,167.83
20160328_153706_1921_361,7,2,5,193,189,209.71,0.009537,0.033379,6.59,20.79,0.6775,1561,163.52
20160328_153706_1921_721,23,18,1,948,980,1135.74,0.015849,0.020251,8.58,44.39,4.3845,10102,167.64
20160328_153706_1_361,33,25,3,923,950,1075.09,0.023254,0.030695,7.21,23.97,4.1024,9452,176.54
20160328_153706_641_1,18,9,5,488,502,577.39,0.015587,0.031175,6.95,23.18,1.9926,4591,92.2
20160328_153706_641_1081,17,22,2,671,739,843.38,0.026085,0.020157,8.1,32.0,2.648,6101,86.44
20160328_153706_641_361,44,50,2,1726,1806,2095.54,0.02386,0.020997,12.4,46.79,10.1688,23429,158.98
20160328_153706_641_721,14,11,1,579,610,699.47,0.015726,0.020015,8.8,26.79,3.0595,7049,95.4
20160328_153714_1281_1,1,0,1,232,231,264.55,0.0,0.00378,13.57,36.0,2.4891,5735,104.22
20160328_153714_1281_1081,8,9,3,721,742,860.88,0.010454,0.009293,12.94,43.54,5.3924,12424,37.13
20160328_153714_1281_361,17,7,8,1100,1102,1271.0,0.005507,0.013375,12.52,47.94,9.0043,20746,170.55
20160328_153714_1281_721,11,10,2,1159,1169,1371.14,0.007293,0.008023,15.51,60.39,9.5768,22065,147.34
20160328_153714_1921_1,1,0,1,155,154,171.4,0.0,0.005834,9.5,24.0,1.0156,2340,97.19
20160328_153714_1921_1081,10,5,3,572,583,676.2,0.007394,0.014789,14.5,44.8,5.3906,12420,49.4
20160328_153714_1921_721,2,0,2,449,447,521.14,0.0,0.003838,10.0,29.98,3.1554,7270,25.45
20160328_153714_1_1,10,24,2,1224,1278,1449.48,0.016558,0.006899,11.76,43.55,7.0642,16276,173.16
20160328_153714_1_1081,6,8,8,536,541,624.67,0.012807,0.009605,10.83,32.39,3.6155,8330,156.48
20160328_153714_1_361,7,18,6,835,875,1028.26,0.017505,0.006808,18.13,63.19,6.1137,14086,44.39
20160328_153714_641_1,6,1,4,467,463,544.6,0.001836,0.011017,7.04,34.0,2.0677,4764,144.45
20160328_153714_641_1081,15,8,5,1071,1077,1219.9,0.006558,0.012296,10.18,43.94,6.9909,16107,176.61
20160328_153714_641_361,28,21,11,1294,1320,1497.7,0.014022,0.018695,14.62,54.36,10.6576,24555,176.4
20160328_153714_641_721,4,1,2,383,382,442.89,0.002258,0.009032,7.47,20.38,2.1766,5015,64.55
20160328_153718_1281_1,19,13,3,563,580,669.06,0.01943,0.028398,11.03,41.58,3.6194,8339,82.18
20160328_153718_1281_1081,14,15,1,609,636,728.78,0.020582,0.01921,14.64,45.15,5.4453,12546,75.7
20160328_153718_1281_361,6,6,1,504,515,583.35,0.010286,0.010286,14.71,61.18,4.181,9633,91.33
20160328_153718_1281_721,19,16,2,717,736,872.69,0.018334,0.021772,21.26,69.53,7.8702,18133,70.43
20160328_153718_1921_1,14,12,2,576,590,675.33,0.017769,0.020731,11.41,33.97,4.1562,9576,93.81
20160328_153718_1921_361,13,11,1,509,524,586.55,0.018754,0.022164,11.78,39.15,3.8845,8950,87.56
20160328_153718_1921_721,23,23,6,736,775,892.64,0.025766,0.025766,8.85,28.36,3.5503,8180,93.2
20160328_153718_1_1,17,10,5,455,463,529.27,0.018894,0.032119,6.54,22.79,1.8542,4272,93.32
20160328_153718_1_1081,49,50,13,1666,1760,2054.92,0.024332,0.023845,12.78,51.15,9.1649,21116,143.98
20160328_153718_1_361,33,20,14,615,631,716.33,0.02792,0.046068,6.54,21.97,2.043,4707,107.13
20160328_153718_1_721,25,20,11,1203,1225,1418.02,0.014104,0.01763,8.25,30.37,5.5651,12822,149.64
20160328_153718_641_1081,16,24,1,655,744,884.0,0.027149,0.018099,10.28,40.36,3.1176,7183,26.37
20160328_153724_1281_361,15,9,5,713,730,818.64,0.010994,0.018323,14.91,52.73,5.9727,13761,179.05
20160328_153724_1281_721,5,5,3,522,525,589.62,0.00848,0.00848,18.26,56.0,4.1311,9518,177.33
20160328_153724_1921_361,16,20,1,1012,1045,1197.84,0.016697,0.013357,17.12,64.31,10.1788,23452,173.55
20160328_153724_1921_721,4,2,1,143,142,161.88,0.012355,0.024709,38.82,103.12,2.5951,5979,2.15
20160328_153724_1_1,30,41,7,1189,1287,1476.71,0.027764,0.020315,6.72,24.38,4.4484,10249,21.16
20160328_153724_1_1081,8,5,2,449,452,527.8,0.009473,0.015157,12.52,40.0,3.2552,7500,149.78
20160328_153724_641_1,29,33,3,1211,1289,1482.02,0.022267,0.019568,14.31,51.99,8.1246,18719,122.09
20160328_153724_641_1081,14,21,2,851,886,1042.99,0.020134,0.013423,14.77,49.97,6.6094,15228,158.08
20160328_153724_641_361,12,14,2,718,739,858.71,0.016304,0.013974,12.37,46.35,4.9761,11465,66.6
20160328_153724_641_721,24,24,6,1094,1142,1319.7,0.018186,0.018186,10.7,36.76,6.9766,16074,154.48
20160328_153732_1281_361,2,0,4,286,282,307.27,0.0,0.006509,16.72,49.15,1.947,4486,2.87
20160328_153732_1281_721,12,11,1,809,825,940.15,0.0117,0.012764,23.96,73.18,11.5569,26627,1.99
20160328_153732_1921_361,4,1,6,235,229,268.76,0.003721,0.014883,8.67,35.58,1.1133,2565,172.09
20160328_153732_1921_721,14,10,3,702,714,821.7,0.01217,0.017038,22.62,76.3,9.276,21372,0.43
20160328_153732_1_361,14,13,1,850,867,1000.79,0.01299,0.013989,9.79,31.96,5.9944,13811,9.95
20160328_153732_641_361,25,18,4,1084,1113,1286.14,0.013995,0.019438,18.33,71.51,10.2522,23621,177.34
20160328_153732_641_721,4,3,4,355,356,396.59,0.007564,0.010086,14.05,60.0,2.2743,5240,17.84
20160328_153801_1281_361,11,12,3,1146,1172,1298.34,0.009243,0.008472,27.52,120.0,13.8212,31844,175.36
20160328_153801_1281_721,10,5,3,705,710,755.56,0.006618,0.013235,40.69,105.88,12.3038,28348,0.39
20160328_153801_1921_361,4,1,3,449,447,476.82,0.002097,0.008389,41.67,111.48,7.0065,16143,1.76
20160328_153801_1921_721,7,5,1,788,790,872.84,0.005728,0.00802,45.54,142.6,18.5985,42851,2.38
20160328_153801_1_361,8,6,6,820,821,948.99,0.006322,0.00843,20.27,58.0,12.2786,28290,21.66
20160328_153801_1_721,17,25,3,1392,1428,1659.55,0.015064,0.010244,18.5,67.54,13.8255,31854,152.96
20160328_153801_641_361,9,7,3,882,888,993.62,0.007045,0.009058,30.29,120.0,13.1241,30238,4.24
20160328_153801_641_721,10,16,1,1268,1290,1449.06,0.011042,0.006901,36.46,123.45,18.5725,42791,173.49
20160328_153813_1281_1,3,2,1,725,725,804.94,0.002485,0.003727,15.7,52.79,8.5916,19795,10.21
20160328_153813_1281_1081,7,11,1,908,926,1059.79,0.010379,0.006605,25.62,78.36,13.0004,29953,131.62
20160328_153813_1281_721,2,2,1,679,681,790.77,0.002529,0.002529,33.69,103.86,17.8034,41019,13.92
20160328_153813_1921_1,3,1,1,232,233,270.69,0.003694,0.011083,15.91,47.94,2.0773,4786,27.48
20160328_153813_1921_1081,21,29,3,2366,2404,2804.13,0.010342,0.007489,36.5,157.1,40.1589,92526,13.27
20160328_153813_1921_361,6,2,3,416,415,499.09,0.004007,0.012022,12.55,37.18,3.7713,8689,33.57
20160328_153813_1_1,13,1,7,444,438,504.69,0.001981,0.025758,7.72,26.79,2.1263,4899,135.05
20160328_153813_1_1081,4,3,2,1048,1052,1222.66,0.002454,0.003272,12.52,51.99,9.1089,20987,12.44
20160328_153813_1_361,7,10,1,1098,1115,1271.16,0.007867,0.005507,14.02,49.19,10.668,24579,0.43
20160328_153813_1_721,11,5,5,927,928,1059.31,0.00472,0.010384,13.92,40.0,8.2305,18963,146.18
20160328_153813_641_1,4,7,1,686,699,834.86,0.008385,0.004791,17.16,45.54,8.8112,20301,155.03
20160328_153813_641_1081,8,4,2,690,693,770.87,0.005189,0.010378,11.65,37.99,5.8377,13450,130.9
20160328_153813_641_361,1,0,1,274,273,325.19,0.0,0.003075,17.54,50.33,4.0022,9221,134.15
20160328_153813_641_721,9,8,1,1133,1144,1318.8,0.006066,0.006824,21.89,74.35,17.1918,39610,25.19
20160328_153821_1281_1,25,19,4,1236,1257,1475.29,0.012879,0.016946,22.76,86.0,14.1936,32702,148.77
20160328_153821_1281_1081,24,32,1,1702,1746,2041.75,0.015673,0.011755,13.53,50.0,14.1628,32631,16.77
20160328_153821_1281_361,9,10,1,657,669,784.15,0.012753,0.011477,20.62,60.35,7.1597,16496,91.25
20160328_153821_1281_721,5,1,3,422,419,476.58,0.002098,0.010492,22.87,75.9,5.5894,12878,2.23
20160328_153821_1921_1,13,16,1,848,867,1012.8,0.015798,0.012836,23.99,72.8,10.1645,23419,105.54
20160328_153821_1921_361,11,9,2,498,508,563.5,0.015971,0.019521,11.23,31.96,3.4067,7849,93.81
20160328_153821_1921_721,5,5,1,324,328,360.31,0.013877,0.013877,20.88,66.34,3.1658,7294,96.51
20160328_153821_1_1,20,20,2,742,766,891.92,0.022424,0.022424,14.17,43.94,5.6363,12986,118.24
20160328_153821_1_1081,15,15,2,649,670,783.91,0.019135,0.019135,13.74,42.34,5.0117,11547,76.8
20160328_153821_1_361,7,8,1,428,438,492.26,0.016252,0.01422,13.81,35.97,4.3711,10071,80.44
20160328_153821_1_721,11,9,1,610,622,722.24,0.012461,0.01523,17.59,61.18,6.6788,15388,68.03
20160328_153821_641_1081,5,4,1,394,396,470.14,0.008508,0.010635,16.11,55.97,4.3351,9988,128.32
20160328_153821_641_361,6,2,3,167,166,190.85,0.010479,0.031438,17.13,56.0,1.3798,3179,89.57
20160328_153821_641_721,32,30,2,1601,1651,1922.72,0.015603,0.016643,18.3,69.91,15.0512,34678,152.87
20160328_153845_1281_1,9,7,3,605,611,693.43,0.010095,0.012979,10.62,43.59,4.0148,9250,87.25
20160328_153845_1281_1081,12,17,2,852,875,1015.83,0.016735,0.011813,14.5,61.56,6.066,13976,131.42
20160328_153845_1281_361,9,7,3,873,876,1008.55,0.006941,0.008924,11.47,45.97,6.2878,14487,12.59
20160328_153845_1281_721,22,16,5,1046,1057,1204.05,0.013289,0.018272,7.42,29.98,5.0052,11532,156.23
20160328_153845_1921_361,7,4,3,907,909,1028.29,0.00389,0.006807,9.73,35.19,5.7257,13192,169.54
20160328_153845_1_1,10,10,3,480,505,594.88,0.01681,0.01681,7.28,24.77,2.2049,5080,161.85
20160328_153845_1_361,9,7,3,548,553,625.07,0.011199,0.014398,6.58,28.36,2.0977,4833,8.66
20160328_153845_641_1,24,15,4,983,1006,1165.47,0.01287,0.020593,15.55,60.0,8.4844,19548,31.7
20160328_153845_641_1081,11,7,2,1030,1032,1159.99,0.006035,0.009483,38.68,134.0,21.3555,49203,37.87
20160328_153845_641_361,41,26,16,1760,1779,2071.02,0.012554,0.019797,17.94,82.0,15.7435,36273,170.67
20160328_153845_641_721,17,14,4,1001,1016,1206.12,0.011607,0.014095,25.28,78.79,12.8472,29600,92.77
20160328_153848_1281_1,17,14,6,1312,1327,1475.7,0.009487,0.01152,12.75,60.76,8.5109,19609,22.7
20160328_153848_1281_1081,14,4,8,984,979,1114.03,0.003591,0.012567,13.35,69.18,6.819,15711,11.92
20160328_153848_1281_361,13,12,9,1179,1200,1367.34,0.008776,0.009507,11.39,42.0,8.0968,18655,144.3
20160328_153848_1281_721,3,2,2,664,666,753.81,0.002653,0.00398,10.49,35.97,4.819,11103,80.44
20160328_153848_1921_1,1,1,1,183,182,213.48,0.004684,0.004684,7.15,24.77,0.8043,1853,25.84
20160328_153848_1921_1081,1,1,1,854,854,953.41,0.001049,0.001049,11.37,43.98,6.8056,15680,163.12
20160328_153848_1921_361,2,1,1,564,564,672.94,0.001486,0.002972,10.7,33.56,4.9735,11459,32.04
20160328_153848_1_1,10,4,4,391,391,431.59,0.009268,0.02317,13.11,38.76,3.4097,7856,82.55
20160328_153848_1_1081,15,0,8,373,365,406.84,0.0,0.03687,6.17,21.19,1.4891,3431,9.47
20160328_153848_1_361,3,2,1,592,594,716.19,0.002793,0.004189,15.92,57.12,7.553,17402,38.0
20160328_153848_1_721,4,2,3,259,262,290.58,0.006883,0.013766,8.46,29.97,0.8919,2055,142.69
20160328_153848_641_1,15,10,4,1010,1016,1142.75,0.008751,0.013126,17.54,68.0,10.9852,25310,38.4
20160328_153848_641_1081,17,12,3,1444,1450,1689.83,0.007101,0.01006,19.67,86.8,17.5421,40417,176.59
20160328_153848_641_361,13,5,5,821,820,945.09,0.00529,0.013755,14.71,52.0,7.849,18084,167.83
20160328_153848_641_721,11,9,3,766,783,886.14,0.010156,0.012413,16.12,48.0,8.9462,20612,57.7
20160328_153915_1281_361,15,14,1,984,1002,1139.52,0.012286,0.013163,21.42,63.12,12.8663,29644,176.38
20160328_153915_1921_361,9,4,4,412,413,469.33,0.008523,0.019176,13.4,43.55,2.7287,6287,8.2
20160328_153915_1921_721,24,21,2,1237,1268,1521.08,0.013806,0.015778,35.73,132.0,17.6033,40558,0.46
20160328_153915_1_361,7,6,1,257,265,298.97,0.020069,0.023414,13.79,42.0,1.4727,3393,123.83
20160328_153915_1_721,32,28,3,1224,1256,1456.07,0.01923,0.021977,17.27,55.58,11.3273,26098,164.16
20160328_153915_641_361,21,23,2,1158,1181,1378.99,0.016679,0.015228,23.39,89.17,14.3424,33045,3.57
20160328_153918_1281_721,6,4,1,860,861,980.71,0.004079,0.006118,24.08,71.94,16.8407,38801,166.9
20160328_153918_1921_721,7,7,1,856,866,981.98,0.007128,0.007128,29.83,109.45,17.5087,40340,7.56
20160328_153918_1_361,8,7,1,1073,1080,1272.2,0.005502,0.006288,31.72,110.27,21.0516,48503,24.12
20160328_153918_1_721,2,0,1,73,72,80.28,0.0,0.024911,23.41,69.57,0.6254,1441,23.78
20160328_153918_641_721,5,5,1,847,854,995.66,0.005022,0.005022,25.8,86.0,16.2643,37473,24.64
20160328_154011_1281_1,13,13,2,696,714,820.04,0.015853,0.015853,8.08,27.97,3.8832,8947,164.0
20160328_154011_1281_361,18,17,4,1058,1089,1242.67,0.01368,0.014485,11.52,48.76,7.2378,16676,10.62
20160328_154011_1281_721,12,5,5,384,385,455.42,0.010979,0.02635,7.64,28.36,2.0334,4685,35.33
20160328_154011_1921_1,14,13,1,812,832,945.91,0.013743,0.014801,14.08,46.0,7.1675,16514,13.87
20160328_154011_1921_1081,6,6,2,515,522,607.74,0.009873,0.009873,11.59,37.97,4.1441,9548,26.16
20160328_154011_1921_361,8,6,2,325,341,398.16,0.015069,0.020092,17.55,47.17,3.4015,7837,174.65
20160328_154011_1921_721,1,0,1,334,333,381.88,0.0,0.002619,13.01,34.0,3.2148,7407,25.81
20160328_154011_1_1,15,20,4,1081,1107,1278.48,0.015644,0.011733,26.83,91.09,10.6801,24607,157.2
20160328_154011_1_1081,12,7,3,210,218,249.89,0.028012,0.04802,8.08,20.0,0.7808,1799,83.62
20160328_154011_1_361,17,11,4,980,991,1131.0,0.009726,0.015031,11.29,42.34,6.9926,16111,39.15
20160328_154011_1_721,12,13,2,580,597,675.29,0.019251,0.01777,10.48,30.0,3.8637,8902,77.42
20160328_154011_641_1081,4,3,1,410,412,465.85,0.00644,0.008586,10.82,34.76,2.9418,6778,79.41
20160328_154011_641_361,10,11,1,902,925,1044.71,0.010529,0.009572,17.21,49.94,9.9288,22876,2.73
20160328_154017_1281_1,2,0,1,378,377,468.54,0.0,0.004269,23.54,57.94,8.4015,19357,124.63
20160328_154017_1281_1081,1,0,1,96,95,110.33,0.0,0.009064,36.43,99.46,1.273,2933,58.05
20160328_154017_1281_361,5,4,1,974,975,1068.61,0.003743,0.004679,14.87,50.76,10.2734,23670,10.19
20160328_154017_1281_721,5,4,1,1119,1121,1254.38,0.003189,0.003986,17.42,62.76,11.7695,27117,8.03
20160328_154017_1921_1081,7,4,2,697,697,816.29,0.0049,0.008575,15.4,79.13,6.7587,15572,64.55
20160328_154017_1921_361,1,0,1,368,367,422.92,0.0,0.002365,11.47,30.8,3.4457,7939,23.76
20160328_154017_1921_721,4,2,2,396,396,459.37,0.004354,0.008707,10.95,40.0,3.1128,7172,2.38
20160328_154017_1_1,3,0,2,570,568,653.74,0.0,0.004589,11.74,36.0,4.9536,11413,24.42
20160328_154017_1_1081,5,5,2,824,827,913.57,0.005473,0.005473,13.37,48.33,7.3663,16972,171.98
20160328_154017_1_361,1,0,1,208,207,238.07,0.0,0.004201,11.44,30.8,1.5295,3524,29.1
20160328_154017_1_721,11,5,4,583,587,655.76,0.007625,0.016774,11.08,34.79,4.6337,10676,6.14
20160328_154017_641_1081,1,1,1,320,320,357.28,0.002799,0.002799,14.58,48.0,2.2999,5299,169.26
20160328_154017_641_361,6,2,3,1020,1019,1181.79,0.001692,0.005077,11.56,44.8,8.513,19614,8.15
20160328_154017_641_721,8,4,3,1120,1126,1236.18,0.003236,0.006472,14.12,47.97,9.8876,22781,174.72
20160328_154159_1281_1081,12,6,4,737,741,854.08,0.007025,0.01405,18.33,63.51,7.8511,18089,27.73
20160328_154159_1281_361,6,4,2,783,783,891.94,0.004485,0.006727,28.15,96.66,13.8524,31916,175.74
20160328_154159_1281_721,9,19,1,768,809,907.58,0.020935,0.009916,12.56,50.74,4.4809,10324,101.94
20160328_154159_1921_1081,1,0,1,458,457,527.42,0.0,0.001896,27.95,75.9,10.4983,24188,137.8
20160328_154159_1921_361,5,3,1,713,717,818.48,0.003665,0.006109,22.6,82.69,12.0556,27776,6.6
20160328_154159_1921_721,4,3,2,650,651,764.08,0.003926,0.005235,30.26,83.12,13.8303,31865,136.44
20160328_154159_1_361,17,29,3,1274,1318,1518.07,0.019103,0.011198,27.21,78.0,13.1671,30337,171.87
20160328_154159_1_721,2,1,1,432,431,461.24,0.002168,0.004336,23.76,68.71,3.8381,8843,179.34
20160328_154159_641_361,11,11,1,928,939,1049.6,0.01048,0.01048,28.7,73.91,17.3672,40014,176.58
20160328_154202_1281_1,1,0,1,200,199,224.68,0.0,0.004451,28.38,74.73,2.648,6101,66.08
20160328_154202_1281_1081,20,23,2,1274,1304,1537.62,0.014958,0.013007,26.68,81.2,18.5764,42800,177.76
20160328_154202_1281_361,6,7,1,998,1005,1164.89,0.006009,0.005151,27.97,80.69,20.2148,46575,19.13
20160328_154202_1921_1081,4,4,1,763,766,829.79,0.004821,0.004821,39.0,138.0,14.9379,34417,176.09
20160328_154202_1921_361,2,1,1,108,108,121.25,0.008247,0.016494,16.0,45.14,1.1445,2637,75.45
20160328_154202_1921_721,10,12,3,1062,1097,1235.76,0.009711,0.008092,29.49,127.06,11.6528,26848,31.05
20160328_154202_1_1081,7,4,2,342,345,395.12,0.010124,0.017716,15.68,45.94,3.2595,7510,128.94
20160328_154202_641_1,4,3,2,442,444,541.34,0.005542,0.007389,31.47,110.71,8.6411,19909,59.76
20160328_154202_641_1081,15,16,1,1221,1244,1431.64,0.011176,0.010478,22.65,88.36,16.1897,37301,173.39
20160328_154202_641_361,7,3,2,353,352,419.1,0.007158,0.016702,15.44,56.0,3.2183,7415,139.29
20160328_154202_641_721,12,18,3,611,646,744.58,0.024175,0.016116,19.39,58.33,6.1224,14106,97.36
20160328_154318_1281_361,6,5,4,314,319,360.01,0.013889,0.016666,11.16,36.76,1.4718,3391,17.18
20160328_154318_1281_721,26,29,2,1192,1239,1426.22,0.020333,0.01823,16.29,64.79,10.0165,23078,13.75
20160328_154318_1921_721,15,19,2,960,985,1133.29,0.016765,0.013236,15.18,54.79,9.0812,20923,179.82
20160328_154318_1_1,35,35,2,1644,1714,1968.74,0.017778,0.017778,16.68,56.78,13.7548,31691,3.41
20160328_154318_1_1081,19,14,5,642,653,784.72,0.017841,0.024212,11.34,38.77,4.1298,9515,132.53
20160328_154318_1_721,19,23,1,684,744,871.99,0.026376,0.021789,9.31,43.54,2.8837,6644,134.15
20160328_154318_641_1,31,31,3,1183,1239,1442.79,0.021486,0.021486,14.86,72.71,8.4983,19580,26.56
20160328_154318_641_361,30,23,9,911,943,1091.7,0.021068,0.02748,18.66,84.0,6.7496,15551,76.19
20160328_154318_641_721,27,18,6,901,928,1051.44,0.017119,0.025679,8.64,51.94,3.4818,8022,169.25
20160328_154321_1281_1,2,1,1,169,170,187.4,0.005336,0.010673,19.06,63.15,1.6497,3801,90.26
20160328_154321_1281_361,0,0,2,287,285,300.74,0.0,0.0,18.84,54.0,1.6975,3911,90.68
20160328_154321_1281_721,5,4,2,769,773,875.72,0.004568,0.00571,17.42,52.77,10.2214,23550,5.08
20160328_154321_1921_1081,3,2,1,248,250,278.17,0.00719,0.010785,15.66,50.0,2.6936,6206,77.92
20160328_154321_1921_721,4,5,1,830,837,969.13,0.005159,0.004127,17.67,68.71,10.3602,23870,22.67
20160328_154321_1_721,6,4,2,779,784,883.0,0.00453,0.006795,18.33,57.58,11.023,25397,5.52
20160328_154321_641_1,8,8,3,437,450,508.82,0.015723,0.015723,15.1,42.34,3.2648,7522,77.65
20160328_154321_641_361,5,2,2,427,428,452.44,0.00442,0.011051,21.09,60.0,3.599,8292,126.15
20160328_154321_641_721,17,13,2,907,922,1062.42,0.012236,0.016001,27.76,89.08,17.5169,40359,176.0
20160328_154325_1281_1,1,1,1,292,293,342.71,0.002918,0.002918,17.55,47.54,3.6667,8448,115.92
20160328_154325_1281_361,13,22,2,1454,1482,1691.59,0.013005,0.007685,16.43,56.34,15.3464,35358,152.06
20160328_154325_1281_721,10,6,3,729,734,843.77,0.007111,0.011852,21.96,92.36,8.3138,19155,42.13
20160328_154325_1921_1,3,2,1,251,252,288.04,0.006944,0.010415,18.47,50.33,3.3872,7804,112.18
20160328_154325_1921_1081,5,4,1,454,457,531.56,0.007525,0.009406,11.61,37.99,3.5534,8187,96.16
20160328_154325_1921_721,4,1,2,279,279,305.51,0.003273,0.013093,26.18,89.88,3.553,8186,93.21
20160328_154325_1_361,9,6,4,775,779,864.74,0.006938,0.010408,21.66,63.19,12.2713,28273,172.55
20160328_154325_641_361,3,2,2,663,663,764.9,0.002615,0.003922,18.4,53.98,9.3012,21430,2.66
20160328_154325_641_721,2,1,1,199,200,218.64,0.004574,0.009147,19.76,52.0,2.0174,4648,176.29
20160328_154452_1281_361,2,3,1,733,739,835.93,0.003589,0.002393,25.76,104.36,13.9618,32168,3.22
20160328_154452_1281_721,2,2,1,109,113,132.05,0.015145,0.015145,10.56,32.76,0.6367,1467,4.6
20160328_154452_1921_721,5,11,1,761,781,928.05,0.011853,0.005388,22.32,62.0,13.5503,31220,17.28
20160328_154452_1_361,6,4,2,745,747,852.21,0.004694,0.007041,25.26,71.51,13.3142,30676,174.41
20160328_154452_1_721,1,0,2,152,150,174.44,0.0,0.005733,30.65,72.0,2.987,6882,139.94
20160328_154452_641_361,5,2,2,680,679,748.59,0.002672,0.006679,23.63,64.0,13.6055,31347,179.36
20160328_154454_361_1,4,2,2,132,133,143.36,0.013951,0.027903,9.29,29.16,0.4596,1059,88.5
20160328_154454_361_1921,6,8,2,607,640,785.39,0.010186,0.00764,37.41,118.68,14.5195,33453,119.2
20160328_154454_721_1,11,12,1,913,932,1082.77,0.011083,0.010159,15.0,48.33,8.6359,19897,81.21
20160328_154454_721_1281,13,12,1,952,964,1135.48,0.010568,0.011449,27.67,93.48,17.3377,39946,93.11
20160328_154454_721_1921,3,4,1,413,415,498.67,0.008021,0.006016,28.89,85.09,7.3416,16915,119.2
20160328_154454_721_641,11,12,1,899,913,1058.8,0.011334,0.010389,18.73,60.73,11.7496,27071,78.38
20160329_103609_1_1921,3,0,3,265,262,299.28,0.0,0.010024,14.95,51.94,2.4058,5543,84.14
20160329_103609_361_1,7,8,1,913,926,1068.08,0.00749,0.006554,17.68,68.0,12.0221,27699,96.06
20160329_103609_361_1281,11,12,2,800,815,903.23,0.013286,0.012179,15.97,46.0,7.5829,17471,101.68
20160329_103609_361_1921,15,9,7,1601,1606,1859.91,0.004839,0.008065,15.75,72.0,16.6688,38405,115.48
20160329_103609_361_641,4,3,1,605,610,692.84,0.00433,0.005773,18.91,79.09,7.3255,16878,71.81
20160329_103609_721_1281,3,1,2,283,282,317.62,0.003148,0.009445,13.51,36.0,2.411,5555,101.99
20160329_103609_721_1921,4,1,2,127,127,145.23,0.006886,0.027543,7.85,19.6,0.7569,1744,64.73
20160329_103609_721_641,2,1,1,365,365,393.58,0.002541,0.005082,17.4,49.54,3.349,7716,84.37
20160329_103800_1_641,1,1,1,287,286,306.3,0.003265,0.003265,19.55,68.0,1.7582,4051,89.66
20160329_103800_361_1,7,7,1,1168,1176,1344.17,0.005208,0.005208,20.24,62.36,17.3277,39923,105.44
20160329_103800_361_1281,4,2,2,932,931,1035.8,0.001931,0.003862,26.44,94.0,15.339,35341,62.58
20160329_103800_361_1921,4,3,2,361,364,411.63,0.007288,0.009717,16.01,56.79,3.6901,8502,80.73
20160329_103800_361_641,3,7,3,987,1000,1131.72,0.006185,0.002651,25.81,78.0,14.9045,34340,80.26
20160329_103800_721_1,3,2,2,320,321,363.66,0.0055,0.008249,13.29,35.15,3.3381,7691,79.98
20160329_103800_721_1281,2,1,2,378,377,418.01,0.002392,0.004785,24.22,76.73,5.3038,12220,95.02
20160329_103800_721_1921,4,5,2,785,791,917.34,0.005451,0.00436,29.14,85.58,17.6992,40779,75.61
20160329_103800_721_641,6,4,6,845,850,967.22,0.004136,0.006203,18.17,60.39,9.901,22812,88.86
20160329_111111_361_1281,2,1,3,352,350,371.54,0.002692,0.005383,14.51,51.99,1.9488,4490,87.52
20160329_111111_361_1921,13,17,2,972,1008,1141.79,0.014889,0.011386,12.08,56.0,6.3103,14539,102.14
20160329_111111_361_641,1,0,3,429,426,462.45,0.0,0.002162,15.37,45.96,3.9062,9000,90.54
20160329_111111_721_1,3,4,1,683,688,765.87,0.005223,0.003917,12.77,45.15,6.2969,14508,95.83
20160329_111111_721_1281,4,7,2,766,785,851.27,0.008223,0.004699,17.25,64.39,7.0104,16152,89.26
20160329_111111_721_1921,2,2,3,339,339,375.45,0.005327,0.005327,14.16,36.79,2.3715,5464,98.78
20160329_111111_721_641,4,2,2,487,488,536.88,0.003725,0.00745,20.71,66.0,5.8056,13376,92.46
20160330_165325_1281_1081,5,5,1,477,490,604.32,0.008274,0.008274,9.8,36.0,3.7921,8737,51.84
20160330_165325_1281_361,7,6,2,854,859,998.18,0.006011,0.007013,7.39,24.77,4.635,10679,161.6
20160330_165325_1281_721,12,12,3,1340,1351,1594.56,0.007526,0.007526,9.05,34.0,9.194,21183,170.76
20160330_165325_1921_1081,15,9,3,949,967,1134.76,0.007931,0.013219,8.6,33.56,5.9844,13788,28.51
20160330_165325_1921_361,21,16,6,1487,1526,1801.87,0.00888,0.011655,7.08,25.98,7.4761,17225,167.4
20160330_165325_1921_721,13,13,2,819,841,973.55,0.013353,0.013353,6.82,21.58,3.9145,9019,121.35
20160330_165325_1_721,8,10,1,1240,1250,1419.0,0.007047,0.005638,11.53,44.0,10.7413,24748,173.41
20160330_165325_641_361,5,3,2,544,544,620.63,0.004834,0.008056,7.14,21.58,2.8971,6675,168.11
20160330_165325_641_721,11,15,2,1113,1129,1307.53,0.011472,0.008413,15.6,69.51,10.4106,23986,13.94
20160330_165333_1281_1081,6,4,3,697,698,775.46,0.005158,0.007737,16.66,57.58,6.3238,14570,178.23
20160330_165333_1281_721,3,0,3,430,427,453.1,0.0,0.006621,20.96,78.0,3.9158,9022,179.21
20160330_165333_1921_1081,1,1,3,206,204,220.57,0.004534,0.004534,10.99,33.56,0.819,1887,0.82
20160330_165333_1921_361,6,3,3,574,574,655.19,0.004579,0.009158,12.54,36.79,5.0109,11545,174.68
20160330_165333_1921_721,15,13,8,1465,1495,1707.91,0.007612,0.008783,13.45,69.96,11.1636,25721,155.76
20160330_165333_1_1081,8,7,2,785,792,922.48,0.007588,0.008672,13.83,56.0,7.6237,17565,162.13
20160330_165333_1_721,7,3,4,803,805,914.77,0.00328,0.007652,19.54,67.2,9.1441,21068,17.55
20160330_165333_641_1081,2,1,2,424,424,461.28,0.002168,0.004336,8.99,26.0,2.0677,4764,174.68
20160330_165333_641_721,9,9,2,1056,1064,1228.86,0.007324,0.007324,17.76,62.0,9.5191,21932,18.32
20160330_165644_1281_1081,6,5,5,539,544,630.98,0.007924,0.009509,10.68,38.0,3.4293,7901,174.94
20160330_165644_1281_361,14,15,1,1209,1233,1411.53,0.010627,0.009918,13.87,50.76,10.9405,25207,170.16
20160330_165644_1281_721,9,5,4,746,746,824.7,0.006063,0.010913,11.6,39.15,4.6354,10680,3.32
20160330_165644_1921_361,7,5,3,997,1004,1150.22,0.004347,0.006086,8.82,28.36,6.8116,15694,165.46
20160330_165644_1921_721,11,9,4,1135,1141,1300.89,0.006918,0.008456,13.91,56.0,10.7799,24837,161.4
20160330_165644_1_1081,6,6,2,659,665,757.78,0.007918,0.007918,10.79,36.79,5.0039,11529,173.56
20160330_165644_1_361,2,1,1,193,192,203.18,0.004922,0.009843,13.61,38.0,0.8776,2022,1.3
20160330_165644_1_721,15,14,1,1604,1624,1865.07,0.007506,0.008043,12.96,71.54,12.8225,29543,4.98
20160330_165644_641_1081,4,0,5,236,231,265.38,0.0,0.015073,9.03,27.57,1.3229,3048,105.4
20160330_165644_641_361,6,3,3,260,261,293.31,0.010228,0.020456,11.67,32.0,1.9297,4446,1.48
20160330_165644_641_721,17,11,5,1731,1744,1969.75,0.005584,0.008631,11.83,45.58,14.8121,34127,164.91
20160330_170014_1281_721,7,5,3,783,794,923.23,0.005416,0.007582,6.25,20.0,3.6133,8325,10.09
20160330_170014_1921_721,5,10,1,847,879,977.58,0.010229,0.005115,6.2,20.0,3.487,8034,5.52
20160330_170014_1_361,6,2,2,136,138,161.61,0.012375,0.037126,5.5,15.18,0.6037,1391,99.37
20160330_170014_1_721,8,9,1,726,734,820.16,0.010974,0.009754,8.87,34.0,4.046,9322,3.81
20160330_170014_641_361,7,1,6,586,582,680.17,0.00147,0.010292,5.86,19.18,2.576,5935,173.96
20160330_170014_641_721,3,0,3,228,225,253.99,0.0,0.011811,7.04,24.39,0.8997,2073,138.31
20160330_170114_1281_361,0,0,1,119,118,137.05,0.0,0.0,9.56,26.36,0.7656,1764,22.85
20160330_170114_1281_721,11,6,2,1343,1356,1561.86,0.003842,0.007043,8.11,29.58,8.0729,18600,172.88
20160330_170114_1921_721,1,5,1,880,903,1038.03,0.004817,0.000963,11.03,34.0,7.2435,16689,174.75
20160330_170114_1_721,7,8,3,915,940,1068.41,0.007488,0.006552,9.32,32.79,5.6628,13047,172.1
20160330_170114_641_361,4,2,2,330,331,396.45,0.005045,0.01009,6.16,19.99,1.4766,3402,43.54
20160330_170114_641_721,7,4,3,691,694,808.74,0.004946,0.008655,8.22,32.36,4.3438,10008,12.61
20160330_170201_1281_721,5,3,1,669,671,748.04,0.00401,0.006684,7.05,24.77,3.3872,7804,11.55
20160330_170201_1921_721,3,2,1,676,677,766.06,0.002611,0.003916,9.01,32.0,4.2227,9729,5.97
20160330_170201_1_721,5,6,2,880,887,1011.68,0.005931,0.004942,13.9,57.12,7.3477,16929,166.78
20160330_170201_641_361,0,0,2,209,207,222.33,0.0,0.0,8.54,27.57,0.8082,1862,179.98
20160330_170201_641_721,7,3,4,613,614,684.0,0.004386,0.010234,9.04,35.97,3.6285,8360,0.24
20160330_170256_1281_721,5,4,2,1241,1243,1385.9,0.002886,0.003608,27.34,76.76,27.3828,63090,1.79
20160330_170256_1921_721,1,0,1,659,658,715.16,0.0,0.001398,32.26,76.0,17.3568,39990,8.38
20160330_170256_1_1,2,1,1,177,177,189.84,0.005268,0.010535,22.35,69.94,1.2812,2952,6.37
20160330_170256_1_361,1,1,1,709,709,816.7,0.001224,0.001224,40.21,155.59,19.8247,45676,23.17
20160330_170256_641_361,2,2,1,516,518,584.27,0.003423,0.003423,30.14,114.27,7.3481,16930,9.1
20160330_170256_641_721,13,6,5,1009,1012,1148.69,0.005223,0.011317,23.31,70.0,16.7057,38490,14.2
20160330_170302_1281_1,4,2,1,387,387,439.61,0.00455,0.009099,11.45,34.0,3.4319,7907,104.86
20160330_170302_1281_361,17,11,6,1280,1291,1483.2,0.007416,0.011462,17.83,68.0,14.4071,33194,46.39
20160330_170302_1281_721,13,12,5,1250,1283,1514.13,0.007925,0.008586,24.43,87.88,20.1406,46404,173.39
20160330_170302_1921_1081,3,2,1,260,262,294.72,0.006786,0.010179,27.6,78.0,3.6094,8316,12.07
20160330_170302_1921_721,3,3,1,784,789,867.7,0.003457,0.003457,27.95,86.0,14.6519,33758,12.05
20160330_170302_1_1081,5,3,2,425,429,489.06,0.006134,0.010224,8.19,32.76,2.1237,4893,177.71
20160330_170302_1_721,9,9,6,1006,1017,1168.19,0.007704,0.007704,15.18,51.95,9.8941,22796,21.07
20160330_170302_641_1,14,9,6,628,635,745.18,0.012078,0.018787,17.2,56.33,7.0573,16260,39.59
20160330_170302_641_1081,1,1,1,393,392,434.66,0.002301,0.002301,22.21,76.0,3.9722,9152,179.61
20160330_170302_641_361,3,1,3,178,176,212.45,0.004707,0.014121,19.34,56.0,2.013,4638,90.84
20160330_170302_641_721,12,5,10,813,803,889.98,0.005618,0.013483,16.75,61.18,6.99,16105,153.14
20160330_170308_1281_361,2,1,1,660,659,761.31,0.001314,0.002627,17.54,57.12,10.2496,23615,176.5
20160330_170308_1281_721,8,4,3,750,750,874.26,0.004575,0.009151,17.82,65.18,9.3724,21594,19.92
20160330_170308_1921_1081,4,3,2,523,524,595.24,0.00504,0.00672,23.53,65.94,8.5951,19803,5.3
20160330_170308_1921_361,3,1,1,552,552,614.13,0.001628,0.004885,20.54,57.12,8.8121,20303,9.05
20160330_170308_1921_721,8,3,4,705,703,794.54,0.003776,0.010069,21.97,67.59,9.6597,22256,154.48
20160330_170308_1_361,2,0,1,76,75,84.11,0.0,0.023778,22.41,61.94,0.5994,1381,165.32
20160330_170308_1_721,4,5,1,743,749,855.45,0.005845,0.004676,25.01,68.0,14.3069,32963,163.11
20160330_170308_641_361,11,12,3,1076,1084,1233.53,0.009728,0.008917,23.81,72.71,16.1523,37215,177.17
20160330_170308_641_721,5,0,6,447,441,493.19,0.0,0.010138,12.68,43.16,3.1549,7269,8.57
20160330_170348_1281_361,3,1,2,328,328,377.71,0.002648,0.007943,26.72,84.0,5.2938,12197,19.12
20160330_170348_1281_721,3,7,2,578,601,673.49,0.010394,0.004454,20.52,56.0,6.9023,15903,9.95
20160330_170348_1921_721,3,1,1,678,677,732.5,0.001365,0.004096,26.57,71.94,14.6645,33787,178.22
20160330_170348_1_721,2,0,1,596,595,634.76,0.0,0.003151,27.4,70.0,14.579,33590,6.47
20160330_170348_641_361,1,0,1,416,415,449.79,0.0,0.002223,35.31,95.88,7.3702,16981,166.19
20160330_170348_641_721,2,1,1,553,554,589.21,0.001697,0.003394,34.98,103.12,11.7109,26982,171.53
20160330_170428_1081_641,5,2,1,450,454,541.81,0.003691,0.009228,28.93,73.58,9.9544,22935,158.17
20160330_170428_1_641,4,5,1,480,482,554.49,0.009017,0.007214,20.44,55.53,7.1098,16381,17.92
20160330_170428_361_641,3,4,1,485,500,566.27,0.007064,0.005298,28.26,87.09,8.7713,20209,179.14
20160330_170428_721_641,2,0,1,368,367,421.26,0.0,0.004748,24.1,61.13,7.793,17955,177.16
20160330_170501_1281_361,5,3,1,692,693,763.0,0.003932,0.006553,22.66,88.0,10.5404,24285,175.19
20160330_170501_1281_721,0,0,1,128,127,132.8,0.0,0.0,12.8,32.0,0.5855,1349,0.72
20160330_170501_1921_361,6,4,1,744,747,813.69,0.004916,0.007374,24.64,99.48,10.6675,24578,6.13
20160330_170501_1921_721,1,0,1,244,243,252.94,0.0,0.003953,15.44,64.39,1.3112,3021,2.67
20160330_170501_1_721,11,8,1,830,839,933.44,0.00857,0.011784,16.61,56.73,9.6493,22232,173.34
20160330_170501_641_361,4,3,1,357,359,404.56,0.007415,0.009887,19.84,52.0,4.1641,9594,169.79
20160330_170501_641_721,4,2,2,527,526,576.95,0.003467,0.006933,19.03,55.18,6.5486,15088,173.75
20160330_170504_1281_361,3,3,1,248,256,294.52,0.010186,0.010186,23.49,68.75,4.2426,9775,175.0
20160330_170504_1281_721,2,2,2,628,629,718.47,0.002784,0.002784,28.05,75.9,11.9952,27637,160.23
20160330_170504_1921_361,4,2,1,661,662,725.37,0.002757,0.005514,35.41,137.41,15.076,34735,171.51
20160330_170504_1921_721,0,0,1,197,196,203.46,0.0,0.0,17.07,40.0,1.0955,2524,178.44
20160330_170504_1_361,6,4,1,485,491,549.4,0.007281,0.010921,14.11,43.54,4.7517,10948,14.77
20160330_170504_1_721,5,3,1,410,412,459.22,0.006533,0.010888,15.79,45.54,4.487,10338,15.74
20160330_170504_641_721,10,12,2,891,927,1048.78,0.011442,0.009535,18.04,56.79,11.523,26549,178.16
20160330_170507_1281_361,2,0,3,413,410,432.78,0.0,0.004621,22.68,70.0,3.1298,7211,178.96
20160330_170507_1281_721,3,1,1,641,641,698.16,0.001432,0.004297,19.44,63.19,7.4983,17276,178.14
20160330_170507_1921_721,8,6,2,746,754,852.17,0.007041,0.009388,16.51,48.33,9.7804,22534,11.88
20160330_170507_1_361,6,3,3,586,596,649.85,0.004616,0.009233,16.94,60.0,4.3563,10037,178.95
20160330_170507_1_721,15,12,4,812,822,914.78,0.013118,0.016397,21.99,82.36,7.5004,17281,2.14
20160330_170507_641_361,7,5,3,495,500,566.69,0.008823,0.012352,14.73,43.18,5.467,12596,1.86
20160330_170507_641_721,8,6,1,407,414,472.4,0.012701,0.016935,17.14,47.97,4.4661,10290,10.57
20160330_170848_1281_1,6,4,3,856,856,944.64,0.004234,0.006352,12.93,39.58,8.1762,18838,2.32
20160330_170848_1281_361,2,1,1,386,385,423.52,0.002361,0.004722,17.14,45.94,4.7452,10933,85.85
20160330_170848_1281_721,3,2,1,712,714,777.37,0.002573,0.003859,11.5,28.36,6.3676,14671,179.78
20160330_170848_1921_1,5,2,2,352,353,388.21,0.005152,0.01288,11.85,34.0,3.181,7329,171.38
20160330_170848_1921_361,1,0,1,284,283,311.99,0.0,0.003205,11.95,38.0,1.9128,4407,164.48
20160330_170848_1921_721,2,2,2,594,594,676.84,0.002955,0.002955,12.27,42.0,4.9032,11297,161.13
20160330_170848_1_1,5,4,1,463,466,534.76,0.00748,0.00935,20.98,59.97,7.76,17879,85.97
20160330_170848_1_1081,8,5,3,802,805,908.97,0.005501,0.008801,13.31,45.94,7.8503,18087,170.17
20160330_170848_1_361,2,1,1,451,451,523.07,0.001912,0.003824,22.97,58.76,7.9718,18367,84.36
20160330_170848_1_721,9,8,3,912,919,1074.33,0.007447,0.008377,15.16,56.36,10.1319,23344,73.09
20160330_170848_641_1,4,1,3,216,213,236.2,0.004234,0.016935,11.33,40.76,1.3359,3078,89.25
20160330_170848_641_361,2,0,1,67,66,73.46,0.0,0.027227,16.75,48.0,0.5777,1331,87.3
20160330_170848_641_721,6,10,1,1225,1235,1421.81,0.007033,0.00422,12.05,37.18,10.9206,25161,162.45
20160330_170922_1281_721,5,10,2,1000,1023,1167.97,0.008562,0.004281,8.39,32.39,5.8095,13385,5.96
20160330_170922_1921_1081,3,3,1,572,579,688.35,0.004358,0.004358,7.66,21.58,3.4423,7931,39.39
20160330_170922_1921_721,4,1,2,719,719,827.11,0.001209,0.004836,9.17,27.58,5.2322,12055,4.44
20160330_170922_1_361,14,12,4,999,1021,1167.63,0.010277,0.01199,6.97,21.18,4.9514,11408,1.45
20160330_170922_641_1,3,2,1,377,383,444.3,0.004501,0.006752,6.22,16.8,1.8199,4193,85.14
20160330_170922_641_361,14,8,5,1011,1020,1200.18,0.006666,0.011665,7.67,22.79,6.0256,13883,32.5
20160330_170922_641_721,3,1,3,530,528,628.24,0.001592,0.004775,8.23,26.36,3.4727,8001,21.16
20160330_172305_1281_361,7,5,2,635,640,712.49,0.007018,0.009825,20.87,62.0,9.0169,20775,170.31
20160330_172305_1281_721,2,0,1,632,631,686.09,0.0,0.002915,12.6,36.79,6.1259,14114,176.09
20160330_172305_1921_361,3,4,1,536,545,619.97,0.006452,0.004839,17.74,43.54,7.3685,16977,171.1
20160330_172305_1921_721,2,0,1,604,603,717.74,0.0,0.002787,15.93,45.94,8.7396,20136,23.91
20160330_172305_1_1081,3,7,4,792,819,942.85,0.007424,0.003182,13.22,40.0,8.0156,18468,162.11
20160330_172305_1_721,1,0,2,551,549,626.87,0.0,0.001595,14.33,55.96,5.0651,11670,6.4
20160330_172305_641_361,2,0,1,79,78,98.71,0.0,0.020261,7.9,18.39,0.5104,1176,143.58
20160330_172305_641_721,6,11,1,1075,1104,1290.81,0.008522,0.004648,16.58,53.15,12.9015,29725,157.32
20160402_150105_1281_1081,11,13,1,961,984,1123.18,0.011574,0.009794,6.74,30.39,4.4349,10218,16.29
20160402_150105_1281_361,14,16,1,814,843,986.73,0.016215,0.014188,6.62,21.19,3.8203,8802,17.14
20160402_150105_1921_1081,6,7,2,375,384,449.03,0.015589,0.013362,8.36,30.36,2.0174,4648,24.63
20160402_150105_1921_361,3,3,2,322,325,375.12,0.007997,0.007997,8.53,28.0,1.8685,4305,15.77
20160402_150105_1921_721,5,4,1,433,438,489.78,0.008167,0.010209,5.93,18.39,1.7604,4056,5.13
20160402_150105_1_1,9,15,1,679,703,823.95,0.018205,0.010923,8.03,25.97,3.8646,8904,31.09
20160402_150105_641_1,12,9,2,491,503,591.64,0.015212,0.020283,9.37,43.15,2.4848,5725,26.65
20160402_150105_641_1081,1,1,1,199,200,224.44,0.004456,0.004456,6.69,26.36,0.7951,1832,15.13
20160402_150105_641_361,11,11,3,832,863,1003.0,0.010967,0.010967,8.81,29.59,4.8151,11094,158.89
20160402_150105_641_721,13,13,1,752,781,891.18,0.014587,0.014587,9.14,31.19,4.0586,9351,42.63
20160402_150110_1281_1,6,8,1,548,553,643.71,0.012428,0.009321,8.68,32.76,3.3694,7763,157.44
20160402_150110_1281_1081,5,4,1,342,348,402.68,0.009934,0.012417,12.6,40.36,3.1124,7171,114.54
20160402_150110_1281_361,2,2,1,325,325,377.61,0.005297,0.005297,12.16,45.58,2.6341,6069,151.78
20160402_150110_1921_1,5,3,1,436,439,501.96,0.005977,0.009961,8.09,35.97,2.3173,5339,0.41
20160402_150110_1921_1081,2,1,1,136,137,161.02,0.00621,0.01242,11.57,32.39,1.0078,2322,119.38
20160402_150110_1921_361,5,3,1,231,244,281.28,0.010666,0.017776,6.96,21.97,1.1463,2641,164.72
20160402_150110_1921_721,9,14,1,1040,1079,1277.82,0.010956,0.007043,8.78,34.0,6.1762,14230,141.01
20160402_150110_1_1081,7,5,2,640,645,753.94,0.006632,0.009285,11.34,34.0,5.332,12285,17.12
20160402_150110_1_721,3,1,1,271,270,316.39,0.003161,0.009482,8.48,37.15,1.5221,3507,164.97
20160402_150110_641_1081,3,4,1,408,413,497.09,0.008047,0.006035,10.07,33.97,3.01,6935,121.86
20160402_150110_641_361,8,7,1,405,412,501.47,0.013959,0.015953,10.64,42.0,2.8589,6587,142.87
20160402_150110_641_721,16,15,1,773,801,928.58,0.016154,0.017231,9.6,32.76,4.576,10543,130.88
20160402_150300_1281_721,18,13,3,948,965,1118.26,0.011625,0.016096,10.78,42.36,6.7791,15619,178.62
20160402_150300_1921_721,2,3,1,382,387,444.16,0.006754,0.004503,9.35,31.19,2.589,5965,179.58
20160402_150300_1_721,11,12,1,817,832,953.78,0.012582,0.011533,15.43,61.12,8.2539,19017,163.98
20160402_150300_641_721,12,12,1,880,910,1047.52,0.011456,0.011456,15.41,55.94,9.5399,21980,23.33
20160402_150304_1281_721,13,21,1,1061,1120,1284.44,0.01635,0.010121,15.86,53.54,10.3576,23864,7.41
20160402_150304_1921_721,14,12,1,808,825,953.82,0.012581,0.014678,16.45,56.73,9.0859,20934,176.63
20160402_150304_1_721,18,12,4,935,946,1088.49,0.011024,0.016537,9.92,41.96,6.2153,14320,152.76
20160402_150304_641_721,22,19,2,958,985,1128.73,0.016833,0.019491,13.92,41.96,8.8342,20354,178.18
20160402_150317_1281_361,12,10,3,837,850,944.85,0.010584,0.0127,19.2,62.72,8.6424,19912,174.84
20160402_150317_1281_721,18,13,5,979,988,1137.53,0.011428,0.015824,11.63,60.0,4.691,10808,23.22
20160402_150317_1921_361,7,7,1,578,584,654.83,0.01069,0.01069,17.82,57.94,5.8216,13413,2.72
20160402_150317_1921_721,30,16,9,1065,1077,1255.11,0.012748,0.023902,8.68,36.4,5.8507,13480,175.66
20160402_150317_1_361,4,1,4,249,250,278.99,0.003584,0.014337,10.99,49.18,1.1406,2628,179.87
20160402_150317_1_721,6,7,2,691,695,779.09,0.008985,0.007701,17.02,73.12,6.2122,14313,3.34
20160402_150317_641_361,1,3,1,294,299,333.79,0.008988,0.002996,19.14,63.19,3.3338,7681,177.6
20160402_150317_641_721,11,11,4,708,720,811.54,0.013554,0.013554,15.49,52.33,5.8494,13477,9.76
20160402_150938_1281_1081,21,18,3,872,904,1015.42,0.017727,0.020681,9.34,29.16,5.6957,13123,2.33
20160402_150938_1281_721,13,13,4,829,849,963.74,0.013489,0.013489,11.11,46.39,5.737,13218,15.16
20160402_150938_1921_1081,16,12,3,1172,1186,1343.4,0.008933,0.01191,17.76,74.35,10.3624,23875,16.95
20160402_150938_1921_721,2,1,2,160,158,181.61,0.005506,0.011013,8.74,24.39,0.875,2016,5.57
20160402_150938_1_1,7,8,2,285,295,335.59,0.023838,0.020859,13.21,40.79,2.1133,4869,172.5
20160402_150938_1_361,14,17,2,1063,1102,1301.24,0.013064,0.010759,15.05,47.94,10.046,23146,12.07
20160402_150938_641_361,7,4,2,482,489,563.97,0.007093,0.012412,13.58,41.57,5.1289,11817,18.4
20160402_150938_641_721,8,9,1,783,791,914.85,0.009838,0.008745,13.38,44.8,7.8125,18000,11.28
20160402_150942_1281_721,5,8,1,1099,1111,1269.64,0.006301,0.003938,15.47,50.0,11.6984,26953,15.81
20160402_150942_1921_1081,6,5,2,527,535,617.43,0.008098,0.009718,9.39,30.76,3.4792,8016,19.01
20160402_150942_1921_721,5,7,1,730,738,832.44,0.008409,0.006006,14.53,41.54,8.1697,18823,0.69
20160402_150942_1_361,17,17,2,1090,1115,1260.8,0.013483,0.013483,20.7,58.33,14.2083,32736,7.98
20160402_150942_641_361,15,10,6,737,743,849.45,0.011772,0.017658,17.53,52.0,8.3364,19207,6.62
20160402_150942_641_721,7,6,1,753,759,879.12,0.006825,0.007962,17.36,53.15,7.5612,17421,173.21
20160402_151837_1281_721,3,2,1,685,686,788.72,0.002536,0.003804,9.94,32.0,5.6306,12973,158.83
20160402_151837_1921_361,6,4,2,463,470,544.14,0.007351,0.011026,11.18,42.0,3.4844,8028,1.21
20160402_151837_1921_721,3,2,3,339,339,374.21,0.005345,0.008017,11.09,30.0,2.4392,5620,0.06
20160402_151837_1_721,6,5,1,678,684,768.09,0.00651,0.007812,7.72,25.97,3.7574,8657,1.0
20160402_151837_641_721,6,4,1,686,688,783.68,0.005104,0.007656,8.63,24.0,4.6936,10814,7.22
20160405_171215_1281_361,4,3,2,412,413,473.48,0.006336,0.008448,16.42,49.15,4.9336,11367,21.41
20160405_171215_1281_721,27,22,8,1592,1632,1856.92,0.011848,0.01454,15.33,68.79,14.8303,34169,5.02
20160405_171215_1921_1081,5,7,3,507,526,603.46,0.0116,0.008286,18.61,57.97,5.3789,12393,2.57
20160405_171215_1921_721,16,10,6,911,919,1078.89,0.009269,0.01483,13.84,45.15,8.2956,19113,15.07
20160405_171215_1_1,17,15,4,1489,1515,1739.5,0.008623,0.009773,16.56,65.51,14.6966,33861,28.31
20160405_171215_1_361,12,6,5,704,705,805.24,0.007451,0.014902,12.92,47.58,4.8385,11148,34.44
20160405_171215_641_361,16,9,8,1477,1478,1690.49,0.005324,0.009465,15.29,58.37,14.4861,33376,8.39
20160405_171215_641_721,4,2,1,333,334,387.85,0.005157,0.010313,14.85,45.97,3.7135,8556,22.88
20160405_171219_1281_361,3,2,1,385,385,440.09,0.004545,0.006817,18.77,53.94,5.2391,12071,10.68
20160405_171219_1281_721,16,10,5,877,887,1027.0,0.009737,0.015579,15.12,53.93,9.0451,20840,12.51
20160405_171219_1921_721,10,5,3,942,946,1080.62,0.004627,0.009254,17.45,58.73,12.5556,28928,19.27
20160405_171219_1_361,12,12,4,760,773,881.94,0.013606,0.013606,18.08,71.59,7.0477,16238,17.36
20160405_171219_1_721,13,13,5,788,803,922.29,0.014095,0.014095,17.99,58.0,6.8485,15779,3.61
20160405_171219_641_361,7,1,5,763,759,842.67,0.001187,0.008307,15.86,48.39,9.2027,21203,177.67
20160405_171219_641_721,8,3,3,593,597,690.61,0.004344,0.011584,17.36,77.54,6.9206,15945,74.69
20160405_171333_1281_361,5,1,3,70,68,80.43,0.012434,0.062169,9.49,26.0,0.4484,1033,179.11
20160405_171333_1281_721,29,20,7,1211,1239,1418.77,0.014097,0.02044,10.93,54.0,7.8837,18164,179.61
20160405_171333_1921_721,21,18,2,990,1005,1135.06,0.015858,0.018501,14.18,45.54,8.9527,20627,1.93
20160405_171333_1_361,20,10,7,553,555,621.27,0.016096,0.032192,11.23,46.0,3.8954,8975,13.84
20160405_171333_1_721,18,8,8,596,605,691.98,0.011561,0.026012,11.44,38.38,4.8047,11070,5.33
20160405_171333_641_721,27,17,6,870,887,1009.19,0.016845,0.026754,11.84,40.0,7.2821,16778,0.62
20160405_171336_1281_361,9,8,3,1029,1035,1197.79,0.006679,0.007514,40.84,126.3,23.9944,55283,179.69
20160405_171336_1921_1081,3,2,1,139,141,153.43,0.013036,0.019553,16.17,43.54,0.9262,2134,5.31
20160405_171336_1921_361,2,1,1,291,290,346.75,0.002884,0.005768,46.96,107.99,6.3702,14677,30.29
20160405_171336_1921_721,5,3,2,762,764,922.64,0.003252,0.005419,50.12,126.24,27.2548,62795,35.63
20160405_171336_1_361,6,8,1,890,901,1024.44,0.007809,0.005857,28.86,94.79,13.1081,30201,17.41
20160405_171336_1_721,2,1,2,325,324,344.71,0.002901,0.005802,35.84,113.08,3.7001,8525,6.4
20160405_171336_641_361,4,3,3,710,711,778.1,0.003856,0.005141,37.91,108.34,10.714,24685,171.2
20160405_171336_641_721,3,4,1,640,645,691.81,0.005782,0.004336,40.16,128.63,11.7331,27033,177.75
20160405_171353_1281_721,6,7,1,869,874,1003.65,0.006975,0.005978,20.66,60.74,12.9596,29859,170.96
20160405_171353_1921_361,2,1,1,145,146,155.53,0.00643,0.01286,14.69,39.54,0.829,1910,177.9
20160405_171353_1921_721,6,5,1,690,694,793.0,0.006305,0.007566,22.84,70.3,11.7769,27134,169.13
20160405_171353_1_721,12,10,1,1004,1015,1174.06,0.008517,0.010221,29.31,82.0,17.4366,40174,174.53
20160405_171353_641_721,9,7,2,876,881,1015.21,0.006895,0.008865,27.82,92.0,17.4744,40261,176.76
20160405_171410_1281_361,2,0,2,319,317,338.12,0.0,0.005915,43.86,134.0,4.7374,10915,174.71
20160405_171410_1281_721,15,24,1,1515,1560,1772.08,0.013543,0.008465,42.43,168.0,23.0838,53185,175.16
20160405_171410_1921_361,3,1,1,647,648,681.55,0.001467,0.004402,56.74,153.84,15.4006,35483,179.48
20160405_171410_1921_721,5,3,1,720,721,784.37,0.003825,0.006375,58.86,160.0,16.7439,38578,178.58
20160405_171410_1_361,12,8,4,415,432,504.49,0.015858,0.023787,12.52,45.97,3.0451,7016,167.3
20160405_171410_1_721,10,9,1,1009,1013,1138.09,0.007908,0.008787,26.83,84.0,15.2331,35097,167.41
20160405_171410_641_361,13,7,5,506,507,567.89,0.012326,0.022892,12.07,40.36,3.3446,7706,170.52
20160405_171410_641_721,32,27,7,1506,1540,1778.17,0.015184,0.017996,20.28,84.78,15.8507,36520,5.37
20160405_171431_1281_361,5,4,1,908,911,1031.12,0.003879,0.004849,27.55,92.0,16.6541,38371,6.75
20160405_171431_1921_361,11,9,1,1131,1143,1326.08,0.006787,0.008295,29.06,85.58,19.9497,45964,7.4
20160405_171431_1_1081,7,10,2,877,892,1055.2,0.009477,0.006634,32.85,88.39,17.7812,40968,155.72
20160405_171431_1_721,2,0,2,376,374,442.35,0.0,0.004521,31.3,82.36,8.602,19819,170.42
20160405_171431_641_1,12,9,3,646,652,760.94,0.011828,0.01577,20.43,61.15,8.898,20501,57.84
20160405_171431_641_361,8,8,3,970,979,1178.65,0.006787,0.006787,32.33,95.51,20.7604,47832,152.87
20160405_171431_641_721,2,2,1,379,380,457.46,0.004372,0.004372,32.93,84.39,8.8503,20391,145.36
20160405_171453_1281_1,14,13,3,703,718,838.12,0.015511,0.016704,16.55,46.39,6.5538,15100,98.68
20160405_171453_1281_361,11,10,1,1270,1282,1481.65,0.006749,0.007424,29.71,85.16,23.5846,54339,1.13
20160405_171453_1281_721,3,2,2,155,157,176.88,0.011307,0.01696,9.1,23.58,0.7656,1764,82.44
20160405_171453_1921_1,4,1,3,245,244,282.52,0.00354,0.014158,13.59,34.76,2.5712,5924,8.09
20160405_171453_1921_1081,11,9,1,929,941,1094.26,0.008225,0.010052,33.17,117.04,18.5252,42682,47.25
20160405_171453_1921_361,2,4,1,213,215,251.04,0.015934,0.007967,27.63,80.73,2.4423,5627,7.29
20160405_171453_1921_721,12,9,4,1169,1180,1360.18,0.006617,0.008822,20.9,69.51,13.9935,32241,57.18
20160405_171453_1_1081,6,4,4,320,319,343.44,0.011647,0.01747,12.39,35.19,1.582,3645,0.74
20160405_171453_1_721,13,11,3,1106,1113,1256.32,0.008756,0.010348,33.13,118.0,17.3824,40049,170.0
20160405_171453_641_361,12,15,1,921,952,1108.99,0.013526,0.010821,22.22,69.91,12.1797,28062,164.46
20160405_171453_641_721,15,14,4,947,960,1094.62,0.01279,0.013703,17.45,60.0,11.5812,26683,1.93
20160405_171456_1281_361,4,4,1,863,867,990.85,0.004037,0.004037,21.05,74.3,12.9158,29758,178.45
20160405_171456_1281_721,9,8,1,724,731,838.7,0.009539,0.010731,19.85,64.79,10.0217,23090,37.52
20160405_171456_1921_1081,21,18,3,1425,1448,1696.53,0.01061,0.012378,28.23,87.09,21.0056,48397,165.15
20160405_171456_1921_721,9,7,3,750,757,877.12,0.007981,0.010261,23.09,69.91,9.319,21471,175.62
20160405_171456_1_1,9,8,2,879,898,1046.7,0.007643,0.008598,42.97,122.64,24.5,56448,16.58
20160405_171456_1_361,2,0,1,161,160,190.65,0.0,0.01049,68.31,201.73,4.1914,9657,45.21
20160405_171456_641_361,15,11,2,1078,1092,1243.19,0.008848,0.012066,29.41,86.36,19.9883,46053,20.66
20160405_171712_1281_1,6,2,2,239,238,271.14,0.007376,0.022129,22.22,77.19,2.6758,6165,94.45
20160405_171712_1281_361,18,17,1,1505,1523,1732.18,0.009814,0.010392,27.49,98.79,23.9023,55071,162.15
20160405_171712_1281_721,5,3,4,434,433,492.65,0.00609,0.010149,23.12,76.0,4.2127,9706,7.67
20160405_171712_1921_1,5,3,1,571,573,681.94,0.004399,0.007332,22.06,63.12,10.1966,23493,150.62
20160405_171712_1921_1081,6,4,1,569,571,662.96,0.006034,0.00905,31.42,101.96,12.77,29422,76.77
20160405_171712_1921_721,3,2,1,441,442,508.27,0.003935,0.005902,30.69,86.76,8.6836,20007,64.22
20160405_171712_1_361,13,11,1,1011,1026,1130.38,0.009731,0.011501,34.73,132.63,17.7005,40782,5.69
20160405_171712_1_721,5,4,2,326,329,375.81,0.010644,0.013305,32.36,98.39,4.0642,9364,12.26
20160405_171712_641_361,7,4,2,323,326,354.17,0.011294,0.019765,13.67,45.97,2.4245,5586,165.36
20160405_171712_641_721,11,13,1,926,942,1099.4,0.011825,0.010005,26.06,82.71,14.8364,34183,177.78
20160405_171716_1281_361,4,3,1,342,345,399.26,0.007514,0.010018,19.69,66.0,4.826,11119,17.94
20160405_171716_1281_721,10,10,3,1044,1054,1216.37,0.008221,0.008221,15.48,58.0,11.201,25807,173.38
20160405_171716_1921_721,11,11,1,888,909,1037.82,0.010599,0.010599,21.49,74.0,12.8663,29644,2.84
20160405_171716_1_1081,7,5,1,522,524,608.09,0.008223,0.011512,24.06,60.0,9.02,20782,93.2
20160405_171716_1_361,4,1,3,227,226,253.75,0.003941,0.015763,10.34,33.17,1.2231,2818,178.04
20160405_171716_1_721,11,13,2,1283,1308,1555.29,0.008359,0.007073,21.89,68.71,18.9839,43739,14.81
20160405_171716_641_361,9,9,1,837,845,947.72,0.009496,0.009496,18.76,65.52,11.0269,25406,176.8
20160405_171716_641_721,5,4,2,255,261,294.55,0.01358,0.016975,10.83,40.0,1.7326,3992,18.84
20160405_171723_1281_1,16,17,2,834,880,998.05,0.017033,0.016031,12.09,52.34,6.1944,14272,89.53
20160405_171723_1281_361,14,12,2,865,883,1027.56,0.011678,0.013625,24.91,85.91,11.3763,26211,72.65
20160405_171723_1281_721,18,12,4,1496,1508,1751.97,0.006849,0.010274,25.35,71.16,24.5221,56499,1.71
20160405_171723_1921_1081,11,9,1,886,897,1032.45,0.008717,0.010654,33.12,102.33,18.1593,41839,28.37
20160405_171723_1921_721,5,5,1,446,463,528.86,0.009454,0.009454,31.09,82.75,6.8563,15797,27.79
20160405_171723_1_721,13,12,2,1035,1056,1215.47,0.009873,0.010695,22.73,65.51,15.809,36424,11.51
20160405_171723_641_721,14,15,2,1127,1143,1313.66,0.011419,0.010657,27.23,81.12,17.4948,40308,177.78
20160405_172849_1281_1,38,21,11,1761,1773,2045.55,0.010266,0.018577,7.29,29.58,8.4787,19535,155.66
20160405_172849_1281_1081,14,7,5,742,751,868.64,0.008059,0.016117,10.29,36.36,4.6163,10636,25.72
20160405_172849_1281_361,19,11,11,1355,1360,1572.08,0.006997,0.012086,23.56,95.54,16.5395,38107,17.01
20160405_172849_1281_721,24,13,8,1543,1568,1811.97,0.007175,0.013245,14.43,67.91,11.2912,26015,150.84
20160405_172849_1921_1,4,6,3,483,490,570.36,0.01052,0.007013,13.03,44.0,3.5803,8249,110.31
20160405_172849_1921_1081,10,4,3,612,617,738.78,0.005414,0.013536,12.84,37.15,5.9774,13772,166.25
20160405_172849_1921_361,1,0,1,192,191,198.46,0.0,0.005039,7.72,20.39,1.0924,2517,177.06
20160405_172849_1921_721,8,6,1,855,864,1004.0,0.005976,0.007968,19.87,57.16,12.5091,28821,22.0
20160405_172849_1_1,1,0,1,156,155,159.56,0.0,0.006267,10.72,26.0,0.6115,1409,178.89
20160405_172849_1_1081,3,1,1,356,356,422.27,0.002368,0.007104,25.83,79.56,7.5729,17448,117.06
20160405_172849_1_361,4,4,2,891,895,1011.39,0.003955,0.003955,44.57,164.79,23.9323,55140,7.82
20160405_172849_1_721,5,3,2,525,527,629.31,0.004767,0.007945,24.69,69.51,8.2001,18893,134.78
20160405_172849_641_1081,6,4,1,281,287,332.98,0.012013,0.018019,9.41,28.0,1.9319,4451,178.8
20160405_172849_641_361,9,9,1,1314,1336,1510.8,0.005957,0.005957,29.69,117.91,22.1402,51011,3.26
20160405_172849_641_721,12,9,2,1031,1039,1188.53,0.007572,0.010096,13.92,45.58,10.3012,23734,174.3
20160405_172854_1281_1081,3,1,2,206,205,217.01,0.004608,0.013824,8.32,27.97,0.5308,1223,95.3
20160405_172854_1281_721,10,19,6,1697,1724,1976.26,0.009614,0.00506,24.61,77.15,24.447,56326,179.02
20160405_172854_1921_1,5,2,2,454,455,502.22,0.003982,0.009956,10.99,32.36,3.5499,8179,170.82
20160405_172854_1921_1081,4,3,1,685,689,826.1,0.003632,0.004842,43.88,109.16,23.5664,54297,33.35
20160405_172854_1921_361,16,14,2,1039,1059,1234.63,0.011339,0.012959,10.88,39.2,8.1306,18733,134.54
20160405_172854_1921_721,3,2,2,313,312,384.07,0.005207,0.007811,35.02,100.67,5.4592,12578,84.54
20160405_172854_1_361,7,6,1,985,990,1166.04,0.005146,0.006003,28.42,98.66,19.5152,44963,23.41
20160405_172854_1_721,2,1,1,225,226,262.04,0.003816,0.007633,26.58,60.39,4.0629,9361,34.77
20160405_172854_641_1081,7,6,2,527,530,597.52,0.010042,0.011715,13.97,51.13,4.1476,9556,103.67
20160405_172854_641_721,9,20,3,1432,1467,1717.6,0.011644,0.00524,42.21,109.84,30.5152,70307,14.89
20160405_172908_1281_1,3,1,2,208,207,233.1,0.00429,0.01287,10.44,32.36,1.3863,3194,25.17
20160405_172908_1281_1081,8,2,3,371,369,414.98,0.00482,0.019278,18.95,64.0,4.9349,11370,174.66
20160405_172908_1281_361,2,0,2,58,56,65.53,0.0,0.030522,13.28,34.0,0.526,1212,94.84
20160405_172908_1281_721,25,18,7,1864,1887,2181.09,0.008253,0.011462,21.0,85.97,24.8737,57309,10.47
20160405_172908_1921_1081,6,5,1,752,758,859.48,0.005817,0.006981,21.37,67.16,12.7613,29402,11.19
20160405_172908_1921_721,3,0,2,128,126,142.57,0.0,0.021043,8.77,21.58,0.9049,2085,83.33
20160405_172908_1_1,3,1,1,130,131,160.41,0.006234,0.018702,16.54,44.8,1.7101,3940,24.03
20160405_172908_641_1,26,7,12,1201,1199,1375.45,0.005089,0.018903,26.17,104.69,18.1076,41720,21.67
20160405_172908_641_1081,8,6,3,897,901,1065.44,0.005631,0.007509,25.52,84.69,13.2365,30497,118.18
20160405_172908_641_361,16,9,9,1279,1286,1487.31,0.006051,0.010758,21.35,88.0,15.1619,34933,102.14
20160405_172908_641_721,17,9,7,1415,1413,1633.78,0.005509,0.010405,30.52,134.0,24.1059,55540,175.95
20160407_163125_1281_361,1,0,1,57,56,63.04,0.0,0.015863,16.65,47.94,0.4709,1085,178.24
20160407_163125_1281_721,19,31,3,1365,1407,1617.01,0.019171,0.01175,11.88,34.36,9.7109,22374,173.87
20160407_163125_1921_721,13,11,1,888,899,1041.08,0.010566,0.012487,13.85,43.55,8.5256,19643,1.96
20160407_163125_1_721,13,12,2,845,861,986.09,0.012169,0.013183,13.12,41.58,7.9891,18407,8.62
20160407_163125_641_361,4,3,3,516,517,558.01,0.005376,0.007168,18.59,67.11,4.066,9368,1.46
20160407_163125_641_721,13,11,6,888,899,1022.85,0.010754,0.01271,17.1,58.39,7.1063,16373,177.7
20160407_163515_1281_361,2,0,2,219,217,242.27,0.0,0.008255,19.15,53.15,2.6354,6072,2.8
20160407_163515_1281_721,10,7,4,746,748,869.36,0.008052,0.011503,18.05,70.0,7.4062,17064,4.63
20160407_163515_1921_721,7,7,1,733,738,833.68,0.008396,0.008396,24.29,90.29,13.2057,30426,0.45
20160407_163515_1_361,10,8,1,764,770,894.26,0.008946,0.011182,21.48,70.3,10.9006,25115,175.25
20160407_163515_1_721,1,0,2,137,135,146.6,0.0,0.006821,16.82,57.55,1.3672,3150,177.23
20160407_163515_641_361,6,4,2,643,647,717.83,0.005572,0.008359,12.94,41.96,4.8993,11288,177.85
20160407_163515_641_721,8,7,2,668,674,759.33,0.009219,0.010536,24.42,112.39,7.6493,17624,6.55
20160407_163522_1281_721,8,7,1,809,819,930.84,0.00752,0.008594,19.07,74.74,9.7435,22449,4.56
20160407_163522_1921_721,7,5,1,722,726,810.91,0.006166,0.008632,19.42,68.32,10.5221,24243,173.3
20160407_163522_1_361,5,1,3,176,175,189.08,0.005289,0.026443,8.5,30.76,0.8216,1893,5.47
20160407_163522_1_721,12,8,2,752,766,856.3,0.009343,0.014014,11.01,38.36,5.0768,11697,2.47
20160407_163522_641_361,7,3,3,334,336,377.42,0.007949,0.018547,11.26,33.6,2.0056,4621,177.24
20160407_163522_641_721,10,8,2,775,784,890.45,0.008984,0.01123,13.3,59.19,5.1441,11852,179.11
20160407_164918_1281_721,8,5,2,750,757,863.87,0.005788,0.009261,18.26,58.39,10.3203,23778,2.06
20160407_164918_1921_721,9,12,1,857,879,1027.7,0.011677,0.008757,15.37,56.78,7.9575,18334,156.76
20160407_164918_1_1,6,1,3,260,259,322.79,0.003098,0.018588,8.88,22.4,2.0043,4618,72.35
20160407_164918_1_361,12,8,4,514,519,616.34,0.01298,0.01947,6.46,18.0,2.503,5767,63.59
20160407_164918_1_721,10,7,2,528,539,618.94,0.01131,0.016157,9.65,29.16,3.4084,7853,18.29
20160407_164918_641_721,9,9,1,825,836,939.97,0.009575,0.009575,11.33,36.76,6.6862,15405,12.45
20160407_165009_1281_361,4,2,1,309,313,364.78,0.005483,0.010966,14.74,45.54,2.9193,6726,19.99
20160407_165009_1281_721,11,9,1,735,745,836.13,0.010764,0.013156,13.38,54.0,6.9579,16031,174.6
20160407_165009_1921_1081,0,0,1,111,110,118.28,0.0,0.0,10.89,32.76,0.569,1311,3.64
20160407_165009_1921_721,3,2,2,686,685,769.5,0.002599,0.003899,10.62,43.94,5.2925,12194,176.61
20160407_165009_1_361,7,6,1,836,840,946.04,0.006342,0.007399,16.69,55.18,9.5729,22056,173.57
20160407_165009_1_721,3,2,1,162,164,185.54,0.010779,0.016169,12.56,30.0,1.5317,3529,13.94
20160407_165009_641_1081,1,1,1,101,103,112.53,0.008887,0.008887,13.78,42.79,0.5373,1238,0.12
20160407_165009_641_361,7,5,1,774,779,898.29,0.005566,0.007793,14.98,51.54,8.5998,19814,10.1
20160407_165009_641_721,6,6,2,733,744,847.14,0.007083,0.007083,11.84,55.53,5.8507,13480,4.52
20160407_165210_1281_721,8,6,1,752,756,852.1,0.007041,0.009389,18.45,52.0,11.1098,25597,167.96
20160407_165210_1921_361,3,2,1,131,132,153.54,0.013026,0.019539,17.38,54.0,1.0603,2443,9.49
20160407_165210_1921_721,6,5,1,868,871,1000.65,0.004997,0.005996,20.89,61.99,12.9566,29852,169.52
20160407_165210_1_1081,5,6,2,578,587,669.84,0.008957,0.007464,12.23,39.2,4.7947,11047,9.17
20160407_165210_1_721,10,9,1,904,933,1060.99,0.008483,0.009425,11.11,28.78,7.5647,17429,8.37
20160407_165210_641_721,4,4,1,687,693,783.71,0.005104,0.005104,16.36,57.12,8.8303,20345,0.29
IMG_2917_1297_485,5,1,3,152,151,163.43,0.006119,0.030595,7.43,28.36,0.417,1308,1.42
IMG_2917_1_485,11,9,2,667,679,727.88,0.012365,0.015112,14.68,50.74,3.3335,10455,175.66
IMG_2917_1_969,3,1,1,263,264,282.23,0.003543,0.01063,28.45,80.69,2.493,7819,176.49
IMG_2917_649_485,10,8,1,700,707,774.52,0.010329,0.012911,8.24,24.38,3.0421,9541,1.71
IMG_2930_1297_969,9,9,1,812,822,906.91,0.009924,0.009924,15.83,46.0,6.5178,20442,174.38
IMG_2930_1945_969,7,9,2,773,795,898.55,0.010016,0.00779,21.97,70.0,7.3414,23025,178.18
IMG_2930_1_485,5,2,2,539,538,627.88,0.003185,0.007963,13.23,45.14,3.3106,10383,23.74
IMG_2930_1_969,1,0,1,393,392,449.58,0.0,0.002224,7.32,26.79,1.525,4783,20.76
IMG_2930_649_969,6,6,1,741,747,827.36,0.007252,0.007252,12.61,38.0,4.9657,15574,7.99
IMG_2932_1297_485,8,5,3,349,355,398.91,0.012534,0.020055,10.89,36.36,1.4871,4664,173.02
IMG_2932_1297_969,5,6,1,627,634,718.5,0.008351,0.006959,12.13,39.54,3.5905,11261,177.95
IMG_2932_1945_485,7,5,2,750,755,822.52,0.006079,0.00851,11.19,39.18,3.191,10008,3.88
IMG_2932_1945_969,2,5,1,646,653,705.19,0.00709,0.002836,11.35,40.0,2.8403,8908,179.78
IMG_2932_1_969,1,1,1,698,698,808.18,0.001237,0.001237,10.81,28.0,4.7113,14776,160.43
IMG_2932_649_969,5,3,1,670,672,767.27,0.00391,0.006517,11.63,35.58,4.6963,14729,167.09
IMG_2933_1297_485,8,8,1,741,752,846.85,0.009447,0.009447,10.27,31.58,4.5021,14120,168.64
IMG_2933_1945_485,11,11,1,846,863,985.61,0.011161,0.011161,10.73,36.36,4.5139,14157,170.44
IMG_2933_1_969,8,5,2,524,527,606.53,0.008244,0.01319,11.73,33.97,3.6291,11382,163.5
IMG_2933_649_485,10,7,2,657,664,734.83,0.009526,0.013609,14.25,43.55,4.1753,13095,172.99
IMG_2933_649_969,3,2,3,255,254,283.41,0.007057,0.010585,12.3,40.0,0.931,2920,172.77
IMG_2934_1297_969,11,9,2,754,763,850.81,0.010578,0.012929,10.44,30.0,4.3816,13742,5.7
IMG_2934_1945_485,3,2,1,191,193,215.37,0.009286,0.01393,15.08,38.39,1.3264,4160,179.7
IMG_2934_1945_969,8,7,2,606,610,689.53,0.010152,0.011602,9.6,27.97,3.2576,10217,1.96
IMG_2934_1_969,11,10,1,810,822,919.34,0.010877,0.011965,13.2,42.39,5.6232,17636,173.58
IMG_2934_649_969,8,7,1,818,824,925.48,0.007564,0.008644,11.03,39.15,4.5448,14254,0.15
IMG_2935_1297_485,5,3,1,359,361,406.98,0.007371,0.012286,9.59,25.98,1.7782,5577,7.38
IMG_2935_1297_969,8,7,2,478,483,553.0,0.012658,0.014466,12.58,33.56,2.869,8998,13.77
IMG_2935_1945_485,3,2,1,139,141,155.91,0.012828,0.019242,13.63,45.14,0.6093,1911,7.3
IMG_2935_1945_969,15,12,3,750,759,870.01,0.013793,0.017241,9.13,38.0,3.33,10444,168.47
IMG_2935_1_485,3,2,5,290,286,311.68,0.006417,0.009625,9.33,33.17,0.7831,2456,0.27
IMG_2935_1_969,8,8,2,713,719,808.88,0.00989,0.00989,12.86,51.54,4.0318,12645,179.68
IMG_2935_649_485,2,1,6,157,151,168.81,0.005924,0.011848,14.06,49.54,0.3657,1147,177.39
IMG_2935_649_969,19,12,3,700,712,796.5,0.015066,0.023854,10.29,42.0,3.2474,10185,177.41
IMG_2936_1297_969,29,29,2,1312,1341,1538.99,0.018843,0.018843,10.93,49.97,5.6053,17580,7.48
IMG_2936_1945_485,3,2,1,149,148,171.61,0.011654,0.017481,9.48,24.77,0.6935,2175,151.75
IMG_2936_1945_969,15,11,2,664,681,767.16,0.014339,0.019553,8.87,26.36,2.9742,9328,166.2
IMG_2936_1_969,17,15,1,871,890,1021.31,0.014687,0.016645,8.38,32.76,3.7216,11672,8.08
IMG_2936_649_969,19,17,1,1060,1084,1232.29,0.013795,0.015418,9.63,33.56,4.7731,14970,177.35
IMG_2937_1297_485,13,13,2,701,713,836.02,0.01555,0.01555,10.04,34.38,3.3297,10443,179.73
IMG_2937_1297_969,7,4,4,449,449,496.63,0.008054,0.014095,5.99,21.18,1.1233,3523,4.25
IMG_2937_1945_969,16,15,2,841,854,974.12,0.015398,0.016425,8.26,34.39,3.6696,11509,1.4
IMG_2937_1_485,19,18,1,861,883,999.39,0.018011,0.019012,9.03,37.58,3.4668,10873,179.42
IMG_2937_649_485,13,8,4,800,806,910.38,0.008788,0.01428,8.07,34.0,3.0858,9678,6.23
IMG_2937_649_969,9,8,2,318,328,369.42,0.021655,0.024362,6.72,23.97,0.8924,2799,176.27
IMG_2938_1297_1453,10,5,3,778,783,887.38,0.005635,0.011269,9.11,34.0,3.8287,12008,60.43
IMG_2938_1297_485,9,5,4,713,717,812.68,0.006152,0.011074,8.43,37.95,2.9853,9363,6.67
IMG_2938_1297_969,3,1,1,175,174,194.71,0.005136,0.015407,20.77,63.15,1.5738,4936,82.85
IMG_2938_1945_1,4,2,2,121,119,135.98,0.014708,0.029415,6.44,20.39,0.3549,1113,136.74
IMG_2938_1945_485,15,9,4,726,734,854.95,0.010527,0.017545,7.36,24.38,3.0109,9443,144.84
IMG_2938_1_969,5,3,1,622,626,685.23,0.004378,0.007297,11.42,36.0,4.1447,12999,173.05
IMG_2938_649_485,11,5,3,685,690,764.97,0.006536,0.01438,10.6,36.4,3.8845,12183,174.88
IMG_2938_649_969,3,3,1,464,467,518.78,0.005783,0.005783,11.49,52.76,2.5702,8061,82.2
IMG_2940_1297_485,24,18,4,773,787,900.08,0.019998,0.026664,9.08,31.97,3.1508,9882,0.14
IMG_2940_1945_485,17,15,2,764,779,889.18,0.016869,0.019119,8.04,23.18,3.1314,9821,170.32
IMG_2940_1_969,12,11,1,787,799,896.75,0.012266,0.013382,11.51,35.97,4.5308,14210,171.97
IMG_2940_649_485,8,6,2,693,699,782.67,0.007666,0.010221,8.95,28.0,3.3766,10590,172.64
