image,endpoint_count,branch_point_count,connected_components,graph_nodes,graph_edges,skeleton_length_pixels,branch_density,endpoint_density,average_width_pixels,maximum_width_pixels,crack_coverage_percent,crack_area_pixels,dominant_orientation_degrees,normalized_coverage,normalized_skeleton_length,normalized_max_width,normalized_branch_density,CSI,severity
20160222_081011_1281_721,10,8,1,741,752,858.45,0.009319,0.011649,9.69,34.0,5.5573,12804,3.35,0.3004409097819902,0.5343528756280082,0.2,0.5570316352605388,39.8,Moderate
20160222_081011_1921_721,2,1,1,209,209,226.4,0.004417,0.008834,8.43,22.0,1.3199,3041,178.66,0.034772781775520026,0.04862294546537432,0.06666666666666667,0.26402068171969095,10.35,Low
20160222_081011_1_361,3,2,2,430,430,502.9,0.003977,0.005965,6.39,18.39,2.0226,4660,165.5,0.07882927716187643,0.2611129789911527,0.02655555555555556,0.2377202289334867,15.11,Low
20160222_081011_1_721,9,8,3,805,812,914.31,0.00875,0.009843,5.63,22.0,2.9219,6732,6.76,0.13521181067681923,0.577281241894735,0.06666666666666667,0.5230203679074702,32.55,Moderate
20160222_081011_641_361,3,2,1,326,327,376.29,0.005315,0.007973,4.99,15.18,1.2205,2812,10.33,0.028540797085888844,0.1638132931152077,0.0,0.31769751490608045,12.75,Low
20160222_081011_641_721,7,4,3,503,507,578.66,0.006913,0.012097,7.88,28.0,2.7196,6266,177.3,0.12252840521693606,0.3193344796779989,0.13333333333333333,0.41321597752506756,24.71,Low
20160222_081031_1281_361,6,4,1,719,722,792.83,0.005045,0.007568,18.07,46.74,10.23,23570,0.73,0.5934006166153866,0.48392395700246893,0.34155555555555556,0.30155860069636425,43.01,Moderate
20160222_081031_1921_361,4,3,1,684,684,753.17,0.003983,0.005311,38.65,135.54,12.9106,29746,5.16,0.7614635759617177,0.453445278052623,1.0,0.23807887147148046,61.32,High
20160222_081031_1921_721,1,0,1,374,373,390.4,0.0,0.002561,16.25,51.94,2.2873,5270,0.57,0.09542491445911357,0.17465681706836764,0.3993333333333333,0.0,16.74,Low
20160222_081031_1_721,1,2,1,728,730,856.34,0.002336,0.001168,20.23,59.18,11.533,26572,153.29,0.6750935346293645,0.5327313422799452,0.47977777777777775,0.13963149479221146,45.68,Moderate
20160222_081031_641_361,7,5,1,693,695,774.11,0.006459,0.009043,25.2,107.91,11.7899,27164,175.04,0.6912001429469324,0.46953765165851746,1.0,0.38607869215021146,63.67,High
20160222_081031_641_721,2,0,1,161,160,178.23,0.0,0.011222,36.52,97.09,3.0326,6987,166.53,0.14215226042674048,0.01160433817808048,0.901,0.0,26.37,Low
20160222_081102_1281_361,8,4,3,922,923,1031.11,0.003879,0.007759,6.09,26.0,3.6293,8362,175.83,0.1795629773714379,0.667041950451013,0.1111111111111111,0.23186240081292306,29.74,Moderate
20160222_081102_1281_721,2,2,1,669,670,742.9,0.002692,0.002692,6.27,20.0,2.941,6776,7.45,0.13640930471677853,0.44555279109309415,0.044444444444444446,0.16091095204650396,19.68,Low
20160222_081102_1921_1,2,0,4,199,195,229.79,0.0,0.008703,3.55,8.79,0.4618,1064,111.84,0.0,0.051228157811314234,0.0,0.0,1.28,Low
20160222_081102_1921_1081,5,3,2,594,596,702.04,0.004273,0.007122,5.45,20.38,1.9149,4412,30.31,0.07207691548105874,0.41415191308273863,0.04866666666666666,0.25541326080784227,19.76,Low
20160222_081102_1921_361,8,3,3,530,529,596.52,0.005029,0.013411,7.05,28.0,2.3668,5453,27.32,0.10040924829035781,0.3330598756952517,0.13333333333333333,0.3006022205950477,21.69,Low
20160222_081102_1921_721,3,2,1,667,668,721.43,0.002772,0.004158,7.16,18.78,3.4939,8050,3.17,0.171073935852564,0.42905311290214126,0.030888888888888903,0.16569285255308655,19.92,Low
20160222_081102_1_721,4,2,1,196,198,225.34,0.008876,0.017751,7.02,21.18,0.921,2122,176.76,0.009763338187050457,0.047808336295257416,0.057555555555555554,0.5305518612053377,16.14,Low
20160222_081102_641_361,5,0,3,236,233,266.14,0.0,0.018787,4.33,12.0,0.7092,1634,173.39,0.0,0.07916310435258746,0.0,0.0,1.98,Low
20160222_081102_641_721,2,2,1,705,707,817.6,0.002446,0.002446,6.28,18.78,3.3698,7764,5.54,0.16329335939398024,0.5029596826098235,0.030888888888888903,0.1462066079887625,21.08,Low
20160222_081111_1281_361,5,3,1,481,482,540.82,0.005547,0.009245,7.86,42.0,2.4692,5689,13.92,0.10682932104909254,0.2902544693032595,0.28888888888888886,0.33156502637516994,25.44,Low
20160222_081111_1281_721,3,1,1,237,236,265.82,0.003762,0.011286,6.68,22.0,1.1081,2553,12.35,0.021493764096808938,0.0789171846031182,0.06666666666666667,0.22486887132204605,9.8,Low
20160222_081111_1921_721,3,1,1,666,665,763.58,0.00131,0.003929,5.96,18.0,2.951,6799,2.13,0.13703626494712373,0.46144535490254485,0.022222222222222223,0.07830362079528982,17.48,Low
20160222_081111_1_1,3,1,1,223,222,242.3,0.004127,0.012382,4.72,13.18,0.7114,1639,85.76,0.0,0.06084208301712795,0.0,0.24668629238332906,7.69,Low
20160222_081111_1_361,6,3,2,866,867,1006.18,0.002982,0.005963,4.12,14.0,2.4444,5632,10.35,0.10527445967783647,0.6478832649689239,0.0,0.17824534138286582,23.29,Low
20160222_081111_641_361,3,3,1,687,689,768.53,0.003904,0.003904,4.9,14.0,2.4036,5538,178.3,0.10271646193802811,0.4652494260271473,0.0,0.2333567447212301,20.03,Low
20160222_081113_1281_361,2,1,2,251,250,260.36,0.003841,0.007682,6.3,17.58,0.5603,1291,179.07,0.0,0.07472117887779904,0.017555555555555536,0.22959099807229633,8.05,Low
20160222_081113_1281_721,6,5,2,669,674,742.35,0.006735,0.008082,7.66,26.36,3.076,7087,6.39,0.14487326782643858,0.4451301165236939,0.11511111111111111,0.4025762488979213,27.69,Low
20160222_081113_1921_721,3,1,1,664,665,762.34,0.001312,0.003935,8.73,34.39,4.4006,10139,21.21,0.22792041993796225,0.46049241587335143,0.20433333333333334,0.07842316830795439,24.28,Low
20160222_081113_1_1,1,0,1,182,181,190.53,0.0,0.005249,5.52,18.0,0.4709,1085,89.93,0.0,0.02105687854830499,0.022222222222222223,0.0,1.08,Low
20160222_081113_1_361,15,5,7,475,476,561.33,0.008907,0.026722,4.56,14.39,1.457,3357,7.32,0.04336840653355256,0.30601638824580457,0.0,0.5324048476516385,22.04,Low
20160222_081113_1_721,19,9,5,765,769,906.52,0.009928,0.020959,4.94,14.0,2.7461,6327,8.24,0.12418984982735083,0.5712946329935927,0.0,0.5934338528668986,32.22,Moderate
20160222_081113_641_361,7,4,5,597,596,700.38,0.005711,0.009995,5.16,20.38,2.0625,4752,17.86,0.08133084848095373,0.4128762043823669,0.04866666666666666,0.34136792241366426,22.11,Low
20160222_081113_641_721,4,2,2,346,346,399.02,0.005012,0.010025,5.57,16.0,1.3572,3127,171.8,0.037111343434707574,0.1812812803196957,0.0,0.2995860667373989,12.95,Low
20160222_081908_1281_1,4,1,2,244,243,258.33,0.003871,0.015484,4.9,10.39,0.8346,1923,99.3,0.004346401796868024,0.07316112546710343,0.0,0.23138421076226479,7.72,Low
20160222_081908_1281_1081,8,1,4,240,238,260.37,0.003841,0.030726,4.64,10.79,0.7878,1815,95.88,0.0014122279188525384,0.07472886386996995,0.0,0.22959099807229633,7.64,Low
20160222_081908_1281_361,6,0,3,164,161,179.23,0.0,0.033477,4.32,10.39,0.5022,1157,104.71,0.0,0.012372837395171902,0.0,0.0,0.31,Low
20160222_081908_1281_721,15,14,1,813,834,931.75,0.015025,0.016099,6.18,19.58,3.4145,7867,0.27,0.16609587162362321,0.5906838682408093,0.03977777777777776,0.8981006888925417,42.37,Moderate
20160222_081908_1_1,6,0,3,258,255,274.05,0.0,0.021894,3.0,7.19,0.4405,1015,90.85,0.0,0.08524193315978063,0.0,0.0,2.13,Low
20160222_081908_1_1081,6,0,3,285,282,322.18,0.0,0.018623,3.56,10.39,0.6918,1594,108.98,0.0,0.1222298004783908,0.0,0.0,3.06,Low
20160222_081908_1_361,7,1,3,270,268,283.74,0.003524,0.02467,3.23,8.0,0.5226,1204,83.93,0.0,0.09268869057339651,0.0,0.21064271731496284,7.58,Low
20160222_081908_1_721,9,1,6,311,311,340.41,0.002938,0.026439,3.42,9.99,0.6354,1464,89.65,0.0,0.13623954120596746,0.0,0.17561529610424542,7.8,Low
20160222_081908_641_361,6,3,6,223,219,241.78,0.012408,0.024816,4.7,11.59,0.5681,1309,179.69,0.0,0.0604424634242404,0.0,0.7416727685709589,20.05,Low
20160222_081908_641_721,7,6,3,1153,1157,1331.8,0.004505,0.005256,4.56,15.18,3.3407,7697,10.65,0.16146890512367573,0.8981219800382331,0.0,0.2692807722769318,33.22,Moderate
20160222_082414_1281_1081,3,4,1,605,612,729.22,0.005485,0.004114,10.52,32.79,4.9102,11313,55.31,0.25987031327635307,0.43503972180328354,0.18655555555555556,0.32785905348256844,30.23,Moderate
20160222_082414_1281_361,4,1,2,245,245,280.62,0.003564,0.014254,5.31,17.19,0.8494,1957,141.19,0.0052743029377789056,0.09029097301607127,0.013222222222222236,0.21303366756825412,8.05,Low
20160222_082414_1281_721,3,2,1,477,477,588.42,0.003399,0.005098,9.36,25.2,3.8711,8919,45.94,0.19472287574118455,0.32683503203681114,0.10222222222222221,0.20317099777342756,20.67,Low
20160222_082414_1_361,14,9,3,782,797,913.39,0.009853,0.015327,5.87,28.0,2.4453,5634,14.32,0.10533088609856754,0.5765742226150108,0.13333333333333333,0.5889508211419776,35.1,Moderate
20160222_082414_641_361,11,9,2,880,891,1006.98,0.008938,0.010924,8.19,26.36,4.9431,11389,6.28,0.26193301243418876,0.6484980643425972,0.11511111111111111,0.5342578340979393,39.0,Moderate
20160222_114806_1281_1,13,11,2,881,899,1039.83,0.010579,0.012502,4.59,16.0,2.7743,6392,72.66,0.12595787767692426,0.6737432636240502,0.0,0.6323465682392145,35.8,Moderate
20160222_114806_1281_1081,13,6,4,1122,1128,1271.73,0.004718,0.010222,4.14,14.39,2.8082,6470,9.11,0.12808327285779442,0.8519582320675512,0.0,0.2820125823757079,31.55,Moderate
20160222_114806_1281_361,9,6,3,995,1001,1111.18,0.0054,0.008099,5.07,15.98,3.3472,7712,17.85,0.1618764292734001,0.7285756827635234,0.0,0.32277828419432447,30.33,Moderate
20160222_114806_1281_721,8,6,2,891,896,1009.91,0.005941,0.007922,5.08,17.18,2.6428,6089,8.67,0.117713350647885,0.6507497670486749,0.013111111111111108,0.3551158863700892,28.42,Moderate
20160222_115219_1281_361,2,2,1,363,370,458.23,0.004365,0.004365,5.46,17.18,1.5642,3604,42.57,0.05008942020285298,0.22678411896367887,0.013111111111111108,0.2609124463904123,13.77,Low
20160222_115219_1281_721,10,3,4,469,470,554.5,0.00541,0.018034,5.26,17.18,1.799,4145,35.98,0.064810446411358,0.30076753859307015,0.013111111111111108,0.3233760217576473,17.55,Low
20160222_115219_1921_1081,2,0,1,217,216,245.41,0.0,0.00815,4.2,9.99,0.6319,1456,8.23,0.0,0.06323211558228227,0.0,0.0,1.58,Low
20160222_115219_641_1,4,2,1,468,469,547.29,0.003654,0.007309,7.02,24.79,2.6623,6134,54.73,0.11893592309705814,0.2952266592378409,0.09766666666666665,0.21841330563815956,18.26,Low
20160222_115219_641_361,3,1,2,169,169,199.24,0.005019,0.015057,6.37,16.8,0.7682,1770,26.86,0.00018338586737597182,0.027750506729171287,0.008888888888888898,0.3000044830317249,8.42,Low
20160222_115233_1281_361,3,1,1,442,442,499.99,0.002,0.006,6.7,21.58,2.2908,5278,10.46,0.09564435053973437,0.2588766462694167,0.06199999999999998,0.11954751266456462,13.4,Low
20160222_115233_1281_721,1,1,1,239,239,284.98,0.003509,0.003509,5.42,14.0,0.9635,2220,21.29,0.012427919166017506,0.09364162960258988,0.0,0.2097461109699786,7.9,Low
20160222_115233_1921_721,2,0,1,640,639,713.14,0.0,0.002804,8.44,22.0,4.4614,10279,179.69,0.23173233813846103,0.42268225439245344,0.06666666666666667,0.0,18.03,Low
20160222_115233_1_361,13,5,7,773,774,907.38,0.00551,0.014327,4.7,14.0,2.4622,5673,24.3,0.10639044888785092,0.5719555423202913,0.0,0.3293533973908755,25.19,Low
20160222_115233_1_721,4,1,3,214,212,250.11,0.003998,0.015993,4.92,14.0,0.7869,1813,173.55,0.0013558014981214775,0.06684406190261197,0.0,0.23897547781646464,7.68,Low
20160222_115233_641_361,11,5,3,716,723,808.74,0.006182,0.013601,6.92,24.39,3.2847,7568,172.52,0.15795792783374266,0.49615077954639347,0.09322222222222223,0.3695213616461692,27.92,Moderate
20160222_115324_1281_1,4,0,2,289,287,322.62,0.0,0.012398,4.58,12.0,0.987,2274,97.79,0.013901275707328697,0.12256794013391102,0.0,0.0,3.41,Low
20160222_115324_1281_361,6,5,2,530,538,634.51,0.00788,0.009456,5.33,17.18,1.9119,4405,135.74,0.07188882741195518,0.36225516095255483,0.013111111111111108,0.4710171998983846,22.96,Low
20160222_115324_1281_721,8,6,2,323,332,380.05,0.015787,0.02105,15.99,64.33,2.0907,4817,105.72,0.08309887633052716,0.16670285017147143,0.537,0.9436482912177407,43.26,Moderate
20160222_115324_1_1,8,3,3,696,697,793.51,0.003781,0.010082,4.53,14.39,2.0885,4812,34.67,0.0829609450798512,0.48444653647009106,0.0,0.2260045726923594,19.84,Low
20160222_115324_641_1081,6,4,1,415,420,465.15,0.008599,0.012899,18.31,46.74,5.4579,12575,87.3,0.2942089250923591,0.2321021335459515,0.34155555555555556,0.5139945307012956,34.55,Moderate
20160222_115324_641_361,3,3,1,576,579,693.74,0.004324,0.004324,6.85,21.58,2.9596,6819,42.78,0.1375754507452206,0.40777336958087984,0.06199999999999998,0.2584617223807887,21.65,Low
20160222_115324_641_721,4,5,2,443,447,531.09,0.009415,0.007532,7.17,30.8,2.0052,4620,64.21,0.07773836636107578,0.28277697192095996,0.16444444444444445,0.5627699158684379,27.19,Low
20160222_115519_641_1,4,2,1,366,367,403.87,0.004952,0.009904,7.24,28.36,1.7986,4144,83.26,0.0647853680021442,0.18500850152258913,0.13733333333333334,0.295999641357462,17.08,Low
20160222_115519_641_1081,5,3,1,382,386,425.35,0.007053,0.011755,9.43,34.38,2.5764,5936,93.75,0.11355033471839297,0.2015158647057129,0.20422222222222225,0.4215843034115871,23.52,Low
20160222_115519_641_361,3,2,1,395,397,444.63,0.004498,0.006747,7.32,25.97,1.9431,4477,86.43,0.07384494333063218,0.2163325296112355,0.11077777777777777,0.2688623559826058,16.75,Low
20160222_115519_641_721,4,4,1,440,448,517.59,0.007728,0.007728,5.18,18.0,1.4661,3378,98.96,0.04393894034316668,0.2724022324902257,0.022222222222222223,0.46193158893587766,20.01,Low
20160222_115620_1281_1,7,1,4,294,292,317.68,0.003148,0.022035,5.95,24.0,0.7682,1770,91.72,0.00018338586737597182,0.1187715540014794,0.08888888888888889,0.18816778493402472,9.9,Low
20160222_115620_641_1081,7,4,2,420,424,486.55,0.008221,0.014387,7.37,21.19,2.056,4737,70.17,0.08092332433122935,0.24854801679170796,0.05766666666666668,0.4914000508076928,21.96,Low
20160222_115620_641_721,8,1,5,509,506,561.09,0.001782,0.014258,4.97,18.0,1.6024,3692,97.64,0.0524844082827716,0.30583194843370265,0.022222222222222223,0.10651683378412706,12.18,Low
20160222_115714_1281_1081,4,2,1,439,441,510.59,0.003917,0.007834,4.92,16.8,1.526,3516,107.08,0.04769443212293436,0.26702273797058573,0.008888888888888898,0.23413380355354982,13.94,Low
20160222_115714_1281_721,3,0,2,400,398,448.95,0.0,0.006682,3.91,10.39,1.0312,2376,80.9,0.016672439925454426,0.21965244622907046,0.0,0.0,5.91,Low
20160222_115714_641_1,5,1,2,269,268,306.52,0.003262,0.016312,3.63,9.99,0.6593,1519,82.83,0.0,0.1101951027387391,0.0,0.1949819931559049,7.63,Low
20160222_115714_641_361,8,4,3,460,461,537.63,0.00744,0.01488,4.25,12.0,1.3576,3128,81.63,0.03713642184392138,0.2878029568007378,0.0,0.4447167471121804,19.24,Low
20160222_115738_1281_1,0,0,2,176,174,195.12,0.0,0.0,4.5,12.0,0.4679,1078,88.66,0.0,0.02458428995475462,0.0,0.0,0.61,Low
20160222_115738_1281_1081,7,1,4,519,516,593.46,0.001685,0.011795,4.65,14.79,1.6562,3816,79.13,0.05585745432202871,0.330708268090952,0.0,0.1007187794198957,12.18,Low
20160222_115738_1281_361,3,1,1,304,304,334.65,0.002988,0.008965,4.49,13.18,0.9076,2091,85.14,0.008923211478387899,0.1318129857155208,0.0,0.17860398392085955,7.98,Low
20160222_115738_1281_721,2,1,1,376,377,430.02,0.002325,0.004651,5.45,20.79,1.4023,3231,98.57,0.039938934073564386,0.2051047560495298,0.05322222222222221,0.13897398347255635,10.93,Low
20160222_115738_641_1081,10,0,7,413,406,446.59,0.0,0.022392,3.94,11.59,0.9653,2224,98.8,0.012540772007479642,0.21783878807673468,0.0,0.0,5.76,Low
20160222_115805_641_1,5,3,1,385,388,434.39,0.006906,0.01151,7.06,20.0,2.0573,4740,83.28,0.08100482916117424,0.20846309762821932,0.044444444444444446,0.41279756123074157,18.67,Low
20160222_115805_641_1081,6,0,3,525,522,586.62,0.0,0.010228,3.71,10.0,1.2561,2894,85.07,0.03077277550591772,0.3254517334460466,0.0,0.0,8.91,Low
20160222_115805_641_361,1,1,1,429,430,487.58,0.002051,0.002051,4.12,11.2,1.2153,2800,81.81,0.028214777766109356,0.2493395709853121,0.0,0.12259597423751101,10.0,Low
20160222_115805_641_721,4,1,2,367,367,408.84,0.002446,0.009784,5.1,12.79,1.3685,3153,95.07,0.03781980849499764,0.18882794263153346,0.0,0.1462066079887625,9.32,Low
20160222_115828_641_1,7,2,3,371,371,417.81,0.004787,0.016754,5.23,14.39,1.3707,3158,101.46,0.03795773974567358,0.19572138060884356,0.0,0.2861369715626354,13.0,Low
20160222_115828_641_1081,1,0,1,331,330,379.71,0.0,0.002634,7.62,29.16,1.691,3896,81.35,0.05803927592362997,0.1664415604376603,0.14622222222222223,0.0,9.27,Low
20160222_115828_641_361,3,2,1,428,430,505.8,0.003954,0.005931,5.63,16.8,1.7287,3983,67.34,0.06040291599203133,0.26334162672071787,0.008888888888888898,0.23634543253784424,14.22,Low
20160222_115828_641_721,3,3,1,410,415,478.79,0.006266,0.006266,6.84,24.39,1.6133,3717,76.51,0.05316779493384785,0.24258446286707852,0.09322222222222223,0.37454235717808093,19.09,Low
20160222_115833_1281_1081,4,1,2,263,263,312.29,0.003202,0.012809,6.7,23.97,1.0747,2476,33.85,0.019399716927456002,0.11462934322135664,0.08855555555555554,0.19139556777596795,10.35,Low
20160222_115833_1281_361,6,2,3,146,146,169.61,0.011792,0.035375,7.18,22.0,0.6233,1436,24.54,0.0,0.004979874926752433,0.06666666666666667,0.704852134670273,19.41,Low
20160222_115833_1281_721,9,5,3,556,559,663.8,0.007532,0.013558,5.11,21.19,1.8181,4189,45.05,0.06600794045131732,0.3847645030211626,0.05766666666666668,0.4502159326947503,23.97,Low
20160222_115833_1921_1081,2,2,1,402,403,485.84,0.004117,0.004117,4.48,17.58,1.1211,2583,47.98,0.022308812396257677,0.24800238234757302,0.017555555555555536,0.24608855482000624,13.35,Low
20160222_115833_641_1,12,2,6,413,410,492.43,0.004062,0.024369,4.89,15.98,1.2439,2866,70.04,0.03000788402489659,0.25306679218820555,0.0,0.2428009982217307,13.15,Low
20160222_115833_641_361,9,4,3,490,493,567.14,0.007053,0.015869,5.82,20.0,1.9536,4501,39.01,0.07450325157249463,0.3104813686971057,0.044444444444444446,0.4215843034115871,21.28,Low
20160222_115843_1281_1,5,3,1,370,374,419.98,0.007143,0.011905,8.35,29.16,2.135,4919,96.66,0.08587631015095633,0.19738902390993196,0.14622222222222223,0.4269639414814925,21.41,Low
20160222_115843_1281_361,6,1,3,360,358,411.43,0.002431,0.014583,4.77,18.0,1.0373,2390,107.27,0.017054885665965004,0.19081835560380028,0.022222222222222223,0.14531000164377827,9.39,Low
20160222_115843_1281_721,2,2,1,225,227,254.75,0.007851,0.007851,4.86,13.18,0.7153,1648,100.61,0.0,0.07040989826991616,0.0,0.4692837609647484,13.49,Low
20160222_115843_641_1081,4,0,2,349,347,386.76,0.0,0.010342,4.86,14.39,1.1454,2639,86.05,0.023832325755996482,0.17185947991815487,0.0,0.0,4.89,Low
20160222_115847_1281_1,10,5,5,424,426,498.49,0.01003,0.020061,5.59,19.99,1.4826,3416,108.98,0.04497342472323624,0.25772389744377955,0.044333333333333315,0.5995307760127916,23.66,Low
20160222_115847_1281_361,6,2,3,182,182,209.75,0.009535,0.028605,4.79,17.58,0.454,1046,108.9,0.0,0.035827433500802135,0.017555555555555536,0.5699427666283118,15.58,Low
20160222_115847_641_1081,5,2,2,370,371,420.29,0.004759,0.011897,4.52,14.0,1.0299,2373,98.19,0.01659093509550956,0.1976272586672303,0.0,0.2844633063853315,12.47,Low
20160222_115847_641_361,3,1,2,214,213,252.35,0.003963,0.011888,4.45,13.18,0.6128,1412,120.19,0.0,0.06856550014889674,0.0,0.2368833963448348,7.64,Low
20160222_115847_641_721,6,3,2,399,402,466.2,0.006435,0.01287,3.84,12.0,0.9957,2294,119.0,0.014446731107729014,0.2329090577238975,0.0,0.3846441219982366,15.8,Low
20160222_115858_641_1,15,2,8,378,373,430.99,0.00464,0.034804,3.0,9.99,0.6719,1548,50.25,0.0,0.2058502002901085,0.0,0.2773502293817899,12.08,Low
20160222_115858_641_1081,7,5,2,385,388,445.58,0.011221,0.01571,3.81,12.0,0.9735,2243,101.8,0.013054879396362695,0.21706260386747234,0.0,0.6707213198045398,22.52,Low
20160222_115858_641_361,14,2,6,316,312,364.61,0.005485,0.038398,3.03,8.0,0.5586,1287,56.22,0.0,0.15483722225957988,0.0,0.32785905348256844,12.07,Low
20160222_115858_641_721,9,1,5,325,320,359.76,0.00278,0.025016,4.57,19.99,0.796,1834,95.24,0.0019263353077355989,0.15111000105668645,0.044333333333333315,0.1661710426037448,9.09,Low
20160222_163930_1281_361,2,1,1,556,556,601.15,0.001663,0.003327,16.35,66.0,4.2726,9844,0.77,0.21989532898954384,0.33661802707038496,0.5555555555555556,0.09940375678058547,30.29,Moderate
20160222_163930_1281_721,2,2,3,612,611,658.63,0.003037,0.003037,20.64,62.36,5.0851,11716,8.69,0.2708358477050904,0.3807913620688,0.5151111111111111,0.18153289798114136,33.71,Moderate
20160222_163930_1921_1081,7,10,2,572,586,726.42,0.013766,0.009636,13.47,50.33,4.9188,11333,50.19,0.26040949907444993,0.43288792399542747,0.3814444444444444,0.8228455296701982,47.44,High
20160222_163930_1921_721,6,5,2,1082,1085,1257.31,0.003977,0.004772,16.53,55.14,12.7122,29289,4.45,0.7490246849916692,0.8408764733570928,0.4348888888888889,0.2377202289334867,56.56,High
20160222_163930_1_1,9,3,4,814,814,928.74,0.00323,0.009691,4.04,12.0,2.1159,4875,13.54,0.08467881611099702,0.5883706855973642,0.0,0.19306923295327183,21.65,Low
20160222_163930_1_1081,5,1,3,935,934,1045.84,0.000956,0.004781,4.14,12.0,2.5777,5939,30.91,0.11363183954833785,0.6783619439187697,0.0,0.05714371105366189,21.23,Low
20160222_163930_1_361,17,14,8,1654,1680,1919.42,0.007294,0.008857,5.93,30.36,5.2839,12174,11.66,0.28329981708435276,1.0,0.15955555555555556,0.43598977868766714,46.97,High
20160222_163930_1_721,9,8,3,1284,1293,1439.63,0.005557,0.006252,7.4,32.76,5.0829,11711,152.77,0.2706979164544145,0.9809892506172011,0.1862222222222222,0.3321627639384928,44.25,Moderate
20160222_163930_641_1,11,7,3,916,923,1058.03,0.006616,0.010397,5.42,20.0,3.3507,7720,177.58,0.1620958653540209,0.6877299493751142,0.044444444444444446,0.39546317189437974,32.24,Moderate
20160222_163930_641_361,9,4,6,1288,1287,1469.67,0.002722,0.006124,5.95,22.0,4.6545,10724,5.96,0.24383894018642657,1.0,0.06666666666666667,0.16270416473647245,36.83,Moderate
20160222_163930_641_721,3,2,1,231,231,253.37,0.007894,0.011841,13.29,42.34,1.908,4396,3.52,0.07164431292212056,0.06934936935033,0.2926666666666667,0.4718540324870365,22.64,Low
20160222_164021_1281_1,7,5,2,537,541,618.46,0.008085,0.011318,7.57,28.0,2.3455,5404,75.11,0.09907382299972256,0.34992074851823757,0.13333333333333333,0.48327081994650245,26.64,Low
20160222_164021_1281_361,11,10,1,578,590,683.61,0.014628,0.016091,10.08,37.56,3.2821,7562,114.94,0.1577949181738529,0.39998847251174374,0.23955555555555558,0.8743705076286256,41.79,Moderate
20160222_164021_641_1081,5,3,3,376,380,420.59,0.007133,0.011888,6.44,16.8,1.6949,3905,97.64,0.0582837904134646,0.19785780843235767,0.008888888888888898,0.42636620391816965,17.28,Low
20160222_164021_641_361,2,3,2,104,105,122.81,0.024428,0.016285,9.7,23.97,0.5352,1233,88.92,0.0,0.0,0.08855555555555554,1.0,27.21,Low
20160222_164021_641_721,8,6,1,460,466,537.66,0.011159,0.014879,9.45,34.76,3.27,7534,104.75,0.15703629629513524,0.28782601177725053,0.20844444444444443,0.6670153469119383,33.01,Moderate
20160222_164822_1281_1,2,1,1,173,173,188.74,0.005298,0.010597,17.89,56.78,1.2917,2976,94.69,0.033004753925946595,0.019681264949711348,0.45311111111111113,0.31668136104843164,20.56,Low
20160222_164822_1281_361,1,1,4,241,238,259.12,0.003859,0.003859,14.12,48.0,1.0252,2362,89.17,0.01629626378724731,0.07376823984860567,0.35555555555555557,0.23066692568627742,16.91,Low
20160222_164822_1281_721,1,1,1,256,256,294.11,0.0034,0.0034,13.64,37.99,2.4201,5576,97.88,0.10375094631809768,0.10065802745463456,0.24433333333333335,0.20323077152975982,16.3,Low
20160222_164822_641_1,2,1,1,377,378,416.52,0.002401,0.004802,13.88,40.0,3.2856,7570,79.71,0.15801435425447374,0.1947300166187956,0.26666666666666666,0.14351678895380982,19.07,Low
20160222_164822_641_1081,2,0,1,375,374,431.16,0.0,0.004639,15.57,50.0,4.9705,11452,106.89,0.2636508834653346,0.20598084515701406,0.37777777777777777,0.0,21.19,Low
20160222_164822_641_361,1,0,2,350,348,376.58,0.0,0.002655,13.26,48.33,2.5985,5987,89.86,0.11493591682745584,0.16403615788816417,0.3592222222222222,0.0,15.95,Low
20160222_164822_641_721,1,1,1,208,208,240.31,0.004161,0.004161,15.94,44.0,2.3082,5318,109.59,0.09673526134053499,0.05931276957511601,0.3111111111111111,0.24871860009862667,17.9,Low
20160222_164825_1281_1,2,2,1,471,473,559.16,0.003577,0.003577,16.29,58.8,5.5872,12873,115.21,0.30231552087072233,0.30434874494471614,0.4755555555555555,0.2138107264005738,32.4,Moderate
20160222_164825_1281_361,2,1,1,451,453,535.01,0.001869,0.003738,11.82,36.76,4.4527,10259,123.94,0.2311868827380607,0.28578948885195826,0.23066666666666663,0.11171715058503563,21.48,Low
20160222_164825_1281_721,2,1,1,165,164,190.92,0.005238,0.010475,14.85,40.0,1.9193,4422,158.21,0.07235277798241063,0.021356593242970633,0.26666666666666666,0.31309493566849467,16.84,Low
20160222_164825_641_1081,4,4,1,495,501,574.32,0.006965,0.006965,22.63,64.0,7.3898,17026,105.18,0.41533137199274606,0.31599919307582214,0.5333333333333333,0.41632421285434623,42.02,Moderate
20160222_164825_641_721,1,1,1,542,541,641.24,0.001559,0.001559,13.98,45.94,6.1558,14183,141.26,0.3379644795681498,0.36742716068358017,0.33266666666666667,0.09318728612202812,28.28,Moderate
20160222_164920_641_1,5,3,2,382,396,455.23,0.00659,0.010983,3.5,10.39,0.8455,1948,88.87,0.005029788447944282,0.2244786213124046,0.0,0.39390905422974043,15.59,Low
20160222_164920_641_361,9,4,3,339,341,383.66,0.010426,0.023458,11.09,36.0,2.0543,4733,98.31,0.08081674109207067,0.16947713234517148,0.2222222222222222,0.6232011835203753,27.39,Low
20160222_164920_641_721,2,0,2,100,98,114.98,0.0,0.017394,9.48,26.0,0.7747,1785,85.93,0.0005909100171003482,0.0,0.1111111111111111,0.0,2.79,Low
20160222_164936_641_1,5,1,2,317,317,356.35,0.002806,0.014031,5.97,22.0,1.099,2532,107.68,0.020923230287194807,0.14848941872640473,0.06666666666666667,0.16772516026838413,10.1,Low
20160222_164936_641_1081,2,0,2,198,196,238.25,0.0,0.008395,6.54,17.19,1.033,2380,59.27,0.01678529276691656,0.05772966118790768,0.013222222222222236,0.0,2.19,Low
20160222_164936_641_361,3,1,1,373,374,444.83,0.002248,0.006744,8.28,21.58,2.622,6041,100.64,0.11640927336876702,0.2164862294546538,0.06199999999999998,0.13437140423497063,13.23,Low
20160222_164936_641_721,1,0,1,359,358,399.84,0.0,0.002501,8.73,24.0,2.286,5267,75.0,0.0953434096291687,0.18191144967771067,0.08888888888888889,0.0,9.15,Low
20160222_165012_1281_1,3,0,2,210,208,242.38,0.0,0.012377,4.95,12.0,0.7756,1787,94.05,0.000647336437831409,0.060903562954495255,0.0,0.0,1.54,Low
20160222_165012_641_1,2,1,1,174,175,208.55,0.004795,0.00959,5.25,12.79,0.6684,1540,118.37,0.0,0.034905234440292435,0.0,0.28661516161329365,8.04,Low
20160222_165012_641_361,4,0,2,252,250,281.07,0.0,0.014232,5.87,15.18,1.0955,2524,95.42,0.020703794206573988,0.0906367976637624,0.0,0.0,2.78,Low
20160222_165012_641_721,2,1,1,291,290,331.01,0.003021,0.006042,4.12,12.0,0.8377,1930,99.02,0.004540759468275033,0.12901564856530806,0.0,0.18057651787982484,7.85,Low
20160222_165031_641_1,9,7,1,440,448,525.04,0.013332,0.017141,5.82,19.6,1.7244,3973,79.41,0.060133323092982895,0.27812755165755676,0.040000000000000015,0.7969037194219877,29.38,Moderate
20160222_165031_641_1081,6,4,1,395,399,453.68,0.008817,0.013225,17.78,57.18,5.5451,12776,77.53,0.29967601830096907,0.2232874475259129,0.45755555555555555,0.5270252095817332,37.69,Moderate
20160222_165031_641_361,7,6,1,408,417,478.72,0.012533,0.014622,8.88,29.59,2.4136,5561,94.78,0.1033434221683733,0.24253066792188213,0.151,0.7491444881124942,31.15,Moderate
20160222_165031_641_721,2,2,1,446,447,519.49,0.00385,0.00385,12.84,42.39,4.1345,9526,97.43,0.2112370082084768,0.27386238100269944,0.2932222222222222,0.2301289618792869,25.21,Low
20160222_165037_1281_721,5,4,1,695,701,782.6,0.005111,0.006389,9.78,38.38,4.464,10285,8.02,0.23189534779835078,0.4760622100116237,0.2486666666666667,0.30550366861429484,31.55,Moderate
20160222_165037_1921_361,4,1,2,403,403,449.39,0.002225,0.008901,5.65,16.39,1.5347,3536,174.3,0.04823988752333467,0.21999058588459067,0.00433333333333334,0.13299660783932812,10.14,Low
20160222_165037_1921_721,2,1,1,242,241,278.28,0.003594,0.007187,5.74,16.8,0.9622,2217,155.76,0.012346414336072633,0.08849268484807732,0.008888888888888898,0.2148268802582226,8.11,Low
20160222_165037_1_361,4,5,1,737,744,816.9,0.006121,0.004897,17.45,81.89,6.895,15886,179.52,0.3843093797952661,0.5024217331578594,0.7321111111111112,0.3658751625099,49.62,High
20160222_165037_1_721,1,1,3,305,302,327.27,0.003056,0.003056,18.61,61.51,2.0143,4641,177.57,0.07830890017068992,0.12614146149338612,0.5056666666666666,0.18266859935145474,22.32,Low
20160222_165037_641_361,8,11,2,729,738,860.19,0.012788,0.0093,10.72,36.36,5.1089,11771,173.65,0.272328013053312,0.5356900642657472,0.2262222222222222,0.7643867959772261,44.97,Moderate
20160222_165037_641_721,5,3,2,285,286,334.46,0.00897,0.014949,7.96,28.0,1.4349,3306,2.97,0.041982824424489695,0.13166697086427345,0.13333333333333333,0.5361705943005723,21.08,Low
20160222_165218_1281_721,8,3,4,872,872,1007.86,0.002977,0.007938,9.21,31.96,5.6233,12956,9.63,0.3045788473022685,0.6491743436536376,0.17733333333333334,0.17794647260120441,32.73,Moderate
20160222_165218_1921_1081,2,0,2,163,161,203.66,0.0,0.00982,9.25,23.99,1.217,2804,38.73,0.02832136100526804,0.031147273268715366,0.08877777777777776,0.0,3.71,Low
20160222_165218_1921_721,9,7,3,1192,1207,1414.94,0.004947,0.006361,7.68,31.96,6.2964,14507,9.15,0.34677954040680314,0.9620150049472139,0.17733333333333334,0.2957007725758006,44.55,Moderate
20160222_165218_1_361,4,2,1,529,530,587.58,0.003404,0.006808,4.47,15.98,1.5161,3493,168.41,0.04707374149489262,0.3261894926944544,0.0,0.20346986655508897,14.42,Low
20160222_165218_641_1,4,0,2,348,346,385.35,0.0,0.01038,4.07,10.79,0.9748,2246,78.15,0.013136384226307567,0.17077589602205598,0.0,0.0,4.6,Low
20160222_165218_641_361,6,2,3,373,373,419.39,0.004769,0.014306,5.66,15.98,1.4857,3423,92.76,0.04516778239464325,0.19693560937184798,0.0,0.2850610439486543,13.18,Low
20160222_165218_641_721,1,1,1,723,725,844.71,0.001184,0.001184,6.39,20.0,3.2582,7507,155.55,0.15629648322332793,0.5237936963851719,0.044444444444444446,0.07077212749742225,19.88,Low
20160222_165256_1281_1,2,0,3,189,186,208.37,0.0,0.009598,6.08,18.78,0.6359,1465,91.66,0.0,0.03476690458121597,0.030888888888888903,0.0,1.64,Low
20160222_165256_1281_361,6,1,3,347,345,391.81,0.002552,0.015314,5.89,16.8,1.5234,3510,78.66,0.04753142246304462,0.17574040096446655,0.008888888888888898,0.15254262615998446,9.62,Low
20160222_165256_1281_721,7,6,1,653,665,787.19,0.007622,0.008892,6.35,18.0,3.1328,7218,28.02,0.14843440193479926,0.4795896214180733,0.022222222222222223,0.45559557076465573,27.65,Low
20160222_165256_1921_1081,3,0,2,356,354,406.19,0.0,0.007386,6.7,23.18,1.8464,4254,2.09,0.06778223790319421,0.18679141970624122,0.07977777777777778,0.0,8.36,Low
20160222_165256_641_1,2,0,4,234,230,262.72,0.0,0.007613,5.87,15.18,0.8681,2000,89.58,0.006446718568524404,0.07653483703013482,0.0,0.0,2.07,Low
20160222_165256_641_721,5,1,2,578,577,683.45,0.001463,0.007316,6.42,19.18,2.855,6578,155.33,0.13101744673580992,0.39986551263700915,0.03533333333333333,0.08744900551412901,16.34,Low
20160222_165625_1281_361,10,3,6,538,537,589.61,0.005088,0.016961,3.75,13.18,1.2062,2779,176.32,0.027644243956495226,0.32774954610515,0.0,0.30412887221865237,16.49,Low
20160222_165625_1921_361,4,2,4,799,797,874.87,0.002286,0.004572,4.42,16.0,2.1814,5026,173.49,0.08878540561975802,0.5469716327726493,0.0,0.13664280697559733,19.31,Low
20160222_165625_1921_721,2,2,1,258,261,290.82,0.006877,0.006877,6.94,22.0,1.1254,2593,178.09,0.022578405295306105,0.09812966503040377,0.06666666666666667,0.4110641222971054,14.96,Low
20160222_165625_1_721,6,4,2,614,618,677.65,0.005903,0.008854,4.31,13.18,1.7057,3930,7.08,0.0589609074622374,0.39540821717787883,0.0,0.35284448362946247,20.18,Low
20160222_165625_641_361,5,0,4,310,306,337.89,0.0,0.014798,3.7,11.2,0.635,1463,179.07,0.0,0.13430292317889703,0.0,0.0,3.36,Low
20160222_165625_641_721,5,3,3,443,443,486.49,0.006167,0.010278,5.24,17.19,1.2834,2957,173.82,0.03248437693476009,0.24850190683868248,0.013222222222222236,0.368624755301185,16.57,Low
20160222_165715_1281_361,14,8,5,612,618,696.7,0.011483,0.020095,4.72,19.58,1.6328,3762,177.61,0.05439036738302098,0.41004812726347045,0.03977777777777776,0.6863820439635977,29.76,Moderate
20160222_165715_1921_361,10,5,4,541,543,634.54,0.00788,0.015759,3.87,15.59,1.2865,2964,166.33,0.0326787346061671,0.36227821592906756,0.0,0.4710171998983846,21.65,Low
20160222_165715_1921_721,4,2,3,217,217,245.99,0.00813,0.01626,3.84,14.0,0.4878,1124,9.45,0.0,0.0636778451281953,0.0,0.48596063898145514,13.74,Low
20160222_165715_1_721,14,8,5,680,687,780.2,0.010254,0.017944,8.43,30.76,2.7899,6428,173.94,0.12693593563626274,0.4742178118906043,0.164,0.6129200974312227,34.45,Moderate
20160222_165715_641_721,6,4,1,689,693,805.25,0.004967,0.007451,7.38,30.8,2.6836,6183,0.88,0.1202713483876934,0.49346871727874436,0.16444444444444445,0.2968962477024462,26.88,Low
20160222_165909_1281_1081,3,1,1,368,371,439.35,0.002276,0.006828,6.1,19.99,1.5686,3614,62.36,0.050365282704204865,0.2122748537449928,0.044333333333333315,0.1360450694122745,11.08,Low
20160222_165909_1281_361,3,2,1,648,650,714.62,0.002799,0.004198,4.31,12.0,1.9527,4499,8.04,0.07444682515176357,0.4238196332337487,0.0,0.16730674397405818,16.64,Low
20160222_165909_1281_721,1,1,1,181,181,219.94,0.004547,0.004547,5.43,16.0,0.7422,1710,50.97,0.0,0.04365844052296373,0.0,0.2717912700428876,7.89,Low
20160222_165909_1921_361,9,4,3,729,733,799.69,0.005002,0.011254,3.92,10.79,1.8442,4249,176.85,0.06764430665251826,0.48919586163171613,0.0,0.29898832917407614,21.4,Low
20160222_165909_1_1,1,0,1,437,436,540.38,0.0,0.001851,6.48,20.38,2.365,5449,50.52,0.1002963954488957,0.2899163296477392,0.04866666666666666,0.0,10.97,Low
20160222_165909_1_361,1,1,1,139,139,166.34,0.006012,0.006012,5.66,16.0,0.5456,1257,34.41,0.0,0.0024668824868634733,0.0,0.35935982306968123,9.05,Low
20160222_165909_641_361,6,6,1,977,986,1176.95,0.005098,0.005098,5.27,16.8,3.8316,8828,177.56,0.19224638283132103,0.7791198762716263,0.008888888888888898,0.3047266097819752,32.12,Moderate
20160222_165909_641_721,4,1,2,323,323,395.49,0.002529,0.010114,4.92,14.0,1.2804,2950,34.8,0.03229628886565653,0.178568478083363,0.0,0.15116782976434195,9.05,Low
20160222_165919_1281_1,5,5,1,596,602,689.81,0.007248,0.007248,8.47,34.36,2.9753,6855,81.91,0.13855977830686253,0.4047531676577105,0.204,0.43324018589638214,29.51,Moderate
20160222_165919_1281_361,3,2,2,557,557,634.04,0.003154,0.004732,7.19,22.0,2.6254,6049,55.33,0.11662243984708438,0.36189396632052184,0.06666666666666667,0.1885264274720184,18.34,Low
20160222_165919_1281_721,2,0,2,354,352,402.95,0.0,0.004963,4.64,17.18,1.1328,2610,18.67,0.02304235586576155,0.184301482242865,0.013111111111111108,0.0,5.51,Low
20160222_165919_1921_721,3,0,2,291,289,318.41,0.0,0.009422,3.84,10.0,0.6923,1595,21.34,0.0,0.11933255842995615,0.0,0.0,2.98,Low
20160222_165919_1_361,4,2,2,526,527,573.81,0.003485,0.006971,4.99,18.79,1.5473,3565,176.03,0.049029857413569605,0.31560725847510546,0.03099999999999999,0.20831154081800382,15.1,Low
20160222_165919_1_721,4,0,5,313,308,347.35,0.0,0.011516,4.22,14.39,0.7791,1795,26.25,0.0008667725184522287,0.14157292577258193,0.0,0.0,3.56,Low
20160222_165919_641_361,12,8,3,875,881,1013.13,0.007896,0.011844,5.08,17.18,2.9262,6742,172.91,0.13548140357586766,0.6532243345277093,0.013111111111111108,0.4719735799997011,31.84,Moderate
20160222_165919_641_721,6,2,3,535,535,624.47,0.003203,0.009608,4.74,21.19,1.4757,3400,157.14,0.04454082216429806,0.35453942881295697,0.05766666666666668,0.19145534153230023,16.21,Low
20160222_165937_1281_361,4,0,2,629,627,687.06,0.0,0.005822,4.16,13.18,1.6003,3687,0.6,0.052352746634399115,0.4026397948107091,0.0,0.0,11.37,Low
20160222_165937_1281_721,2,3,1,768,774,869.27,0.003451,0.002301,9.59,31.96,5.1467,11858,4.37,0.2746979227240168,0.5426680371569372,0.17733333333333334,0.20627923310270624,30.02,Moderate
20160222_165937_1921_721,5,4,1,722,725,813.23,0.004919,0.006148,8.03,30.37,4.3563,10037,166.64,0.22514298611753308,0.49960134103113396,0.15966666666666668,0.29402710739849663,29.46,Moderate
20160222_165937_1_1081,8,6,1,782,793,914.78,0.006559,0.008745,19.29,62.0,7.1784,16539,172.38,0.40207743272324875,0.5776424365267679,0.5111111111111111,0.39205606778343965,47.07,High
20160222_165937_1_361,4,1,2,628,628,696.35,0.001436,0.005744,4.91,12.39,2.1428,4937,5.84,0.08636533913062558,0.4097791525374885,0.0,0.08583511409315739,14.55,Low
20160222_165937_1_721,1,2,2,350,351,387.45,0.005162,0.002581,10.1,30.36,1.951,4495,164.29,0.07434024191260488,0.17238974437794793,0.15955555555555556,0.30855213018724126,17.87,Low
20160222_165937_641_361,9,2,3,907,906,986.77,0.002027,0.009121,4.22,19.18,2.1684,4996,3.12,0.08797035732030928,0.6329666951651794,0.03533333333333333,0.12116140408553625,21.94,Low
20160222_165937_641_721,2,1,1,675,675,754.11,0.001326,0.002652,7.15,23.99,3.513,8094,167.46,0.1722714298925233,0.454167667316689,0.08877777777777776,0.07926000089660633,19.86,Low
20160222_165947_1281_721,4,0,2,621,619,684.86,0.0,0.005841,8.41,28.78,3.7674,8680,177.21,0.1882212981525049,0.400949096533108,0.14200000000000002,0.0,18.28,Low
20160222_165947_1921_721,3,1,1,577,578,626.46,0.001596,0.004789,8.33,34.0,2.9418,6778,3.82,0.13645946153520616,0.35606874225496893,0.2,0.09539891510632256,19.7,Low
20160222_165947_1_721,5,1,2,514,512,556.74,0.001796,0.008981,7.7,23.18,2.8394,6542,176.83,0.13003938877647142,0.30248897683935494,0.07977777777777778,0.10735366637277903,15.49,Low
20160222_165947_641_1,5,3,1,376,380,428.05,0.007009,0.011681,4.47,12.79,1.1285,2600,87.5,0.022772762966713118,0.20359081259185974,0.0,0.41895425813296666,16.13,Low
20160222_165947_641_361,8,2,3,289,288,329.01,0.006079,0.024316,6.03,20.38,1.0903,2512,108.77,0.020377774886794497,0.1274786501311252,0.04866666666666666,0.36336466474394413,14.0,Low
20160222_165947_641_721,5,5,2,728,732,799.52,0.006254,0.006254,10.7,37.15,4.9492,11403,2.39,0.2623154581746993,0.4890652167648105,0.235,0.37382507210209354,34.01,Moderate
20160225_114503_1281_1,13,5,4,338,341,389.88,0.012825,0.033344,5.04,20.0,1.0091,2325,11.15,0.015286857816391572,0.1742571974754801,0.044444444444444446,0.7665984249615205,25.01,Low
20160225_114503_1281_361,11,9,2,903,911,1037.34,0.008676,0.010604,18.09,60.0,11.1194,25619,163.77,0.6491624595022876,0.6718297005734927,0.4888888888888889,0.5185971099388813,58.21,High
20160225_114503_1281_721,6,2,3,410,408,484.22,0.00413,0.012391,11.04,41.54,2.7565,6351,138.21,0.12484188846690981,0.24675741361588496,0.2837777777777778,0.24686561365232593,22.56,Low
20160225_114503_1921_1,4,2,1,535,536,631.68,0.003166,0.006332,17.94,52.33,7.3168,16858,142.36,0.41075456231122615,0.3600803081681861,0.4036666666666667,0.1892437125480058,34.09,Moderate
20160225_114503_1921_361,4,4,1,458,460,526.27,0.007601,0.007601,23.52,68.0,7.194,16575,151.77,0.4030554906825872,0.27907280569457926,0.5777777777777777,0.45434032188167783,42.86,Moderate
20160225_114503_1_1081,3,0,2,213,211,249.94,0.0,0.012003,4.72,14.0,0.7352,1694,128.62,0.0,0.06671341703570641,0.0,0.0,1.67,Low
20160225_114503_1_361,24,16,7,814,842,963.36,0.016608,0.024913,4.42,21.19,1.9813,4565,163.83,0.0762399314105508,0.6149761284930693,0.05766666666666668,0.9927225451665446,43.54,Moderate
20160225_114503_1_721,12,11,2,791,799,907.52,0.012121,0.013223,11.1,41.15,4.398,10133,168.02,0.2277574102780725,0.5720631322106842,0.27944444444444444,0.7245177005035938,45.09,Moderate
20160225_114503_641_1,2,0,1,280,279,313.79,0.0,0.006374,7.59,22.0,1.6545,3812,171.65,0.05575087108287004,0.11578209204699377,0.06666666666666667,0.0,5.95,Low
20160225_114503_641_1081,8,6,3,917,919,1066.46,0.005626,0.007501,7.85,36.0,4.3043,9917,164.9,0.22188279291973806,0.6942083977751949,0.2222222222222222,0.33628715312542024,36.87,Moderate
20160225_114503_641_361,20,17,3,1110,1132,1320.47,0.012874,0.015146,13.89,49.54,7.1011,16361,31.26,0.3972310301426804,0.8894148839085874,0.37266666666666665,0.7695273390218024,60.72,High
20160225_114503_641_721,7,4,3,699,702,813.84,0.004915,0.008601,8.48,34.76,3.6541,8419,11.36,0.18111783874269394,0.5000701255535597,0.20844444444444443,0.29378801237316754,29.59,Moderate
20160302_155848_1281_361,1,1,1,423,422,483.3,0.002069,0.002069,26.52,65.97,8.2652,19043,159.12,0.47021547055716384,0.24605039433616083,0.5552222222222222,0.1236719018514921,34.88,Moderate
20160302_155848_1281_721,0,0,1,368,367,412.56,0.0,0.0,20.21,49.54,5.4822,12631,162.63,0.29573243845209785,0.1916867597191136,0.37266666666666665,0.0,21.5,Low
20160302_155848_1921_1,4,0,2,307,305,374.59,0.0,0.010678,10.77,33.6,2.7943,6438,129.18,0.1272117981376146,0.16250684444615224,0.19555555555555557,0.0,12.13,Low
20160302_155848_1921_361,5,4,1,737,741,848.28,0.004715,0.005894,29.3,91.93,15.9314,36706,161.22,0.9508557223443923,0.5265372385901883,0.8436666666666668,0.28183326110671103,65.07,High
20160302_155848_1_721,2,0,1,654,653,726.73,0.0,0.002752,18.77,65.91,10.1406,23364,13.58,0.5877955921561004,0.43312615875272586,0.5545555555555555,0.0,39.39,Moderate
20160302_155848_641_721,2,1,1,699,699,774.39,0.001291,0.002583,15.67,44.76,8.783,20236,169.2,0.5026794712844376,0.4697528314393031,0.31955555555555554,0.07716791942497646,34.23,Moderate
20160302_155914_1081_641,4,1,2,217,216,255.35,0.003916,0.015665,3.45,8.4,0.5061,1166,68.21,0.0,0.070870997800171,0.0,0.23407402979721753,7.62,Low
20160302_155914_361_1281,3,2,1,682,684,766.01,0.002611,0.003916,18.09,60.0,8.9818,20694,94.01,0.5151434406637001,0.46331280800007696,0.4888888888888889,0.15606927778358912,40.59,Moderate
20160302_155914_361_1921,2,1,1,655,655,714.65,0.001399,0.002799,16.27,52.0,8.3863,19322,93.17,0.4778079589466441,0.42384268821026144,0.4,0.08362348510886294,34.63,Moderate
20160302_155914_361_641,2,0,2,213,211,241.65,0.0,0.008276,8.63,23.99,1.1693,2694,51.78,0.025330760706521484,0.060342558526018525,0.08877777777777776,0.0,4.36,Low
20160302_155914_721_641,4,2,2,533,535,643.94,0.003106,0.006212,17.15,68.79,5.1649,11900,131.6,0.27583899034324505,0.36950210856972704,0.5865555555555556,0.18565728716806884,35.44,Moderate
20160303_091825_1281_361,8,9,1,797,809,915.04,0.009836,0.008743,11.96,39.54,6.9609,16038,17.07,0.38844104771324084,0.5778422463232117,0.26155555555555554,0.5879346672843287,45.39,Moderate
20160303_091825_1921_361,3,0,2,121,119,128.11,0.0,0.023417,18.49,57.18,1.0564,2434,3.1,0.018252379705924308,0.0,0.45755555555555555,0.0,11.9,Low
20160303_091825_1921_721,7,4,2,601,600,667.52,0.005992,0.010487,14.66,49.58,6.6016,15210,5.67,0.36591436663693827,0.38762332010874273,0.3731111111111111,0.3581643479430356,37.12,Moderate
20160303_091825_1_1,2,0,1,140,139,151.01,0.0,0.013244,11.4,38.0,0.9314,2146,10.68,0.01041537682660945,0.0,0.24444444444444444,0.0,6.37,Low
20160303_091825_641_1,10,11,4,713,727,858.31,0.012816,0.011651,9.65,33.17,4.8294,11127,39.71,0.2548044746151639,0.5342452857376152,0.1907777777777778,0.76606046115453,43.65,Moderate
20160303_091825_641_1081,8,4,3,361,366,426.48,0.009379,0.018758,6.65,20.0,1.6228,3739,70.56,0.05376340715267579,0.2023842688210262,0.044444444444444446,0.5606180606404758,21.53,Low
20160303_091825_641_361,4,8,1,663,677,776.41,0.010304,0.005152,11.63,36.36,5.0816,11708,81.7,0.2706164116244696,0.4713051998578277,0.2262222222222222,0.6159087852478369,39.6,Moderate
20160303_091825_641_721,7,4,2,400,403,453.95,0.008812,0.01542,6.64,17.18,2.0369,4693,94.73,0.07972583029127005,0.22349494231452754,0.013111111111111108,0.5267263408000717,21.08,Low
20160303_091830_1_1921,7,6,1,797,801,904.14,0.006636,0.007742,18.27,57.18,10.2192,23545,130.06,0.5927234995666137,0.5694656048569152,0.45755555555555555,0.3966586470210254,50.41,High
20160303_091830_361_1281,12,12,4,628,642,735.61,0.016313,0.016313,8.8,31.58,3.0872,7113,120.05,0.1455754632844252,0.4399504318004977,0.1731111111111111,0.9750892870485213,43.34,Moderate
20160303_091830_361_1921,18,6,7,947,947,1074.16,0.005586,0.016757,11.49,46.0,5.7439,13234,68.21,0.31213998768023143,0.7001258417467989,0.3333333333333333,0.33389620287212896,41.99,Moderate
20160303_091830_721_1,10,4,3,643,645,707.96,0.00565,0.014125,11.42,39.59,5.2582,12115,91.86,0.28168852929236565,0.4187014284479199,0.26211111111111113,0.337721723277395,32.51,Moderate
20160303_091830_721_1281,6,3,2,135,136,149.67,0.020044,0.040088,9.59,24.38,0.753,1735,114.72,0.0,0.0,0.0931111111111111,1.0,27.33,Low
20160303_091830_721_641,21,11,8,733,742,852.18,0.012908,0.024643,10.1,39.97,3.9596,9123,92.12,0.20027147377973945,0.5295343855368448,0.2663333333333333,0.7715596467371,44.19,Moderate
20160303_091837_361_1,7,3,3,538,540,605.03,0.004958,0.01157,10.16,30.0,3.6558,8423,79.48,0.18122442198185262,0.3395998040326997,0.15555555555555556,0.29635828389545565,24.32,Low
20160303_091837_361_1281,18,10,8,501,507,569.55,0.017558,0.031604,6.73,23.58,1.7604,4056,82.13,0.062390379922225576,0.312333451810296,0.0842222222222222,1.0,36.47,Moderate
20160303_091837_361_641,17,17,2,1002,1025,1182.4,0.014378,0.014378,11.9,46.39,7.8112,17997,97.59,0.4417514760994923,0.7833081970047745,0.33766666666666667,0.859427068545555,60.55,High
20160303_091837_721_1,13,13,3,828,874,1009.45,0.012878,0.012878,8.81,37.99,3.9028,8992,112.47,0.19671033967137877,0.6503962574088129,0.24433333333333335,0.7697664340471315,46.53,Moderate
20160303_091837_721_1281,16,9,6,614,622,692.83,0.01299,0.023094,8.24,27.57,2.9249,6739,87.11,0.1353998987459228,0.40707403529332664,0.12855555555555556,0.7764610947563472,36.19,Moderate
20160303_091837_721_1921,21,14,4,950,969,1109.83,0.012615,0.018922,7.74,23.18,5.1957,11971,73.31,0.2777700278527082,0.7275382088204498,0.07977777777777778,0.7540459361317413,45.98,Moderate
20160306_104522_1281_1081,6,0,3,166,163,186.2,0.0,0.032224,4.72,12.79,0.6107,1407,73.21,0.0,0.017729276938299118,0.0,0.0,0.44,Low
20160306_104522_1281_361,5,5,2,560,562,646.5,0.007734,0.007734,22.42,83.54,5.4136,12473,178.32,0.29143149127192985,0.371469466565481,0.7504444444444445,0.4622902314738714,46.89,High
20160306_104522_1281_721,11,7,2,877,882,961.94,0.007277,0.011435,16.75,80.69,6.7283,15502,172.91,0.3738579527554118,0.6138848596047994,0.7187777777777777,0.43497362483001833,53.54,High
20160306_104522_1921_361,2,1,1,507,508,563.92,0.001773,0.003547,10.26,36.36,3.2409,7467,4.42,0.15521184202483074,0.3080068012180713,0.2262222222222222,0.10597886997713653,19.89,Low
20160306_104522_1921_721,5,3,2,318,322,357.21,0.008398,0.013997,11.0,32.0,1.6554,3814,3.28,0.0558072975036011,0.14915032805310333,0.17777777777777778,0.5019800056785068,22.12,Low
20160306_104522_1_361,27,20,8,1464,1488,1719.13,0.011634,0.015706,13.85,51.99,12.8828,29682,22.37,0.7597206265213581,1.0,0.3998888888888889,0.6954078811697724,71.38,High
20160306_104522_1_721,1,0,1,203,202,212.36,0.0,0.004709,18.76,52.79,2.043,4707,2.54,0.08010827603178061,0.03783321645741076,0.4087777777777778,0.0,13.17,Low
20160306_104522_641_361,8,9,1,840,852,931.94,0.009657,0.008584,19.69,70.3,6.9818,16086,2.77,0.3897513945946623,0.5908298830920568,0.6033333333333333,0.5772351649008503,54.03,High
20160306_104522_641_721,7,5,3,643,644,696.61,0.007178,0.010049,24.66,82.69,6.51,14999,179.75,0.3601714109269763,0.4099789623339322,0.741,0.4290560229531224,48.51,High
20160306_104527_1281_361,8,5,2,611,616,690.56,0.007241,0.011585,24.3,87.18,7.0829,16319,174.49,0.3960899625234522,0.40532954207052907,0.790888888888889,0.4328217696020562,50.63,High
20160306_104527_1281_721,12,6,5,1203,1207,1364.82,0.004396,0.008792,12.68,50.4,9.7309,22420,10.97,0.562109031518858,0.9234978241865919,0.3822222222222222,0.262765432836713,53.26,High
20160306_104527_1921_721,13,11,1,1188,1196,1368.73,0.008037,0.009498,25.08,97.58,18.3746,42335,5.36,1.0,0.9265026561254192,0.9064444444444444,0.4804016796425529,82.83,High
20160306_104527_1_361,11,7,2,621,628,711.67,0.009836,0.015457,18.09,48.76,8.5399,19676,174.28,0.4874380680847461,0.421552560543329,0.364,0.5879346672843287,46.52,Moderate
20160306_104527_641_361,8,6,1,860,868,985.22,0.00609,0.00812,21.1,83.94,9.4861,21856,6.94,0.546761045080008,0.6317755213786878,0.7548888888888888,0.3640221760635992,57.44,High
20160306_104527_641_721,5,5,1,679,681,750.59,0.006661,0.006661,23.18,63.94,8.7708,20208,175.5,0.5019145798034165,0.4514625500725272,0.5326666666666666,0.39815299092933243,47.1,High
20160307_144115_1281_1,2,1,1,396,397,453.75,0.002204,0.004408,7.35,23.58,2.1367,4923,86.79,0.08598289339011501,0.22334124247110929,0.0842222222222222,0.1317413589563502,13.13,Low
20160307_144115_1281_361,5,4,4,431,437,499.96,0.008001,0.010001,11.25,36.39,2.875,6624,95.18,0.1322713671965003,0.2588535912929039,0.22655555555555557,0.4782498244145907,27.4,Low
20160307_144115_1281_721,0,0,1,136,135,153.64,0.0,0.0,14.59,35.15,1.3576,3128,104.82,0.03713642184392138,0.0,0.21277777777777776,0.0,6.25,Low
20160307_144115_641_1081,2,1,1,373,374,420.81,0.002376,0.004753,6.39,22.4,1.6766,3863,92.85,0.057136453191932904,0.1980268782601178,0.0711111111111111,0.14202244504550277,11.71,Low
20160307_144115_641_721,8,1,5,321,318,355.69,0.002811,0.022491,7.21,25.59,1.3607,3135,111.22,0.03733077951532839,0.14798220924312436,0.10655555555555556,0.16802402905004557,11.5,Low
20160307_144252_1281_1,6,4,1,389,393,441.46,0.009061,0.013591,7.87,22.0,2.2921,5281,104.08,0.09572585536967926,0.2138963870930557,0.06666666666666667,0.54161000612681,22.95,Low
20160307_144252_1281_361,10,4,3,425,430,475.56,0.008411,0.021028,8.21,24.0,2.3546,5425,85.11,0.09964435680933668,0.2401022103958732,0.08888888888888889,0.5027570645108265,23.28,Low
20160307_144252_1281_721,4,3,1,432,435,518.67,0.005784,0.007712,6.81,21.58,2.2791,5251,133.9,0.09491080707023052,0.2732322116446844,0.06199999999999998,0.3457314066259209,19.4,Low
20160307_144252_641_1081,9,7,1,488,492,569.87,0.012283,0.015793,7.6,27.57,2.5017,5764,120.55,0.1088669417977144,0.3125793715597653,0.12855555555555556,0.7342010490294236,32.11,Moderate
20160307_144924_1281_361,3,1,1,390,389,442.02,0.002262,0.006787,4.91,18.39,1.2205,2812,169.84,0.028540797085888844,0.2143267466546269,0.02655555555555556,0.1352082368236226,10.12,Low
20160307_144924_1281_721,6,0,5,230,225,258.55,0.0,0.023206,4.56,16.8,0.658,1516,167.47,0.0,0.07333019529486356,0.008888888888888898,0.0,2.06,Low
20160307_144924_1921_1,3,0,2,102,100,115.74,0.0,0.02592,6.34,19.58,0.4479,1032,4.27,0.0,0.0,0.03977777777777776,0.0,0.99,Low
20160307_144924_1921_361,8,6,2,616,622,729.28,0.008227,0.01097,4.19,15.18,1.5417,3552,148.45,0.048678759684576314,0.435085831756309,0.0,0.4917586933456865,24.39,Low
20160307_144924_1_361,10,8,2,724,731,828.34,0.009658,0.012072,3.69,12.0,1.6185,3729,12.04,0.053493814253627356,0.5112133642013853,0.0,0.5772949386571825,28.55,Moderate
20160307_144924_641_361,4,0,3,194,191,217.51,0.0,0.01839,3.62,10.0,0.4414,1017,13.11,0.0,0.04179098742543157,0.0,0.0,1.04,Low
20160307_144924_641_721,7,2,3,300,298,348.95,0.005732,0.02006,4.55,11.59,0.9948,2292,18.91,0.014390304686997946,0.14280252451992817,0.0,0.34262317129664216,12.5,Low
20160307_144931_1281_1,4,2,1,363,365,418.02,0.004784,0.009569,5.96,16.0,1.6159,3723,110.26,0.053330804593737596,0.19588276544443273,0.0,0.28595765029363857,13.38,Low
20160307_144931_1281_361,2,1,1,368,369,414.98,0.00241,0.00482,6.04,20.0,1.6345,3766,81.63,0.05449695062217966,0.19354652782447485,0.044444444444444446,0.14405475276080035,10.91,Low
20160307_144931_1281_721,4,3,1,716,720,801.19,0.003744,0.004993,9.42,31.58,5.3633,12357,13.23,0.28827788131329357,0.49034861045735323,0.1731111111111111,0.22379294370806496,29.39,Moderate
20160307_144931_1921_721,6,4,1,674,679,758.94,0.00527,0.007906,8.92,28.36,4.3837,10100,163.5,0.2268608571486789,0.4578795185352406,0.13733333333333334,0.31500769587112776,28.43,Moderate
20160307_144931_1_361,5,4,1,663,668,757.88,0.005278,0.006597,6.75,28.0,3.2435,7473,172.42,0.1553748516847205,0.4570649093651237,0.13333333333333333,0.315485885921786,26.53,Low
20160307_144931_1_721,3,1,2,257,256,297.84,0.003358,0.010073,8.07,33.58,1.0569,2435,167.99,0.018283727717441564,0.10352452953438554,0.1953333333333333,0.20072027376380397,12.95,Low
20160307_144931_641_361,2,1,1,448,447,512.86,0.00195,0.0039,6.3,17.58,2.1671,4993,14.09,0.0878888524903644,0.2687672311933833,0.017555555555555536,0.11655882484795049,12.27,Low
20160307_144931_641_721,2,1,1,223,224,253.41,0.003946,0.007892,10.16,28.0,1.7595,4054,15.27,0.06233395350149452,0.06938010931901364,0.13333333333333333,0.23586724248718596,12.52,Low
20160307_145000_1281_361,5,2,2,686,687,753.27,0.002655,0.006638,9.7,28.78,5.0074,11537,3.06,0.26596436671530826,0.4535221279743322,0.14200000000000002,0.15869932306220952,25.5,Low
20160307_145000_1921_361,1,0,1,78,77,88.6,0.0,0.011287,16.91,42.0,1.0065,2319,16.51,0.015123848156501812,0.0,0.28888888888888886,0.0,7.6,Low
20160307_145000_1921_721,2,1,1,643,644,731.4,0.001367,0.002734,13.05,41.96,6.8138,15699,12.64,0.37921846272486315,0.43671505009654277,0.28844444444444445,0.08171072490622991,29.65,Moderate
20160307_145000_1_721,5,3,1,692,693,763.42,0.00393,0.00655,15.61,57.97,8.3546,19249,168.9,0.4758204950164498,0.46132239502781014,0.4663333333333333,0.23491086238586947,40.96,Moderate
20160307_145000_641_361,3,1,1,640,641,690.29,0.001449,0.004346,10.48,28.78,4.5812,10555,178.59,0.23924332169799636,0.40512204728191437,0.14200000000000002,0.08661217292547706,21.82,Low
20160307_145000_641_721,0,0,2,212,210,222.43,0.0,0.0,10.77,28.0,0.8481,1954,178.42,0.005192798107834027,0.045572003573521376,0.13333333333333333,0.0,4.6,Low
20160307_145107_1281_361,1,1,3,348,346,375.82,0.002661,0.002661,16.13,55.14,2.6298,6059,178.45,0.11689830234843626,0.1634520984831747,0.4348888888888889,0.15905796560020322,21.86,Low
20160307_145107_1281_721,2,1,3,543,541,598.16,0.001672,0.003344,15.39,47.54,5.1506,11867,1.06,0.27494243721385137,0.3343202144112816,0.35044444444444445,0.09994172058757603,26.49,Low
20160307_145107_1921_1,4,0,3,364,361,437.22,0.0,0.009149,37.35,117.04,13.2148,30447,42.88,0.7805357061688184,0.2106379504125881,1.0,0.0,49.78,High
20160307_145107_1921_1081,7,0,7,278,271,324.02,0.0,0.021604,11.04,26.79,1.9366,4462,28.37,0.0734374191809078,0.123643839037839,0.11988888888888888,0.0,7.92,Low
20160307_145107_1921_361,4,4,2,647,648,731.67,0.005467,0.005467,13.15,43.15,5.7648,13282,161.99,0.3134503345616529,0.43692254488515747,0.30166666666666664,0.3267831258685873,34.47,Moderate
20160307_145107_1921_721,3,2,2,206,207,233.51,0.008565,0.012847,15.0,50.0,1.4709,3389,175.48,0.04423988125373238,0.05408697489889433,0.37777777777777777,0.5119622229859979,24.7,Low
20160307_145107_1_1,2,0,1,397,396,483.81,0.0,0.004134,10.41,30.37,3.5464,8171,54.3,0.17436547706187627,0.24644232893687745,0.15966666666666668,0.0,14.51,Low
20160307_145107_1_361,1,0,1,107,106,133.75,0.0,0.007477,11.31,28.36,1.0786,2485,36.64,0.019644231417290624,0.0,0.13733333333333334,0.0,3.92,Low
20160307_145107_641_1081,6,4,1,586,590,648.82,0.006165,0.009248,18.9,55.53,7.7656,17892,90.9,0.4388925374491182,0.37325238474913314,0.43922222222222224,0.3685052077885204,40.5,Moderate
20160307_145107_641_361,3,1,1,329,329,377.05,0.002652,0.007957,8.51,25.58,2.1766,5015,68.2,0.08848446470919233,0.16439735252019716,0.10644444444444442,0.15852000179321266,12.95,Low
20160307_145107_641_721,7,4,3,888,891,1015.68,0.003938,0.006892,12.0,40.79,7.8516,18090,157.64,0.44428439543008685,0.6551840075312925,0.27544444444444444,0.2353890524365277,40.26,Moderate
20160307_145113_1281_361,3,2,1,213,216,258.25,0.007744,0.011617,14.03,44.0,2.0955,4828,142.52,0.08339981724109284,0.07309964552973613,0.3111111111111111,0.4628879690371942,23.26,Low
20160307_145113_1281_721,8,7,1,612,618,695.87,0.010059,0.011496,10.75,29.16,4.7886,11033,171.1,0.25224647687535556,0.4094102729132846,0.14622222222222223,0.6012642149464277,35.23,Moderate
20160307_145113_1921_1081,2,0,1,172,171,209.52,0.0,0.009546,7.02,19.6,0.9583,2208,50.11,0.01210189984623801,0.035650678680871115,0.040000000000000015,0.0,2.19,Low
20160307_145113_1921_361,10,8,1,844,853,952.41,0.0084,0.0105,13.58,48.0,7.8798,18155,176.65,0.44605242327966027,0.6065610620659181,0.35555555555555557,0.5020995531911714,47.76,High
20160307_145113_1_361,2,0,1,142,141,165.02,0.0,0.012119,17.29,54.79,1.6897,3893,32.85,0.05795777109368509,0.0014524635203028004,0.431,0.0,12.26,Low
20160307_145113_1_721,9,5,2,667,673,759.16,0.006586,0.011855,6.51,25.97,3.0595,7049,5.47,0.14383878344636902,0.45804858836300066,0.11077777777777777,0.3936699592044113,27.66,Low
20160307_145113_641_721,13,8,2,802,813,911.17,0.00878,0.014267,11.54,41.18,6.1736,14224,173.21,0.3390804687781642,0.5748681543530678,0.2797777777777778,0.5248135805974387,42.96,Moderate
20160307_145255_361_1,1,1,1,535,535,597.96,0.001672,0.001672,18.11,44.0,6.5725,15143,103.81,0.36408991236663374,0.3341665145678634,0.3111111111111111,0.09994172058757603,27.73,Moderate
20160307_145255_361_1281,7,4,1,838,846,940.44,0.004253,0.007443,18.5,68.0,10.1402,23363,90.56,0.5877705137468867,0.5973621264373339,0.5777777777777777,0.25421778568119663,50.43,High
20160307_145255_361_1921,3,1,1,643,644,713.17,0.001402,0.004207,13.33,42.0,6.592,15188,86.75,0.36531248481580686,0.42270530936896616,0.28888888888888886,0.08380280637785979,29.02,Moderate
20160307_145255_361_641,3,1,2,520,519,576.58,0.001734,0.005203,18.35,67.91,5.3047,12222,87.13,0.2846038943634708,0.31773600130644875,0.5767777777777777,0.10364769348017752,32.07,Moderate
20160307_145255_721_1,1,0,1,334,333,366.14,0.0,0.002731,19.31,57.94,3.9132,9016,106.76,0.19736237831093775,0.15601302606172973,0.46599999999999997,0.0,20.48,Low
20160307_145255_721_641,1,1,2,391,391,427.87,0.002337,0.002337,17.33,56.0,3.5152,8099,93.21,0.17240936114319927,0.20345248273278327,0.4444444444444444,0.13969126854854375,24.0,Low
20160307_145259_1281_361,3,1,1,648,648,721.32,0.001386,0.004159,17.0,54.73,8.6493,19928,5.69,0.4942970130047225,0.4289685779882613,0.4303333333333333,0.08284642627654328,35.91,Moderate
20160307_145259_1921_361,1,2,2,662,662,726.2,0.002754,0.001377,19.05,65.18,6.1415,14150,0.72,0.3370679264387561,0.4327188541676674,0.5464444444444445,0.16461692493910546,37.02,Moderate
20160307_145259_1921_721,1,2,2,510,512,560.46,0.003568,0.001784,10.45,36.0,2.7326,6296,1.18,0.12334345351638482,0.305347793926935,0.2222222222222222,0.21327276259358327,21.6,Low
20160307_145259_1_361,5,3,1,698,700,779.11,0.003851,0.006418,17.54,47.18,10.0564,23170,7.38,0.582516587016594,0.4733801477439746,0.34644444444444444,0.23018873563561915,40.81,Moderate
20160307_145259_641_361,3,2,2,435,434,481.22,0.004156,0.006234,17.04,52.33,4.5964,10590,3.04,0.24019630124812105,0.2444519159646107,0.4036666666666667,0.24841973131696526,28.42,Moderate
20160307_145259_641_721,2,2,1,401,402,452.12,0.004424,0.004424,19.29,56.0,5.02,11566,0.68,0.2667543366055432,0.22208858874725027,0.4444444444444444,0.26443909801401694,29.94,Moderate
20160308_072831_1281_361,8,6,1,757,762,855.61,0.007013,0.00935,18.72,59.12,9.888,22782,4.04,0.571958576737581,0.5321703378514684,0.4791111111111111,0.4191933531582958,50.06,High
20160308_072831_1921_361,3,2,1,230,232,250.64,0.00798,0.011969,27.38,80.69,2.8333,6528,5.43,0.12965694303596084,0.0672513664876704,0.7187777777777777,0.47699457553161273,34.82,Moderate
20160308_072831_1921_721,4,1,3,639,636,720.91,0.001387,0.005549,13.35,48.39,5.6432,13002,14.88,0.3058264981606554,0.4286534933092538,0.35988888888888887,0.08290620003287556,29.43,Moderate
20160308_072831_641_1,5,4,1,705,710,819.77,0.004879,0.006099,24.04,84.3,10.5061,24206,46.81,0.6107109885752172,0.5046273259109119,0.7588888888888888,0.29163615714520535,54.15,High
20160308_072831_641_1081,6,4,1,491,496,570.14,0.007016,0.010524,19.09,58.0,6.263,14430,88.56,0.3446854932374502,0.31278686634838,0.4666666666666667,0.41937267442729265,38.59,Moderate
20160308_072831_641_361,4,4,1,866,873,978.62,0.004087,0.004087,18.22,58.79,10.1285,23336,39.57,0.5870369702773828,0.6267034265458843,0.47544444444444445,0.2442953421300378,48.34,High
20160308_072831_641_721,3,2,1,399,400,439.76,0.004548,0.006822,17.93,46.0,5.7292,13200,84.02,0.31121835614162396,0.21258993842400029,0.3333333333333333,0.2718510437992199,28.22,Moderate
20160308_072844_1281_721,5,4,1,694,699,776.87,0.005149,0.006436,18.02,52.0,9.9431,22909,175.17,0.5754131276067829,0.4716587094976898,0.4,0.3077750713549216,43.87,Moderate
20160308_072844_1921_1,2,0,1,524,523,593.42,0.0,0.00337,19.51,58.33,7.487,17250,146.96,0.42142542543170125,0.33067752812226825,0.4703333333333333,0.0,30.56,Moderate
20160308_072844_1921_361,0,0,1,424,423,492.59,0.0,0.0,16.86,44.0,5.6988,13130,115.0,0.30931239704137464,0.25318975206294014,0.3111111111111111,0.0,21.84,Low
20160308_072844_1921_721,0,0,1,101,100,121.95,0.0,0.0,16.83,42.34,1.1866,2734,142.17,0.026415401905018666,0.0,0.2926666666666667,0.0,7.98,Low
20160308_072844_1_721,4,2,1,676,676,745.17,0.002684,0.005368,23.29,69.51,12.6853,29227,179.08,0.7473381619720405,0.44729728431589166,0.5945555555555556,0.16043276199584572,48.74,High
20160308_072844_641_721,8,4,2,768,771,874.55,0.004574,0.009148,25.46,79.09,14.0343,32335,3.05,0.8319150970456065,0.54672571302318,0.7010000000000001,0.27340516146385924,58.83,High
20160308_072935_1281_361,3,0,3,107,104,115.6,0.0,0.025952,7.52,19.6,0.4792,1104,167.77,0.0,0.0,0.040000000000000015,0.0,1.0,Low
20160308_072935_1281_721,5,4,1,712,716,816.24,0.004901,0.006126,15.36,47.99,8.125,18720,177.29,0.46142548812772427,0.5019145236745791,0.35544444444444445,0.29295117978451557,40.29,Moderate
20160308_072935_1921_361,7,5,1,743,749,849.65,0.005885,0.008239,17.5,68.33,8.7062,20059,4.72,0.49786441671538667,0.5275900825176035,0.5814444444444444,0.35176855601548135,48.97,High
20160308_072935_1921_721,3,2,2,167,167,194.34,0.010291,0.015437,32.06,95.98,2.0933,4823,2.83,0.08326188599041692,0.02398486056542331,0.8886666666666667,0.6151317264155172,40.28,Moderate
20160308_072935_1_361,10,9,1,791,800,914.32,0.009843,0.010937,19.18,55.53,11.3785,26216,3.91,0.6654069990705314,0.5772889268869059,0.43922222222222224,0.5883530835786547,56.76,High
20160308_072935_641_361,10,9,1,857,866,992.34,0.00907,0.010077,20.14,65.54,12.1345,27958,9.39,0.7128051924846276,0.6372472358043787,0.5504444444444445,0.5421479699338005,61.07,High
20160308_072935_641_721,1,1,2,200,199,226.75,0.00441,0.00441,18.59,46.0,1.8681,4304,16.38,0.06914274160304326,0.04889192019135632,0.3333333333333333,0.26360226542536497,17.87,Low
20160308_073014_1281_361,2,0,1,97,96,105.94,0.0,0.018878,31.53,90.79,1.2804,2950,164.76,0.03229628886565653,0.0,0.8310000000000001,0.0,21.58,Low
20160308_073014_1281_721,3,2,1,696,697,796.41,0.002511,0.003767,19.7,64.0,10.1662,23423,170.93,0.5894006103457842,0.48667518419965616,0.5333333333333333,0.1500919021503609,43.99,Moderate
20160308_073014_1921_361,2,1,1,663,663,753.71,0.001327,0.002654,21.0,87.18,9.9787,22991,172.17,0.577645106026812,0.4538602676298525,0.790888888888889,0.07931977465293863,47.54,High
20160308_073014_1921_721,3,1,1,83,83,94.18,0.010618,0.031853,21.44,59.19,0.9314,2146,14.1,0.01041537682660945,0.0,0.47988888888888886,0.6346777447361736,28.12,Moderate
20160308_073014_1_361,1,0,1,284,283,329.39,0.0,0.003036,32.88,89.58,7.7057,17754,25.59,0.4351370456693505,0.12777067983361995,0.8175555555555556,0.0,34.51,Moderate
20160308_073014_1_721,0,0,1,513,512,580.35,0.0,0.0,27.79,66.38,11.3581,26169,16.2,0.6641280002006272,0.3206332433548834,0.5597777777777777,0.0,38.61,Moderate
20160308_073014_641_721,2,2,1,735,738,827.06,0.002418,0.002418,29.42,84.0,17.3533,39982,174.02,1.0,0.5102296852035083,0.7555555555555555,0.14453294281145862,60.26,High
20160308_073213_1281_721,3,2,1,671,674,753.94,0.002653,0.003979,11.81,57.94,4.8828,11250,13.11,0.2581524422452072,0.4540370224497835,0.46599999999999997,0.15857977554954494,33.42,Moderate
20160308_073213_1921_1081,4,1,2,645,645,739.03,0.001353,0.005413,15.38,62.0,6.7917,15648,18.77,0.3778328806158003,0.44257869912295034,0.5111111111111111,0.08087389231757797,35.31,Moderate
20160308_073213_1_1,2,1,1,410,410,499.88,0.002,0.004001,24.57,83.91,6.8924,15880,45.42,0.38414637013537634,0.2587921113555366,0.7545555555555555,0.11954751266456462,37.93,Moderate
20160308_073213_1_361,0,0,1,475,474,579.21,0.0,0.0,16.85,51.54,6.5738,15146,36.03,0.36417141719657864,0.3197571542473992,0.3948888888888889,0.0,26.97,Low
20160308_073213_641_361,0,0,1,107,106,130.02,0.0,0.0,8.34,21.19,0.6953,1602,38.5,0.0,0.0,0.05766666666666668,0.0,1.44,Low
20160308_073213_641_721,2,1,1,580,580,679.0,0.001473,0.002946,18.52,74.3,7.9184,18244,19.15,0.44847248976879267,0.39644569112095224,0.6477777777777778,0.08804674307745183,39.52,Moderate
20160308_073356_1281_1081,1,0,1,335,334,388.26,0.0,0.002576,12.81,40.75,3.4019,7838,67.77,0.16530590173338827,0.173012228743792,0.275,0.0,15.33,Low
20160308_073356_1281_361,2,1,2,263,262,289.75,0.003451,0.006902,24.01,82.0,2.8581,6585,91.78,0.13121180440721691,0.09730737086811596,0.7333333333333333,0.20627923310270624,29.2,Moderate
20160308_073356_1281_721,2,1,1,319,319,352.14,0.00284,0.00568,13.51,42.79,3.049,7025,90.76,0.14318047520450658,0.1452540370224498,0.29766666666666663,0.16975746798368174,18.9,Low
20160308_073356_641_1,6,6,1,509,517,589.49,0.010178,0.010178,15.67,44.76,5.8971,13587,74.46,0.32174501840911973,0.32765732619909904,0.31955555555555554,0.6083772919499693,39.43,Moderate
20160308_073356_641_1081,1,0,1,91,90,100.77,0.0,0.009924,13.82,32.0,0.8247,1900,72.95,0.0037257111688262868,0.0,0.17777777777777778,0.0,4.54,Low
20160308_073356_641_361,2,0,2,334,332,367.62,0.0,0.00544,13.52,40.79,2.4462,5636,84.52,0.10538731251929861,0.15715040490302504,0.27544444444444444,0.0,13.45,Low
20160308_073356_641_721,2,0,2,132,130,145.74,0.0,0.013723,15.33,43.15,1.082,2493,93.91,0.019857397895607993,0.0,0.30166666666666664,0.0,8.04,Low
20160308_074702_1281_361,3,2,1,723,723,797.97,0.002506,0.00376,37.34,108.77,19.8129,45649,178.31,1.0,0.4878740429783188,1.0,0.14979303336869945,65.94,High
20160308_074702_1281_721,1,0,2,120,118,128.77,0.0,0.007766,12.56,38.76,0.5239,1207,179.8,0.0,0.0,0.2528888888888889,0.0,6.32,Low
20160308_074702_1921_361,3,1,1,678,677,741.62,0.001348,0.004045,29.33,85.12,16.5282,38081,177.75,0.9882727088913931,0.44456911209521716,0.768,0.08057502353591654,57.04,High
20160308_074702_1_1081,1,0,1,215,214,246.72,0.0,0.004053,13.73,39.54,2.2244,5125,151.46,0.09148133461024234,0.06423884955667203,0.26155555555555554,0.0,10.43,Low
20160308_074702_1_361,4,2,1,709,711,812.07,0.002463,0.004926,20.8,80.79,11.7969,27180,179.2,0.6916390151081742,0.49870988193930793,0.7198888888888889,0.1472227618464113,51.44,High
20160308_074702_1_721,5,0,4,640,636,751.98,0.0,0.006649,11.98,72.8,5.3832,12403,170.36,0.28952553217168053,0.4525307639842843,0.6311111111111111,0.0,34.33,Moderate
20160308_074702_641_361,3,1,2,616,614,712.58,0.001403,0.00421,41.24,144.21,12.3008,28341,0.76,0.7232315411152681,0.42225189483088227,1.0,0.08386258013419207,55.73,High
20160308_074702_641_721,4,1,2,425,424,463.35,0.002158,0.008633,32.8,109.59,6.9175,15938,178.91,0.3857200403135428,0.23071883495518697,1.0,0.12899176616506522,43.64,Moderate
20160308_155720_1281_1,13,9,2,868,877,991.74,0.009075,0.013108,12.37,43.15,7.5074,17297,172.58,0.42270442430160543,0.6367861362741238,0.30166666666666664,0.542446838715462,47.59,High
20160308_155720_1281_1081,13,9,3,955,962,1138.04,0.007908,0.011423,16.37,74.35,6.1593,14191,154.37,0.3381839156487706,0.7492175717345989,0.6483333333333333,0.47269086507568847,55.21,High
20160308_155720_1281_361,10,3,4,725,727,817.3,0.003671,0.012235,9.21,28.78,4.6523,10719,2.73,0.24370100893575067,0.502729132844696,0.14200000000000002,0.21942945949580833,27.7,Low
20160308_155720_1281_721,13,14,2,1740,1754,1972.7,0.007097,0.00659,11.32,43.94,12.1528,28000,174.63,0.7139525297061593,1.0,0.3104444444444444,0.4242143486902075,61.22,High
20160308_155720_1921_1,14,10,3,982,996,1124.41,0.008894,0.012451,11.48,37.58,7.4449,17153,177.14,0.418785922861948,0.738742927405643,0.23977777777777776,0.5316277888193188,48.22,High
20160308_155720_1921_361,3,2,1,174,173,210.69,0.009492,0.014239,7.43,20.38,0.9531,2196,140.46,0.011775880526458506,0.03654982276486807,0.04866666666666666,0.5673724951060237,16.61,Low
20160308_155720_1921_721,9,2,4,654,653,725.07,0.002758,0.012413,8.63,29.18,3.6385,8383,172.82,0.18013978078335544,0.4318504500523541,0.14644444444444443,0.1648560199644346,23.08,Low
20160308_155720_1_1,9,8,1,889,900,1047.87,0.007635,0.008589,12.23,34.39,7.862,18114,27.66,0.44493643406964584,0.6799219973294652,0.20433333333333334,0.45637262959697544,44.64,Moderate
20160308_155720_1_1081,1,0,1,453,452,523.24,0.0,0.001911,3.55,9.99,1.072,2470,23.76,0.019230437665262803,0.27674425306679223,0.0,0.0,7.4,Low
20160308_155720_1_361,1,0,1,126,125,140.74,0.0,0.007105,12.65,32.0,1.0269,2366,13.08,0.016402847026405994,0.0,0.17777777777777778,0.0,4.85,Low
20160308_155720_641_1,5,4,1,552,556,616.89,0.006484,0.008105,11.95,34.36,4.4761,10313,167.87,0.23265396967706842,0.348714204747404,0.204,0.3875730360585185,29.32,Moderate
20160308_155720_641_1081,9,7,4,983,990,1109.71,0.006308,0.00811,8.17,31.58,4.6267,10660,163.83,0.24209599074606694,0.7274459889143989,0.1731111111111111,0.3770528549440368,37.99,Moderate
20160308_155720_641_361,7,7,2,604,612,686.14,0.010202,0.010202,14.5,43.54,5.8759,13538,79.36,0.3204158627207879,0.401932775530985,0.306,0.609811862101944,40.95,Moderate
20160308_155720_641_721,8,8,1,1114,1125,1298.97,0.006159,0.006159,9.79,36.39,6.5217,15026,31.15,0.3609049543964802,0.8728921507411217,0.22655555555555557,0.36814656525052675,45.71,Moderate
20160308_155828_1281_721,7,3,4,627,628,688.48,0.004357,0.010167,9.01,40.76,3.8008,8757,174.91,0.19031534532185787,0.40373106369897893,0.2751111111111111,0.260434256339754,28.24,Moderate
20160308_155828_1921_361,3,0,3,306,303,323.71,0.0,0.009268,11.21,43.94,1.4141,3258,0.62,0.040678747145371695,0.12340560428054065,0.3104444444444444,0.0,11.86,Low
20160308_155828_1921_721,5,2,4,505,504,563.23,0.003551,0.008877,12.16,58.8,2.7418,6317,2.3,0.12392025692830239,0.30747653675827824,0.4755555555555555,0.21225660873593447,27.98,Moderate
20160308_155828_1_361,1,0,1,488,487,569.01,0.0,0.001757,5.45,19.99,1.8754,4321,18.17,0.06960042257119524,0.3119184622330667,0.044333333333333315,0.0,10.65,Low
20160308_155828_1_721,0,0,1,210,209,237.99,0.0,0.0,4.28,15.59,0.4744,1093,16.4,0.0,0.05752985139146392,0.0,0.0,1.44,Low
20160308_155828_641_721,9,6,2,686,692,790.58,0.007589,0.011384,6.81,23.18,2.9957,6902,174.53,0.1398387771767667,0.48219483376401323,0.07977777777777778,0.45362303680569044,28.89,Moderate
20160308_160053_1281_361,4,2,1,668,670,740.42,0.002701,0.005402,18.23,60.0,9.2843,21391,171.31,0.5341089876316419,0.44364691303470744,0.4888888888888889,0.1614489158534945,40.7,Moderate
20160308_160053_1921_361,6,2,2,677,677,736.65,0.002715,0.008145,18.8,56.39,8.8898,20482,176.29,0.5093754065445242,0.44074967098627277,0.4487777777777778,0.16228574844214647,39.03,Moderate
20160308_160053_1_361,2,0,2,272,270,288.64,0.0,0.006929,16.44,61.18,1.6402,3779,179.91,0.05485431795347642,0.09645433673714446,0.502,0.0,16.33,Low
20160308_160053_1_721,2,0,1,624,623,660.28,0.0,0.003029,24.27,75.9,10.7261,24713,178.64,0.6245041136428112,0.3820593857770008,0.6655555555555556,0.0,41.8,Moderate
20160308_160053_641_361,2,0,1,636,635,694.65,0.0,0.002879,18.73,62.0,7.1289,16425,175.26,0.39897397958304004,0.408472703868433,0.5111111111111111,0.0,32.96,Moderate
20160308_160053_641_721,0,0,2,175,173,180.87,0.0,0.0,11.96,32.0,0.592,1364,0.89,0.0,0.013633176111201847,0.17777777777777778,0.0,4.79,Low
20160310_114446_641_1,4,4,1,591,594,681.81,0.005867,0.005867,29.85,82.3,12.5612,28941,93.98,0.7395575855134568,0.3986051739209791,0.7366666666666666,0.3506926284015003,55.64,High
20160310_114446_641_1081,3,1,1,387,388,436.46,0.002291,0.006873,25.68,69.91,8.0343,18511,98.27,0.4557389588384934,0.21005389100759858,0.599,0.13694167575725877,35.04,Moderate
20160310_114446_641_361,5,8,1,661,674,787.91,0.010153,0.006346,33.52,93.09,11.9957,27638,89.88,0.7041029844874365,0.4801429408543791,0.8565555555555556,0.6068829480416623,66.19,High
20160310_114446_641_721,6,7,2,807,824,964.42,0.007258,0.006221,27.67,103.47,9.9197,22855,71.78,0.5739460406677752,0.6157907376631861,0.9718888888888889,0.43383792345970495,64.89,High
20160316_141721_1281_721,2,1,1,818,818,933.57,0.001071,0.002142,7.99,22.39,5.1189,11794,3.41,0.27295497328365714,0.5920825368159158,0.07100000000000001,0.06401769303187434,25.0,Low
20160316_141721_1921_361,2,0,2,380,378,404.1,0.0,0.004949,10.95,41.15,2.3299,5368,178.45,0.09809576504038406,0.18518525634252017,0.27944444444444444,0.0,14.07,Low
20160316_141721_1921_721,1,1,2,496,494,548.26,0.001824,0.001824,9.15,30.76,2.6523,6111,172.43,0.11830896286671294,0.2959721034784196,0.164,0.10902733155008293,17.18,Low
20160316_141721_1_721,6,4,1,664,667,746.94,0.005355,0.008033,9.49,34.0,4.822,11110,2.5,0.2543405240447085,0.4486575279301436,0.2,0.3200884651593718,30.58,Moderate
20160316_141721_641_721,7,5,2,660,662,752.71,0.006643,0.0093,8.93,27.97,4.605,10610,171.39,0.24073548704621794,0.45309176841276105,0.13299999999999998,0.3970770633153513,30.6,Moderate
20160316_142009_1281_361,6,4,1,687,693,753.89,0.005306,0.007959,13.4,48.0,5.9926,13807,177.06,0.3277324886089163,0.4539985974889289,0.35555555555555557,0.3171595510990899,36.36,Moderate
20160316_142009_1281_721,1,0,2,168,166,172.63,0.0,0.005793,10.3,26.0,0.5642,1300,179.43,0.0,0.007300742562368516,0.1111111111111111,0.0,2.96,Low
20160316_142009_1921_1,2,0,1,55,54,61.04,0.0,0.032765,19.26,46.0,0.4657,1073,175.18,0.0,0.0,0.3333333333333333,0.0,8.33,Low
20160316_142009_1921_361,2,0,1,761,760,857.34,0.0,0.002333,24.6,117.15,11.4705,26428,147.78,0.6711750331897071,0.5334998414970367,1.0,0.0,55.12,High
20160316_142009_1921_721,0,0,2,208,206,211.8,0.0,0.0,10.57,31.58,0.5968,1375,178.15,0.0,0.03740285689583956,0.1731111111111111,0.0,5.26,Low
20160316_142009_1_361,6,4,1,672,675,762.4,0.005247,0.00787,14.67,47.94,7.5747,17452,11.09,0.4269238666518286,0.4605385258263769,0.35488888888888886,0.3136328994754852,38.9,Moderate
20160316_142009_641_361,9,4,3,663,665,770.21,0.005193,0.011685,12.93,60.0,5.9132,13624,4.11,0.3227544243799755,0.466540504711861,0.4888888888888889,0.310405116633542,39.71,Moderate
20160316_142014_1281_361,25,9,9,627,628,722.44,0.012458,0.034605,6.57,25.58,2.6923,6203,174.39,0.1208168037880937,0.4298292971114037,0.10644444444444442,0.744661456387573,35.04,Moderate
20160316_142014_1921_361,13,11,3,966,983,1106.44,0.009942,0.011749,15.1,85.58,6.8147,15701,175.22,0.37927488914559426,0.72493299647451,0.7731111111111111,0.5942706854555506,61.79,High
20160316_142014_1_1081,9,2,4,348,347,409.96,0.004879,0.021953,5.64,15.59,1.3125,3024,161.75,0.03430883120506459,0.18968866175467586,0.0,0.29163615714520535,12.89,Low
20160316_142014_641_1081,7,5,1,317,325,388.37,0.012874,0.018024,6.46,23.58,1.3546,3121,155.02,0.03694833377481783,0.17309676365767207,0.0842222222222222,0.7695273390218024,26.59,Low
20160316_142014_641_361,11,4,5,374,374,428.26,0.00934,0.025685,4.15,12.79,1.0408,2398,141.14,0.01727432174658581,0.2037521974274489,0.0,0.5582868841435167,19.48,Low
20160316_142014_641_721,7,1,4,283,281,328.63,0.003043,0.0213,3.85,10.79,0.7196,1658,39.31,0.0,0.12718662042863046,0.0,0.18189154051913506,7.73,Low
20160316_142223_361_1,4,2,1,668,669,765.1,0.002614,0.005228,8.28,34.0,4.2431,9776,84.15,0.21804579631002555,0.46261347371252376,0.2,0.15624859905258595,25.92,Low
20160316_142223_361_1281,14,5,6,747,747,856.35,0.005839,0.016348,4.18,12.79,2.0217,4658,82.78,0.07877285074114536,0.5327390272721161,0.0,0.34901896322419634,24.01,Low
20160316_142223_361_1921,10,2,4,690,689,795.04,0.002516,0.012578,5.7,19.6,2.6372,6076,95.03,0.11736225291889171,0.48562234027224094,0.040000000000000015,0.15039077093202227,19.83,Low
20160316_142223_361_641,10,7,4,685,689,773.09,0.009055,0.012935,5.71,17.58,2.5829,5951,89.99,0.11395785886811734,0.46875378245708427,0.017555555555555536,0.5412513635888163,28.54,Moderate
20160316_142223_721_641,4,1,2,168,167,187.3,0.005339,0.021357,5.13,18.39,0.5139,1184,91.97,0.0,0.0185746260770997,0.02655555555555556,0.31913208505805524,9.11,Low
20160316_142226_1281_361,3,4,3,447,448,491.08,0.008145,0.006109,21.51,86.0,4.1246,9503,178.66,0.21061631758043506,0.2520293182451321,0.7777777777777778,0.48685724532643937,43.18,Moderate
20160316_142226_1281_721,2,1,4,546,542,594.19,0.001683,0.003366,11.07,49.94,2.9071,6698,177.29,0.13428390953590832,0.3312692725194287,0.37711111111111106,0.10059923190723112,23.58,Low
20160316_142226_1921_721,10,7,3,929,945,1100.74,0.006359,0.009085,17.05,53.94,11.0786,25525,23.19,0.6466044617624791,0.7205525509370889,0.4215555555555555,0.3801013165169832,54.22,High
20160316_142226_1_361,16,16,4,946,980,1140.71,0.014026,0.014026,11.55,35.19,7.3129,16849,27.49,0.4105100478213915,0.751269464644233,0.2132222222222222,0.8383867063165916,55.33,High
20160316_142226_641_361,7,7,1,496,501,574.73,0.01218,0.01218,9.15,31.58,3.0664,7065,10.2,0.1442713860053072,0.3163142777548296,0.1731111111111111,0.7280443521271984,34.04,Moderate
20160316_142226_641_721,2,1,1,296,295,333.94,0.002995,0.005989,10.56,32.0,2.3945,5517,9.41,0.10214592812841397,0.13126735127138592,0.17777777777777778,0.1790224002151855,14.76,Low
20160316_142449_1281_721,20,17,2,1107,1126,1271.8,0.013367,0.015726,17.1,54.36,11.6658,26878,2.23,0.6834195664883488,0.8520120270127477,0.4262222222222222,0.7989958008936177,69.02,High
20160316_142449_1921_361,2,4,1,264,268,316.88,0.012623,0.006312,16.46,46.0,3.1393,7233,155.15,0.14884192608452362,0.11815675462780625,0.3333333333333333,0.7545241261823996,33.87,Moderate
20160316_142449_1921_721,5,5,1,617,622,716.44,0.006979,0.006979,15.83,45.94,7.332,16893,161.03,0.41170754186135083,0.42521830180885517,0.33266666666666667,0.4171610454429982,39.67,Moderate
20160316_142449_1_361,11,10,3,899,911,1022.01,0.009785,0.010763,14.99,54.73,8.0516,18551,1.72,0.45682360003699063,0.6600486075754811,0.4303333333333333,0.5848862057113824,53.3,High
20160316_142449_641_361,5,6,1,442,452,510.82,0.011746,0.009788,12.62,42.0,4.0799,9400,0.97,0.20781380535079208,0.2671994927905168,0.28888888888888886,0.7021025418789879,36.65,Moderate
20160316_142449_641_721,13,12,1,572,588,685.34,0.01751,0.018969,12.54,47.54,4.0334,9293,21.29,0.20489844027968696,0.4013179761573119,0.35044444444444445,1.0,48.92,High
20160316_143433_1281_1,9,3,3,331,333,390.16,0.007689,0.023067,3.84,12.0,0.7817,1801,148.6,0.0010297821783419737,0.17447237725626574,0.0,0.45960041243891864,15.88,Low
20160316_143433_1281_721,11,4,4,813,813,928.98,0.004306,0.011841,5.63,18.78,3.3411,7698,173.53,0.16149398353288952,0.5885551254094661,0.030888888888888903,0.2573857947668076,25.96,Low
20160316_143433_1921_1,7,3,2,340,343,379.87,0.007898,0.018428,6.39,18.79,1.411,3251,93.15,0.040484389473964696,0.16656452031239496,0.03099999999999999,0.4720931275123657,17.75,Low
20160316_143433_1921_1081,16,9,6,647,653,737.5,0.012203,0.021695,5.82,20.79,2.372,5465,169.46,0.1007352676101373,0.4414028953208005,0.05322222222222221,0.729419148522841,33.12,Moderate
20160316_143433_1921_721,14,5,6,694,696,804.94,0.006212,0.017393,6.35,21.58,2.9575,6814,27.74,0.1374437890968481,0.4932304825214461,0.06199999999999998,0.3713145743361377,26.6,Low
20160316_143433_1_361,20,19,3,969,996,1140.56,0.016658,0.017535,6.39,24.0,4.0916,9427,173.21,0.2085473488202959,0.7511541897616693,0.08888888888888889,0.9957112329831586,51.11,High
20160316_143433_641_1,16,8,5,361,370,424.68,0.018838,0.037676,5.11,15.59,1.2595,2902,141.26,0.03098594198423509,0.20100097023026162,0.0,1.0,30.8,Moderate
20160316_143433_641_361,21,14,5,860,871,1018.46,0.013746,0.020619,7.18,30.36,3.8889,8960,40.59,0.19583886495119895,0.6573204353548067,0.15955555555555556,0.8216500545435526,45.86,Moderate
20160316_143433_641_721,7,9,1,434,453,540.4,0.016654,0.012953,6.2,20.38,1.8568,4278,27.55,0.06843427654275319,0.28993169963208104,0.04866666666666666,0.9954721379578294,35.06,Moderate
20160316_143603_1281_1,16,10,7,788,797,937.42,0.010668,0.017068,5.18,17.58,2.6081,6009,127.97,0.11553779864858721,0.5950412588017177,0.017555555555555536,0.6376664325527877,34.15,Moderate
20160316_143603_1281_361,23,21,5,1338,1361,1582.6,0.013269,0.014533,7.22,25.2,6.6155,15242,6.11,0.36678584135711806,1.0,0.10222222222222221,0.7931379727730539,56.55,High
20160316_143603_1281_721,17,15,4,1099,1126,1290.44,0.011624,0.013174,9.9,36.0,6.9896,16104,12.01,0.3902404235743316,0.8663368524193318,0.2222222222222222,0.6948101436064495,54.34,High
20160316_143603_1921_1,5,3,1,302,302,366.62,0.008183,0.013638,9.08,28.0,1.9266,4439,139.2,0.07281045895056262,0.15638190568593363,0.13333333333333333,0.4891286480670661,21.29,Low
20160316_143603_1921_1081,14,6,4,627,631,737.45,0.008136,0.018984,8.84,34.76,3.8646,8904,73.54,0.19431535159146016,0.44136447035994597,0.20844444444444443,0.4863192815194488,33.26,Moderate
20160316_143603_1921_361,16,7,9,1178,1177,1337.3,0.005234,0.011964,8.02,31.96,5.9991,13822,172.21,0.3281400127586407,0.9023487257322359,0.17733333333333334,0.3128558406431656,43.02,Moderate
20160316_143603_1921_721,21,8,11,887,887,999.67,0.008003,0.021007,6.61,29.16,3.2209,7421,154.01,0.15395792156414037,0.6428803350656588,0.14622222222222223,0.47836937192725526,35.54,Moderate
20160316_143603_1_1,12,11,5,767,783,891.11,0.012344,0.013466,10.01,39.54,5.0881,11723,98.32,0.271023935774194,0.5594520600582139,0.26155555555555554,0.7378472481656928,45.75,Moderate
20160316_143603_1_1081,7,10,1,509,528,609.6,0.016404,0.011483,11.61,39.59,3.7934,8740,68.61,0.18985139475140242,0.34311184545480755,0.26211111111111113,0.9805286988747588,44.39,Moderate
20160316_143603_1_361,17,14,3,1212,1227,1410.5,0.009926,0.012052,16.51,60.0,12.3845,28534,34.06,0.7284791982432574,0.9586028684233279,0.4888888888888889,0.5933143053542342,69.23,High
20160316_143603_1_721,5,6,1,438,447,505.4,0.011872,0.009893,12.22,36.36,3.8364,8839,74.07,0.1925473237418867,0.26303422703388124,0.2262222222222222,0.7096340351768555,34.79,Moderate
20160316_143603_641_1,2,10,1,254,273,305.31,0.032754,0.006551,8.6,33.58,1.0395,2395,87.05,0.017192816916640943,0.10926521868605849,0.1953333333333333,1.0,33.04,Moderate
20160316_143603_641_1081,14,10,5,707,722,855.79,0.011685,0.016359,11.45,36.0,5.625,12960,146.56,0.30468543054142716,0.5323086677105449,0.2222222222222222,0.6984563427427187,43.94,Moderate
20160316_143603_641_361,4,3,2,345,345,387.66,0.007739,0.010318,12.62,34.39,2.8581,6585,2.75,0.13121180440721691,0.17255112921353719,0.20433333333333334,0.4625891002555328,24.27,Low
20160316_143603_641_721,9,11,1,993,1017,1143.34,0.009621,0.007872,11.14,39.2,6.9227,15950,154.05,0.3860460596333223,0.7532906175851835,0.25777777777777783,0.575083309672888,49.3,High
20160316_143624_1081_1281,6,5,2,448,455,515.06,0.009708,0.011649,14.53,51.54,4.3967,10130,177.01,0.22767590544812763,0.27045792947098435,0.3948888888888889,0.5802836264737966,36.83,Moderate
20160316_143624_1081_641,3,1,2,104,103,120.4,0.008306,0.024918,16.21,52.34,0.8941,2060,1.02,0.008076815167421897,0.0,0.4037777777777778,0.4964808200959368,22.71,Low
20160316_143624_1_641,8,5,3,538,545,646.07,0.007739,0.012383,12.89,34.76,5.3915,12422,37.14,0.290045909162867,0.3711390119021317,0.20844444444444443,0.4625891002555328,33.31,Moderate
20160316_143624_361_1281,6,5,1,635,640,707.52,0.007067,0.00848,13.12,38.36,6.066,13976,98.75,0.33233437669964994,0.41836328879239965,0.24844444444444444,0.42242113600023906,35.54,Moderate
20160316_143624_361_1921,7,5,1,687,693,759.69,0.006582,0.009214,13.25,34.39,7.2873,16790,95.71,0.40890502963170783,0.4584558929480592,0.20433333333333334,0.39343086417908213,36.63,Moderate
20160316_143624_361_641,5,4,1,537,546,646.65,0.006186,0.007732,13.17,46.0,5.1085,11770,23.41,0.27230293464409816,0.3715847414480447,0.3333333333333333,0.3697604566714983,33.67,Moderate
20160316_143624_721_1281,6,5,3,599,604,671.1,0.00745,0.008941,14.74,52.0,4.9965,11512,166.67,0.26528098006423206,0.39037454730593,0.4,0.44531448467550316,37.52,Moderate
20160316_143624_721_641,5,5,4,539,540,610.0,0.008197,0.008197,14.19,42.79,4.0265,9277,14.19,0.20446583772074878,0.34341924514164407,0.29766666666666663,0.48996548065571804,33.39,Moderate
20160316_143629_1281_361,14,15,1,1020,1040,1193.67,0.012566,0.011729,18.05,63.15,10.1306,23341,23.02,0.5871686319257552,0.7919691831813948,0.5238888888888888,0.7511170220714595,66.35,High
20160316_143629_1281_721,4,1,3,231,230,259.82,0.003849,0.015395,15.19,58.8,1.2201,2811,76.15,0.02851571867667504,0.07430618930056966,0.4755555555555555,0.2300691881229546,20.21,Low
20160316_143629_1921_361,11,9,2,741,751,853.31,0.010547,0.012891,16.39,50.0,8.1662,18815,164.24,0.46400856427674647,0.5304027896521581,0.37777777777777777,0.6304338080365816,50.07,High
20160316_143629_1921_721,0,3,1,355,360,423.37,0.007086,0.0,21.31,60.0,3.8624,8899,143.67,0.19417742034078422,0.19999423625587187,0.4888888888888889,0.42355683737055244,32.67,Moderate
20160316_143629_1_721,12,10,1,889,901,1024.44,0.009761,0.011714,15.01,53.2,8.3364,19207,172.94,0.4746794273972215,0.6619160606730133,0.4133333333333334,0.5834516355594076,53.33,High
20160316_143629_641_361,9,13,1,877,890,1026.69,0.012662,0.008766,21.04,77.19,10.0386,23129,160.08,0.5814005978065796,0.6636451839114691,0.6798888888888889,0.7568553026793585,67.04,High
20160316_143629_641_721,1,0,2,206,204,218.5,0.0,0.004577,12.42,35.97,0.9293,2141,176.78,0.01028371517823696,0.04255180165035208,0.22188888888888889,0.0,6.87,Low
20160316_144105_1281_1,4,3,2,403,405,460.09,0.00652,0.008694,11.31,36.4,3.6732,8463,78.08,0.18231533278265324,0.22821352750746887,0.22666666666666666,0.38972489128648063,25.67,Low
20160316_144105_1281_1081,8,9,2,609,628,711.26,0.012654,0.011248,18.94,59.97,6.5412,15071,91.45,0.3621275268456533,0.42123747586432153,0.4885555555555555,0.7563771126287003,50.71,High
20160316_144105_1281_361,29,34,4,1766,1812,2052.66,0.016564,0.014128,14.33,53.59,13.8012,31798,9.39,0.8173006540762602,1.0,0.4176666666666667,0.990092499887924,80.63,High
20160316_144105_1281_721,10,10,2,1212,1230,1431.72,0.006985,0.006985,13.4,41.57,11.1749,25747,150.81,0.6526420887807032,0.9749104218100081,0.2841111111111111,0.4175196879809919,58.23,High
20160316_144105_1921_1,5,6,1,535,543,646.14,0.009286,0.007738,14.81,47.6,4.9345,11369,133.19,0.2613938266360919,0.3711928068473281,0.35111111111111115,0.5550591013015735,38.47,Moderate
20160316_144105_1921_361,7,6,1,592,595,705.6,0.008503,0.009921,15.0,48.0,6.1372,14140,151.66,0.33679833353970773,0.4168877702955841,0.35555555555555557,0.5082562500933965,40.44,Moderate
20160316_144105_1_1,16,22,3,1142,1187,1398.25,0.015734,0.011443,12.1,41.54,8.7539,20169,27.2,0.5008550170141332,0.949188753013958,0.2837777777777778,0.9404802821321299,66.86,High
20160316_144105_1_361,7,6,4,546,552,629.46,0.009532,0.011121,7.79,27.58,2.7678,6377,165.61,0.12555035352719987,0.3583742399062432,0.12866666666666665,0.569763445359315,29.56,Moderate
20160316_144105_1_721,8,4,2,503,507,574.93,0.006957,0.013915,9.3,39.16,2.9401,6774,18.86,0.13635287829604748,0.31646797759824785,0.2573333333333333,0.415846022803688,28.15,Moderate
20160316_144105_641_361,20,18,1,1068,1092,1262.24,0.01426,0.015845,14.77,60.39,9.3728,21595,20.29,0.5396575856701968,0.8446651744973538,0.49322222222222223,0.8523737652983457,68.25,High
20160316_144105_641_721,13,9,4,820,831,967.69,0.0093,0.013434,7.38,25.18,4.3789,10089,22.46,0.2265599162381132,0.6183037301030752,0.102,0.5558959338902254,37.57,Moderate
20160316_144203_1281_721,10,13,3,1285,1308,1501.02,0.008661,0.006662,24.56,81.5,19.0321,43850,11.92,1.0,1.0,0.7277777777777777,0.5177005035938971,81.14,High
20160316_144203_1921_721,4,11,1,1170,1184,1373.3,0.00801,0.002913,19.44,73.1,15.6372,36028,169.19,0.9324105523676369,0.9300146975475271,0.6344444444444444,0.47878778822158125,74.39,High
20160316_144203_1_361,4,6,2,789,794,909.57,0.006597,0.004398,19.1,54.73,11.4405,26359,169.24,0.6692941524986716,0.5736385556057216,0.4303333333333333,0.3943274705240664,51.69,High
20160316_144203_641_361,10,8,1,907,920,1051.72,0.007607,0.009508,18.93,57.55,11.7487,27069,4.46,0.6886170667979102,0.6828807193152674,0.4616666666666666,0.4546989644196715,57.2,High
20160316_144203_641_721,4,3,2,516,517,577.89,0.005191,0.006922,19.62,48.36,8.3446,19226,16.87,0.4751935347861046,0.3187427352808385,0.3595555555555556,0.31028556912087746,36.59,Moderate
20160316_144212_1281_361,3,1,1,237,239,270.07,0.003703,0.011108,19.38,57.12,2.3802,5484,165.49,0.10124937499902036,0.08218330627575675,0.45688888888888884,0.2213422196984414,21.54,Low
20160316_144212_1281_721,9,5,3,945,944,1063.71,0.004701,0.008461,19.29,80.76,11.8598,27325,167.78,0.6955825949570453,0.6920950249281935,0.7195555555555556,0.2809964285180591,59.71,High
20160316_144212_1921_361,7,5,1,753,759,856.75,0.005836,0.00817,17.93,57.12,9.8911,22789,166.12,0.572152934408988,0.5330464269589527,0.45688888888888884,0.34883964195519956,47.77,High
20160316_144212_1921_721,3,1,1,111,111,122.18,0.008184,0.024553,16.95,45.96,1.4575,3358,103.09,0.04339975454506982,0.0,0.3328888888888889,0.4891884218233984,21.64,Low
20160316_144212_1_361,3,3,1,177,190,228.11,0.013152,0.013152,13.32,35.15,1.6198,3732,32.94,0.05357531908357222,0.04993707912660066,0.21277777777777776,0.7861444432821769,27.56,Low
20160316_144212_1_721,7,5,2,682,689,760.66,0.006573,0.009203,15.66,45.94,8.6293,19882,175.48,0.49304309254403217,0.4592013371886378,0.33266666666666667,0.39289290037209157,41.95,Moderate
20160316_144212_641_361,1,1,3,315,312,338.1,0.002958,0.002958,14.82,41.18,1.7847,4112,2.69,0.06391389328196438,0.13446430801448625,0.2797777777777778,0.17681077123089106,16.37,Low
20160316_144212_641_721,11,12,3,990,1003,1137.62,0.010548,0.009669,14.25,50.0,8.5647,19733,8.73,0.48899292945600226,0.7488948020634205,0.37777777777777777,0.6304935817929138,56.15,High
20160316_183217_1281_1,1,1,1,419,419,502.67,0.001989,0.001989,21.33,66.39,6.8303,15737,59.81,0.38025294710493274,0.2609362241712217,0.5598888888888889,0.1188900013449095,33.0,Moderate
20160316_183217_1281_1081,1,2,1,734,736,818.84,0.002442,0.001221,12.28,50.0,5.776,13308,60.66,0.3141525300196395,0.5039126216390168,0.37777777777777777,0.1459675129634334,33.55,Moderate
20160316_183217_1281_361,2,0,1,326,325,370.98,0.0,0.005391,28.8,90.38,8.6576,19947,98.63,0.4948173899959091,0.15973256227245222,0.8264444444444444,0.0,37.02,Moderate
20160316_183217_1281_721,3,3,1,537,540,637.34,0.004707,0.004707,10.93,30.79,4.0464,9323,68.18,0.20571348857913568,0.36443001373692363,0.16433333333333333,0.28135507105605284,25.4,Low
20160318_181602_1281_361,16,10,3,975,984,1145.54,0.008729,0.013967,14.96,48.0,11.0135,25375,174.72,0.6425229506629321,0.7549813158627846,0.35555555555555557,0.5217651190244923,56.87,High
20160318_181602_1921_361,12,10,5,829,834,953.29,0.01049,0.012588,13.64,43.18,7.9865,18401,6.98,0.45274208893744344,0.6072373413769586,0.302,0.6270267039256413,49.73,High
20160318_181602_1_1081,2,0,1,66,65,79.91,0.0,0.025028,19.25,48.0,1.3819,3184,179.94,0.038659935203660185,0.0,0.35555555555555557,0.0,9.86,Low
20160318_181602_1_721,5,6,2,883,902,1051.95,0.005704,0.004753,13.78,45.15,9.1567,21097,151.78,0.5261089750924375,0.6830574741351985,0.3238888888888889,0.3409495061193383,46.85,High
20160318_181602_641_361,15,12,3,926,938,1078.83,0.011123,0.013904,16.51,47.94,10.4852,24158,158.25,0.6094006416937957,0.7037147330906157,0.35488888888888886,0.6648634916839761,58.32,High
20160318_181602_641_721,2,1,1,51,52,61.53,0.016253,0.032506,13.79,30.76,0.5252,1210,153.52,0.0,0.0,0.164,0.9715028616685843,28.39,Moderate
20160318_181627_1281_361,6,4,2,797,799,895.93,0.004465,0.006697,14.67,50.0,8.6845,20009,7.74,0.4965039130155376,0.5631562262845946,0.37777777777777777,0.26688982202364053,42.61,Moderate
20160318_181627_1281_721,6,7,1,863,873,1013.42,0.006907,0.005921,18.47,55.53,12.0512,27766,153.64,0.7075826137658522,0.6534471993006659,0.43922222222222224,0.4128573349870739,55.33,High
20160318_181627_1921_361,12,12,1,896,912,1031.29,0.011636,0.011636,20.3,53.59,12.7756,29435,164.23,0.7529996128520577,0.6671802803100896,0.4176666666666667,0.6955274286824369,63.33,High
20160318_181627_1921_721,1,0,1,63,62,71.94,0.0,0.0139,25.38,68.71,0.612,1410,107.91,0.0,0.0,0.5856666666666666,0.0,14.64,Low
20160318_181627_1_1,1,0,1,164,163,180.81,0.0,0.005531,15.24,52.0,1.7292,3984,2.53,0.06043426400354859,0.01358706615817636,0.4,0.0,11.85,Low
20160318_181627_1_361,5,3,2,708,712,832.12,0.003605,0.006009,14.12,47.56,7.829,18038,26.38,0.4428674653095067,0.5141182912419909,0.3506666666666667,0.21548439157787772,38.08,Moderate
20160318_181627_1_721,8,6,1,804,808,897.06,0.006689,0.008918,12.79,37.95,7.4414,17145,2.42,0.4185664867813272,0.5640246303999079,0.24388888888888893,0.3998266561066363,40.66,Moderate
20160318_181627_641_361,9,9,2,1067,1075,1244.41,0.007232,0.007232,14.63,52.33,10.7656,24804,160.17,0.6269806065526747,0.8309628334566137,0.4036666666666667,0.43228380579506565,57.35,High
20160318_181627_641_721,8,6,2,818,824,935.42,0.006414,0.008552,18.34,55.53,10.9996,25343,14.93,0.6416514759427521,0.5935042603675349,0.43922222222222224,0.3833888731152587,51.44,High
20160321_183951_1281_1,5,3,1,390,394,445.36,0.006736,0.011227,14.11,42.0,4.4232,10191,92.18,0.22933735005854236,0.21689353403971226,0.28888888888888886,0.4026360226542536,28.44,Moderate
20160321_183951_1281_1081,2,1,1,423,422,471.71,0.00212,0.00424,23.07,58.33,7.5838,17473,88.56,0.42749440046144266,0.2371434884100712,0.4703333333333333,0.1267203634244385,31.54,Moderate
20160321_183951_1281_361,6,3,3,560,560,634.97,0.004725,0.009449,24.96,90.0,6.1029,14061,27.51,0.3346478599496237,0.3626086705924169,0.8222222222222222,0.2824309986700339,45.05,Moderate
20160321_183951_1281_721,9,7,1,1078,1087,1218.31,0.005746,0.007387,37.26,120.63,25.7131,59243,165.37,1.0,0.8109050038905273,1.0,0.34346000388529413,78.86,High
20160321_183951_1921_361,6,5,1,762,764,836.9,0.005974,0.007169,47.55,151.39,13.355,30770,178.02,0.789325688598258,0.5177917174996879,1.0,0.3570884203290545,66.61,High
20160321_183951_1921_721,6,5,1,763,766,848.84,0.00589,0.007068,57.19,179.18,15.4614,35623,178.39,0.9213885915181683,0.5269675981517595,1.0,0.3520674247971428,70.01,High
20160321_183951_1_361,2,0,1,644,643,698.5,0.0,0.002863,38.44,92.27,22.1372,51004,179.35,1.0,0.411431425854235,0.8474444444444444,0.0,56.47,High
20160321_183951_641_361,7,3,2,742,745,834.88,0.003593,0.008384,40.32,106.0,22.9119,52789,175.67,1.0,0.5162393490811632,1.0,0.21476710650189032,68.28,High
20160321_185457_1281_1,2,1,1,374,374,443.17,0.002256,0.004513,23.03,80.0,6.4592,14882,145.62,0.3569864529568228,0.21521052075428204,0.7111111111111111,0.1348495942856289,35.45,Moderate
20160321_185457_1281_1081,2,1,1,63,64,72.7,0.013755,0.027511,14.58,38.0,0.5056,1165,113.55,0.0,0.0,0.24444444444444444,0.8221880183505431,26.67,Low
20160321_185457_1281_361,10,9,1,1003,1028,1217.71,0.007391,0.008212,33.4,103.48,20.4405,47095,168.17,1.0,0.8104439043602726,0.9720000000000001,0.4417878330518985,80.61,High
20160321_185457_1281_721,6,9,2,1093,1100,1297.99,0.006934,0.004623,21.96,69.91,16.4592,37922,7.12,0.9839466833020113,0.8721390215083721,0.599,0.4144712264080455,71.74,High
20160321_185457_1921_1,7,4,3,559,562,658.1,0.006078,0.010637,20.96,63.18,9.9701,22971,177.28,0.577105920228715,0.38038405748374154,0.5242222222222223,0.3633048909876119,46.13,Moderate
20160321_185457_1921_1081,7,7,1,623,636,755.29,0.009268,0.009268,34.04,81.2,14.1037,32495,77.33,0.8362662010442022,0.45507449639285685,0.7244444444444444,0.5539831736875924,64.24,High
20160321_185457_1921_721,0,0,1,184,183,219.87,0.0,0.0,34.43,90.29,4.128,9511,60.12,0.21082948405875243,0.04360464557776733,0.8254444444444445,0.0,27.0,Low
20160321_185457_1_361,10,8,4,610,622,699.87,0.011431,0.014288,12.2,42.0,4.5286,10434,0.55,0.23594551088638066,0.41248426978165026,0.28888888888888886,0.6832738086343191,40.51,Moderate
20160321_185457_1_721,5,5,1,527,529,591.55,0.008452,0.008452,14.83,45.97,4.0482,9327,179.96,0.2058263414205978,0.3292404345863073,0.33299999999999996,0.50520778852045,34.33,Moderate
20160321_185457_641_361,4,3,1,742,746,871.09,0.003444,0.004592,16.43,61.51,7.3008,16821,173.54,0.40975142594267383,0.5440667057320436,0.5056666666666666,0.20586081680838025,41.63,Moderate
20160321_185457_641_721,7,7,2,448,453,516.37,0.013556,0.013556,18.46,52.0,4.5408,10462,17.78,0.2367104023674018,0.2714646634453742,0.4,0.810293040840419,42.96,Moderate
20160321_185518_1281_1,8,5,2,392,405,472.93,0.010572,0.016916,13.16,40.75,3.8438,8856,59.49,0.19301127431234216,0.23808105745492278,0.275,0.6319281519448885,33.45,Moderate
20160321_185518_1281_361,9,11,2,956,971,1140.0,0.009649,0.007895,16.24,47.97,11.1385,25663,10.53,0.650359953542247,0.7507238302000981,0.3552222222222222,0.576756974850192,58.33,High
20160321_185518_1281_721,2,0,1,100,99,106.46,0.0,0.018787,12.32,28.0,0.9566,2204,81.76,0.011995316607079325,0.0,0.13333333333333333,0.0,3.63,Low
20160321_185518_1921_1,3,5,1,421,429,498.59,0.010028,0.006017,18.44,52.0,6.0825,14014,109.51,0.33336886107971947,0.25780074736548864,0.4,0.599411228500127,39.76,Moderate
20160321_185518_1921_1081,4,2,1,394,395,455.89,0.004387,0.008774,31.43,79.99,11.0959,25565,103.39,0.6476891029609765,0.2249858307956849,0.711,0.2622274690297225,46.15,Moderate
20160321_185518_1921_361,4,0,2,403,401,475.97,0.0,0.008404,17.96,44.0,6.6345,15286,111.24,0.36797706579477396,0.24041729507488072,0.3111111111111111,0.0,22.99,Low
20160321_185518_1921_721,3,2,2,486,487,574.4,0.003482,0.005223,26.68,76.0,9.4054,21670,63.82,0.5417014760211223,0.3160606730131894,0.6666666666666666,0.20813221954900699,43.31,Moderate
20160321_185518_1_1081,9,3,7,437,433,495.13,0.006059,0.018177,7.14,29.98,1.7895,4123,84.17,0.06421483419253009,0.25514174007435236,0.15533333333333335,0.3621691896172985,20.92,Low
20160321_185518_1_361,9,8,1,821,830,942.25,0.00849,0.009552,16.17,61.17,9.6957,22339,7.93,0.559902131508043,0.5987531100202693,0.5018888888888889,0.5074791912610768,54.2,High
20160321_185518_1_721,5,4,1,410,417,473.75,0.008443,0.010554,7.44,23.97,1.8229,4200,105.83,0.06630888136188301,0.23871122681293774,0.08855555555555554,0.5046698247134596,22.46,Low
20160321_185518_641_1,6,4,2,417,421,454.14,0.008808,0.013212,17.25,46.0,5.5729,12840,93.37,0.3014189677413287,0.22364095716577492,0.3333333333333333,0.5264872457747426,34.62,Moderate
20160321_185518_641_361,10,7,3,1062,1069,1242.97,0.005632,0.008045,18.47,58.73,13.4049,30885,161.5,0.7924542201476803,0.8298561945840021,0.47477777777777774,0.33664579566341396,60.84,High
20160321_185534_1281_1081,2,1,3,355,353,399.39,0.002504,0.005008,11.63,43.15,2.3646,5448,72.17,0.10027131703968185,0.18156562503001952,0.30166666666666664,0.1496734858560349,18.33,Low
20160321_185534_1281_361,11,12,3,844,867,986.29,0.012167,0.011153,11.63,39.54,5.5165,12710,21.21,0.2978829120421818,0.6325978155409755,0.26155555555555554,0.7272672932948788,47.98,High
20160321_185534_1281_721,4,2,2,716,715,806.54,0.00248,0.004959,15.83,64.0,6.9536,16021,165.69,0.3879833667450889,0.49446008126879226,0.5333333333333333,0.14823891570406011,39.1,Moderate
20160321_185534_1921_361,0,0,1,279,278,300.37,0.0,0.0,11.58,30.0,1.5091,3477,2.62,0.046634869333651,0.10546883255362687,0.15555555555555556,0.0,7.69,Low
20160321_185534_1921_721,5,3,4,640,641,722.19,0.004154,0.006923,13.12,51.18,5.2361,12064,3.33,0.2803029471833028,0.42963717230713083,0.3908888888888889,0.2483001838043007,33.73,Moderate
20160321_185534_641_1,5,5,1,529,540,610.83,0.008186,0.008186,16.69,53.93,5.6628,13047,80.17,0.30705534021213193,0.34405709949183,0.42144444444444445,0.48930796933606296,39.05,Moderate
20160321_185534_641_1081,2,1,2,208,208,230.37,0.004341,0.008682,15.08,47.58,1.4796,3409,82.6,0.04478533665413269,0.05167388735722727,0.35088888888888886,0.2594778762384375,17.67,Low
20160321_185534_641_361,10,8,1,843,849,975.34,0.008202,0.010253,14.89,57.12,9.2418,21293,156.76,0.5314444066526749,0.6241827491138245,0.45688888888888884,0.4902643494373794,52.57,High
20160321_185534_641_721,4,3,1,527,529,627.17,0.004783,0.006378,14.32,40.75,6.105,14066,53.08,0.33477952159799623,0.3566143766991038,0.275,0.28589787653730625,31.31,Moderate
20160321_185637_1281_1,1,0,1,163,162,195.14,0.0,0.005125,31.58,76.0,3.2283,7438,145.17,0.1544218721345958,0.024599659939096435,0.6666666666666666,0.0,21.14,Low
20160321_185637_1281_1081,3,2,1,500,501,607.87,0.00329,0.004935,18.57,55.54,8.0933,18647,46.79,0.45943802419753,0.3417823418092394,0.4393333333333333,0.19665565833320878,35.93,Moderate
20160321_185637_1281_361,1,3,1,630,632,750.88,0.003995,0.001332,20.9,63.93,9.8442,22681,136.26,0.5692124909286692,0.45168541484548375,0.5325555555555556,0.23879615654746783,44.81,Moderate
20160321_185637_1281_721,3,1,2,295,295,350.09,0.002856,0.008569,23.12,62.0,5.0326,11595,110.32,0.2675443064957782,0.14367861362741238,0.5111111111111111,0.17071384808499826,27.33,Low
20160321_185637_1921_1,7,8,1,675,691,820.65,0.009748,0.00853,22.72,72.0,9.9905,23018,145.39,0.5783849190986193,0.5053036052219523,0.6222222222222222,0.5826745767270879,57.21,High
20160321_185637_1_1,9,8,1,572,587,657.83,0.012161,0.013681,14.55,48.0,5.4505,12558,72.23,0.2937449745219036,0.3801765626951269,0.35555555555555557,0.7269086507568852,43.91,Moderate
20160321_185637_1_1081,8,8,2,787,798,905.7,0.008833,0.008833,25.97,70.0,14.4423,33275,172.82,0.8574950744436902,0.5706644636355779,0.6,0.5279815896830496,63.9,High
20160321_185637_1_721,4,4,1,202,207,245.94,0.016264,0.016264,21.85,53.54,2.5673,5915,168.83,0.11297980090877884,0.06363942016734071,0.4171111111111111,0.9721603729882394,39.15,Moderate
20160321_185637_641_721,5,5,1,870,873,1037.03,0.004821,0.004821,21.73,65.18,15.4214,35531,167.03,0.9188807505967876,0.6715914658161943,0.5464444444444445,0.28816927927793295,60.63,High
20160324_165857_1281_361,3,2,2,683,683,771.23,0.002593,0.00389,13.0,39.58,6.6133,15237,16.13,0.3666479101064421,0.4673243739132942,0.26199999999999996,0.154993350169608,31.27,Moderate
20160324_165857_1281_721,1,0,1,119,118,126.28,0.0,0.007919,18.56,47.94,0.8468,1951,3.82,0.005111293277889154,0.0,0.35488888888888886,0.0,9.0,Low
20160324_165857_1921_721,10,8,1,796,806,900.03,0.008889,0.011111,17.73,53.59,9.987,23010,5.23,0.5781654830179983,0.5663070730746694,0.4176666666666667,0.5313289200376574,52.34,High
20160324_165857_1_361,5,3,2,213,215,252.28,0.011892,0.019819,14.09,38.0,1.658,3820,160.23,0.05597030716349084,0.06851170520370034,0.24444444444444444,0.7108295103035012,26.99,Low
20160324_165857_1_721,8,4,3,654,655,749.85,0.005334,0.010669,14.01,50.74,6.7387,15526,158.66,0.37450999139497076,0.4508938606518796,0.386,0.3188332162763938,38.26,Moderate
20160324_165857_641_361,7,5,2,720,720,810.3,0.006171,0.008639,15.19,46.0,8.3615,19265,173.33,0.476253097575388,0.497349638325056,0.3333333333333333,0.36886385032651414,41.89,Moderate
20160324_170309_1281_1,3,1,1,388,388,437.29,0.002287,0.00686,15.92,45.14,5.1115,11777,69.37,0.27249102271320175,0.21069174535778448,0.3237777777777778,0.13670258073192962,23.59,Low
20160324_170309_1281_1081,2,3,1,405,408,478.42,0.006271,0.00418,17.04,50.4,5.4444,12544,96.51,0.293362528781393,0.2423001181567547,0.3822222222222222,0.37484122595974234,32.32,Moderate
20160324_170309_1281_361,5,4,1,462,468,534.69,0.007481,0.009351,17.34,74.31,5.1714,11915,66.18,0.2762465144929694,0.28554356910248907,0.647888888888889,0.44716747112180394,41.42,Moderate
20160324_170309_1281_721,4,5,1,490,496,567.66,0.008808,0.007046,19.28,63.51,6.1823,14244,92.04,0.33962592417856446,0.3108809882899932,0.5278888888888889,0.5264872457747426,42.62,Moderate
20160324_170309_641_1,4,2,1,414,419,493.56,0.004052,0.008104,9.25,25.97,3.2144,7406,58.87,0.15355039741441598,0.25393519630351885,0.11077777777777777,0.24220326065840792,19.01,Low
20160324_170309_641_1081,6,4,1,411,416,476.06,0.008402,0.012603,17.9,62.38,4.9583,11424,90.21,0.26288599198431345,0.24048646000441892,0.5153333333333333,0.5022191007038359,38.02,Moderate
20160324_170309_641_361,8,6,1,427,434,490.33,0.012237,0.016315,10.09,29.16,3.2109,7398,99.1,0.15333096133379517,0.25145294383231354,0.14622222222222223,0.7314514562381386,32.06,Moderate
20160324_170309_641_721,4,4,1,422,424,472.88,0.008459,0.008459,13.78,39.54,4.2444,9779,85.16,0.2181273011399704,0.2380426324940682,0.26155555555555554,0.505626204814776,30.58,Moderate
20160324_170323_1281_721,3,2,1,670,671,779.52,0.002566,0.003849,26.62,84.79,15.2014,35024,2.9,0.9050876255291935,0.47369523242298206,0.7643333333333334,0.1533794587486364,57.41,High
20160324_170323_1921_361,4,3,2,414,415,478.79,0.006266,0.008354,13.47,39.98,3.8142,8788,133.13,0.1911554720305204,0.24258446286707852,0.26644444444444443,0.37454235717808093,26.87,Low
20160324_170323_1921_721,5,4,2,562,564,629.86,0.006351,0.007938,27.31,71.51,11.3585,26170,172.89,0.664153078609841,0.35868163959307975,0.6167777777777779,0.3796231264663249,50.48,High
20160324_170323_1_721,10,8,1,722,733,811.29,0.009861,0.012326,14.8,59.12,7.4952,17269,173.42,0.4219395328205843,0.49811045254997655,0.4791111111111111,0.5894290111926358,49.71,High
20160324_170323_641_361,3,2,4,565,564,607.91,0.00329,0.004935,14.19,50.33,3.2174,7413,179.71,0.15373848548351957,0.34181308177792297,0.3814444444444444,0.19665565833320878,26.84,Low
20160324_170323_641_721,6,3,3,613,617,665.05,0.004511,0.009022,32.0,96.0,9.0799,20920,0.43,0.5212939205233863,0.38572512704252687,0.8888888888888888,0.2696394148149255,51.64,High
20160324_170408_1281_361,3,2,1,365,367,417.95,0.004785,0.007178,14.33,49.54,2.8559,6580,4.22,0.13107387315654098,0.19582897049923634,0.37266666666666665,0.2860174240499708,24.64,Low
20160324_170408_1281_721,5,6,3,568,573,644.24,0.009313,0.007761,8.3,30.0,2.7726,6388,1.51,0.12585129443776558,0.3697326583348544,0.15555555555555556,0.5566729927225451,30.2,Moderate
20160324_170408_1921_721,20,21,1,875,902,1023.36,0.020521,0.019543,10.92,32.39,6.102,14059,7.07,0.33459143352889265,0.6610860815185546,0.1821111111111111,1.0,54.44,High
20160324_170408_1_361,5,3,2,622,623,702.53,0.00427,0.007117,12.09,42.79,5.1029,11757,175.65,0.2719518369151048,0.41452847769911344,0.29766666666666663,0.2552339395388455,30.98,Moderate
20160324_170408_1_721,3,2,1,218,219,244.27,0.008188,0.012282,16.54,52.36,1.5464,3563,2.58,0.048973430992838546,0.06235602647479805,0.40399999999999997,0.4894275168487276,25.12,Low
20160324_170408_641_361,11,9,1,766,777,869.78,0.010347,0.012647,14.91,49.18,8.0664,18585,177.44,0.4577515011779015,0.5430599717576539,0.36866666666666664,0.618479056770125,49.7,High
20160324_170542_1281_361,27,21,3,954,974,1124.36,0.018677,0.024014,11.05,32.0,6.8438,15768,167.21,0.38109934341589874,0.7387045024447882,0.17777777777777778,1.0,57.44,High
20160324_170542_1921_361,9,5,3,343,347,407.06,0.012283,0.02211,12.47,39.54,2.5082,5779,22.46,0.10927446594743878,0.18746001402511075,0.26155555555555554,0.7342010490294236,32.31,Moderate
20160324_170542_1921_721,15,12,2,672,683,797.32,0.01505,0.018813,11.66,32.76,4.9753,11463,40.46,0.26395182437590026,0.4873745184872094,0.1862222222222222,0.8995950328008486,45.93,Moderate
20160324_170542_1_361,13,10,3,586,598,675.46,0.014805,0.019246,10.64,33.56,4.2513,9795,170.29,0.21855990369890857,0.39372520389244864,0.19511111111111112,0.8849504624994395,42.31,Moderate
20160324_170542_1_721,4,2,1,252,255,295.18,0.006776,0.013551,9.03,28.0,1.6076,3704,151.99,0.05281042760255109,0.10148032161692239,0.13333333333333333,0.4050269729075449,17.32,Low
20160324_170542_641_361,12,11,1,809,818,933.15,0.011788,0.01286,12.45,34.0,7.1567,16489,5.02,0.40071692902339967,0.5917597671447373,0.2,0.7046130396449438,47.43,High
20160324_170655_1281_361,4,2,1,677,678,750.49,0.002665,0.00533,23.01,65.91,12.7799,29445,169.08,0.753269205751106,0.4513857001508181,0.5545555555555555,0.15929706062553234,47.96,High
20160324_170655_1921_361,15,14,1,1194,1208,1396.88,0.010022,0.010738,22.01,76.69,16.3429,37654,10.6,0.9766551358230968,0.9481359090865428,0.6743333333333333,0.5990525859621333,79.95,High
20160324_170655_1_361,1,0,1,267,266,281.74,0.0,0.003549,22.63,84.0,2.1645,4987,176.6,0.08772584283047465,0.09115169213921366,0.7555555555555555,0.0,23.36,Low
20160324_170655_1_721,4,2,2,747,748,842.44,0.002374,0.004748,40.6,148.0,18.7925,43298,159.18,1.0,0.5220492031623745,1.0,0.1419028975328382,66.6,High
20160324_170655_641_361,6,5,1,732,735,832.34,0.006007,0.007209,23.13,86.0,13.0473,30061,171.4,0.7700341223105365,0.514287361069751,0.7777777777777778,0.3590609542880198,60.53,High
20160324_173501_1281_721,6,4,2,778,779,863.5,0.004632,0.006948,12.85,36.79,7.7361,17824,1.81,0.43704300476959995,0.5382337966743198,0.23099999999999998,0.27687203933113164,37.08,Moderate
20160324_173501_1921_361,2,1,1,121,122,131.11,0.007627,0.015254,16.65,45.94,0.7643,1761,3.65,0.0,0.0,0.33266666666666667,0.45589443954631714,19.71,Low
20160324_173501_1921_721,9,4,3,917,917,1049.13,0.003813,0.008579,13.42,52.0,8.7027,20051,168.03,0.4976449806347658,0.6808903063430006,0.4,0.22791733289499244,45.16,Moderate
20160324_173501_1_721,3,2,1,668,670,757.81,0.002639,0.003959,13.93,36.76,7.4583,17184,12.17,0.41962604957061056,0.45701111441992726,0.23066666666666663,0.157742942960893,31.63,Moderate
20160324_173501_641_721,10,12,1,863,875,998.44,0.012019,0.010016,14.77,49.97,8.6155,19850,170.61,0.4921778874261558,0.6419350810286364,0.3774444444444444,0.718420777357701,55.75,High
20160324_173527_1281_721,9,8,2,862,867,973.87,0.008215,0.009242,22.09,59.19,13.6584,31469,178.65,0.808347661986931,0.6230530552647001,0.47988888888888886,0.49104140826969916,60.06,High
20160324_173527_1921_361,3,2,1,478,480,563.26,0.003551,0.005326,20.06,58.37,7.9384,18290,150.21,0.44972641022948306,0.30749959173479097,0.47077777777777774,0.21225660873593447,36.01,Moderate
20160324_173527_1921_721,5,5,1,385,390,455.03,0.010988,0.010988,24.11,68.0,5.2687,12139,170.04,0.28234683753422807,0.22432492146898628,0.5777777777777777,0.656794034579118,43.53,Moderate
20160324_173527_1_361,11,10,1,866,875,989.32,0.010108,0.011119,19.2,56.73,11.6884,26930,174.29,0.6848364966089286,0.6349263681687626,0.45255555555555554,0.6041931290067096,59.41,High
20160324_173527_641_361,4,4,1,538,543,602.65,0.006637,0.006637,19.25,54.0,5.9271,13656,15.89,0.3236258991001553,0.3377707758960221,0.4222222222222222,0.39671842077735764,37.01,Moderate
20160324_173527_641_721,6,5,1,511,517,588.66,0.008494,0.010193,28.03,76.76,8.3234,19177,19.52,0.4738643790977728,0.3270194718489131,0.6751111111111112,0.5077182862864059,49.59,High
20160325_185829_1281_1,1,0,1,146,145,175.65,0.0,0.005693,5.52,15.98,0.6584,1517,27.13,0.0,0.009621610197984621,0.0,0.0,0.24,Low
20160325_185829_1281_1081,1,1,1,373,373,433.89,0.002305,0.002305,5.39,15.98,1.4149,3260,153.72,0.04072890396379932,0.2080788480196736,0.0,0.13777850834591074,9.66,Low
20160325_185829_1281_361,3,2,1,690,690,775.74,0.002578,0.003867,9.91,38.0,4.6528,10720,5.29,0.24373235694726791,0.4707903053823765,0.24444444444444444,0.1540967438246238,27.83,Moderate
20160325_185829_1281_721,5,2,2,398,399,457.4,0.004373,0.010931,7.54,22.79,2.1068,4854,155.32,0.0841082823013829,0.22614626461349296,0.07544444444444444,0.2613906364410705,16.18,Low
20160325_185829_1921_721,10,0,9,482,473,551.29,0.0,0.018139,12.96,40.76,3.6536,8418,27.83,0.18108649073117666,0.29830065610620665,0.2751111111111111,0.0,18.86,Low
20160325_185829_1_1,2,0,1,153,152,166.5,0.0,0.012012,4.54,9.99,0.5017,1156,5.54,0.0,0.002589842361598098,0.0,0.0,0.06,Low
20160325_185829_1_1081,5,3,1,662,669,762.61,0.003934,0.006556,5.44,17.58,2.5109,5785,19.99,0.10944374520963197,0.46069991066196614,0.017555555555555536,0.2351499574111986,20.57,Low
20160325_185829_1_361,4,2,1,665,666,749.67,0.002668,0.005336,10.28,41.15,4.8928,11273,9.29,0.2587794024755525,0.45075553079280306,0.27944444444444444,0.15947638189452917,28.71,Moderate
20160325_185829_641_1,7,1,4,347,345,390.56,0.00256,0.017923,4.78,13.18,1.1732,2703,8.65,0.02557527519635611,0.1747797769431023,0.0,0.1530208162106427,8.83,Low
20160325_185829_641_1081,6,2,2,622,622,707.74,0.002826,0.008478,7.69,26.0,3.6098,8317,169.7,0.17834040492226474,0.41853235862015975,0.1111111111111111,0.1689206353950298,21.92,Low
20160325_185829_641_361,3,0,2,730,728,808.77,0.0,0.003709,6.69,22.4,3.2122,7401,170.42,0.15341246616374007,0.4961738345229062,0.0711111111111111,0.0,18.02,Low
20160326_141812_1281_721,4,0,2,281,279,323.32,0.0,0.012372,13.47,40.75,2.4744,5701,3.15,0.10715534036887205,0.12310588958587501,0.275,0.0,12.63,Low
20160326_141812_1921_721,2,1,1,453,454,524.0,0.001908,0.003817,14.54,40.39,4.9735,11459,152.73,0.2638389715344381,0.27732831247178175,0.271,0.11404832708199464,23.16,Low
20160326_141812_1_1,5,3,1,713,717,792.8,0.003784,0.006307,19.72,67.59,10.329,23798,9.23,0.599607522895804,0.48390090202595615,0.5732222222222223,0.22618389396135624,47.07,High
20160326_141812_641_1,2,0,1,239,238,267.41,0.0,0.007479,9.48,23.18,1.8694,4307,10.36,0.06922424643298813,0.08013909835829358,0.07977777777777778,0.0,5.73,Low
20160326_141812_641_361,1,0,1,100,99,121.37,0.0,0.008239,11.85,34.0,0.773,1781,39.52,0.000484326777941664,0.0,0.2,0.0,5.01,Low
20160326_141812_641_721,3,0,2,161,159,172.25,0.0,0.017416,7.38,19.58,0.7561,1742,9.6,0.0,0.007008712859873779,0.03977777777777776,0.0,1.17,Low
20160326_142309_1281_361,4,3,2,484,485,552.93,0.005426,0.007234,12.51,39.58,4.0469,9324,165.13,0.20574483659065293,0.2995609948222365,0.26199999999999996,0.3243324018589638,27.29,Low
20160326_142309_1281_721,4,3,1,412,415,469.26,0.006393,0.008524,16.31,56.33,3.9123,9014,1.11,0.19730595189020672,0.23526066532819725,0.44811111111111107,0.3821336242322808,31.57,Moderate
20160326_142309_1921_361,9,8,1,748,756,855.0,0.009357,0.010526,12.67,52.73,5.4549,12568,9.03,0.2940208370232555,0.5317015533290427,0.4081111111111111,0.5593030380011655,44.83,Moderate
20160326_142309_1921_721,2,1,1,143,144,162.23,0.006164,0.012329,14.16,37.56,1.3902,3203,18.48,0.0391803121948467,0.0,0.23955555555555558,0.36844543403218816,16.18,Low
20160326_142309_1_361,5,4,1,677,683,772.47,0.005178,0.006473,9.21,28.0,4.5156,10404,6.18,0.23513046258693193,0.4682773129424876,0.13333333333333333,0.3095085102885578,28.66,Moderate
20160326_142309_641_361,3,0,2,125,123,130.46,0.0,0.022996,11.68,30.0,0.842,1940,0.85,0.004810352367323462,0.0,0.15555555555555556,0.0,4.01,Low
20160326_142309_641_721,3,2,1,570,572,654.84,0.003054,0.004581,11.31,39.54,3.9414,9081,166.03,0.1991304061605112,0.3778787500360235,0.26155555555555554,0.18254905183879017,25.53,Low
20160326_142327_1281_1,3,1,1,478,479,553.14,0.001808,0.005424,13.42,34.0,5.0608,11660,82.8,0.2693123343453516,0.2997223796578258,0.2,0.10807095144876641,21.93,Low
20160326_142327_1281_1081,7,2,4,487,493,562.59,0.003555,0.012443,6.65,20.0,2.2773,5247,146.45,0.09479795422876837,0.30698469725933974,0.044444444444444446,0.2124957037612636,16.47,Low
20160326_142327_1281_361,8,5,2,642,647,721.56,0.006929,0.011087,7.97,28.0,3.4427,7932,104.48,0.16786389947319663,0.4291530178003632,0.13333333333333333,0.4141723576263841,28.61,Moderate
20160326_142327_1281_721,2,2,1,493,495,555.89,0.003598,0.003598,8.98,37.56,2.819,6495,102.02,0.12876038990656724,0.3018357525048272,0.23955555555555558,0.21506597528355173,22.13,Low
20160326_142327_1_1,2,0,1,364,363,413.95,0.0,0.004832,18.88,52.0,5.8607,13503,75.56,0.31946288317066324,0.19275497363087066,0.4,0.0,22.81,Low
20160326_142327_1_1081,4,2,1,397,398,443.15,0.004513,0.009026,23.14,60.78,7.2687,16747,101.02,0.40773888360326577,0.2151951507699402,0.4975555555555556,0.26975896232759,34.76,Moderate
20160326_142327_1_361,4,4,1,405,412,457.98,0.008734,0.008734,18.9,54.36,5.5334,12749,98.19,0.29894247483146524,0.226591994159406,0.4262222222222222,0.5220639878061537,36.85,Moderate
20160326_142327_1_721,2,3,1,527,532,602.0,0.004983,0.003322,18.71,63.51,6.7769,15614,99.64,0.37690497947488943,0.3372712514049127,0.5278888888888889,0.2978526278037627,38.5,Moderate
20160326_142327_641_721,3,1,1,49,48,55.46,0.018032,0.054097,16.07,38.0,0.7604,1752,178.78,0.0,0.0,0.24444444444444444,1.0,31.11,Moderate
20160326_142349_1281_1,1,0,1,155,154,167.25,0.0,0.005979,28.4,87.88,1.4401,3318,80.11,0.04230884374426919,0.0031662167744166653,0.7986666666666666,0.0,21.1,Low
20160326_142349_1281_1081,3,1,1,392,391,448.58,0.002229,0.006688,22.45,71.12,7.5951,17499,91.91,0.42820286552173276,0.2193681015187466,0.6124444444444445,0.13323570286465727,34.83,Moderate
20160326_142349_1281_361,2,1,1,363,363,403.59,0.002478,0.004955,28.16,99.94,5.8785,13544,90.85,0.32057887238067767,0.1847933217418035,0.9326666666666666,0.14811936819139557,39.65,Moderate
20160326_142349_1281_721,1,0,1,122,121,134.67,0.0,0.007426,28.55,79.51,1.2053,2777,79.68,0.027587817535764166,0.0,0.7056666666666668,0.0,18.33,Low
20160326_142349_641_1,3,1,1,361,361,404.91,0.00247,0.007409,32.19,114.8,7.862,18114,75.5,0.44493643406964584,0.18580774070836423,1.0,0.1476411781407373,44.46,Moderate
20160326_142349_641_361,3,2,2,274,275,301.1,0.006642,0.009964,16.86,45.54,1.6944,3904,95.86,0.05825244240194733,0.10602983698210362,0.3282222222222222,0.3970172895590191,22.24,Low
20160326_142349_641_721,3,2,1,410,412,454.66,0.004399,0.006598,34.92,102.0,9.388,21630,82.63,0.5406105652203216,0.22404057675866249,0.9555555555555556,0.2629447541057099,49.58,High
20160326_142354_1281_1,6,3,2,430,432,486.26,0.00617,0.012339,19.17,49.15,6.3828,14706,102.5,0.3521964767969855,0.24832515201875144,0.3683333333333333,0.3688040765701818,33.44,Moderate
20160326_142354_1281_1081,7,4,3,656,658,753.68,0.005307,0.009288,15.04,62.0,6.8056,15680,134.2,0.3787043553359801,0.45383721265333965,0.5111111111111111,0.3172193248554222,41.52,Moderate
20160326_142354_1281_361,6,1,3,592,590,652.55,0.001532,0.009195,14.13,42.0,6.1766,14231,27.07,0.3392685568472677,0.3761188868288841,0.28888888888888886,0.09157339470105649,27.4,Low
20160326_142354_1281_721,6,4,2,551,552,647.27,0.00618,0.00927,11.43,48.0,4.1884,9650,146.32,0.21461632385003734,0.3720612109626414,0.35555555555555557,0.36940181413350465,32.79,Moderate
20160326_142354_641_1081,1,0,1,64,63,71.28,0.0,0.014028,29.99,75.54,1.0412,2399,84.95,0.017299400155799612,0.0,0.6615555555555557,0.0,16.97,Low
20160326_142354_641_361,1,0,1,254,253,301.05,0.0,0.003322,8.82,24.38,1.6059,3700,117.31,0.05270384436339243,0.10599141202124904,0.0931111111111111,0.0,6.3,Low
20160326_142354_641_721,3,4,1,451,455,524.17,0.007631,0.005723,21.01,65.58,6.6706,15369,65.65,0.3702403922263201,0.27745895733868725,0.5508888888888889,0.45613353457164624,41.37,Moderate
20160326_142403_1281_361,7,4,3,801,801,931.06,0.004296,0.007518,8.77,26.79,5.441,12536,23.8,0.29314936230307564,0.5901536037810162,0.11988888888888888,0.2567880572034848,31.5,Moderate
20160326_142403_1281_721,4,5,4,734,736,859.85,0.005815,0.004652,14.76,43.54,8.5252,19642,159.75,0.48651643654613874,0.535428774531936,0.306,0.3475843930722216,41.89,Moderate
20160326_142403_1921_361,5,2,2,232,233,277.32,0.007212,0.01803,7.76,20.39,1.4084,3245,0.24,0.04032137981407495,0.08775492559966956,0.04877777777777778,0.43108833066841995,15.2,Low
20160326_142403_1921_721,4,1,2,675,674,725.78,0.001378,0.005511,13.27,38.0,7.1814,16546,173.97,0.4022655207923523,0.432396084496489,0.24444444444444444,0.08236823622588503,29.04,Moderate
20160326_142403_1_361,3,2,2,712,712,787.8,0.002539,0.003808,19.14,52.33,10.8472,24992,178.44,0.6320966020322916,0.48005840594049903,0.4036666666666667,0.15176556732766477,41.69,Moderate
20160326_142403_641_361,7,3,4,704,706,814.11,0.003685,0.008598,15.37,47.54,8.898,20501,175.77,0.5098895139334074,0.5002776203421744,0.35044444444444445,0.2202662920844603,39.52,Moderate
20160326_142403_641_721,6,6,2,372,386,455.17,0.013182,0.013182,9.1,25.98,2.526,5820,29.93,0.1103904551574532,0.2244325113593791,0.1108888888888889,0.7879376559721453,30.84,Moderate
20160326_144512_1081_641,3,2,1,378,379,431.61,0.004634,0.006951,14.34,46.0,3.9032,8993,3.28,0.19673541808059258,0.20632666980470518,0.3333333333333333,0.2769915868437962,25.33,Low
20160326_144512_1_1,4,3,1,435,438,496.82,0.006038,0.008051,11.67,33.56,3.8767,8932,176.3,0.19507397347017782,0.25644050375123684,0.19511111111111112,0.36091394073432054,25.19,Low
20160326_144512_361_1,5,1,3,496,499,561.13,0.001782,0.008911,12.05,56.0,3.674,8465,5.68,0.18236548960108084,0.30586268840238623,0.4444444444444444,0.10651683378412706,25.98,Low
20160326_144512_721_1,4,2,1,369,368,405.28,0.004935,0.00987,9.92,25.98,2.8811,6638,5.23,0.13265381293701087,0.186092085418688,0.1108888888888889,0.2949834874998132,18.12,Low
20160326_150104_1281_361,7,1,4,277,273,306.97,0.003258,0.022804,8.63,24.0,1.6771,3864,153.19,0.057167801203450164,0.11054092738643027,0.08888888888888889,0.19474289813057574,11.28,Low
20160326_150104_1281_721,11,6,5,1310,1311,1462.6,0.004102,0.007521,15.8,52.73,13.6801,31519,5.02,0.80970816568678,0.998641677633791,0.4081111111111111,0.24519194847502201,61.54,High
20160326_150104_1921_361,2,0,1,99,98,108.36,0.0,0.018458,14.18,34.0,1.4097,3248,166.94,0.04040288464401982,0.0,0.2,0.0,6.01,Low
20160326_150104_1921_721,1,0,1,613,612,675.79,0.0,0.00148,21.03,60.76,11.3911,26245,173.27,0.6661969689607663,0.39397880863408874,0.4973333333333333,0.0,38.94,Moderate
20160326_150104_1_361,19,6,8,1371,1373,1479.04,0.004057,0.012846,12.22,48.0,9.6723,22285,16.11,0.5584350445690354,1.0,0.35555555555555557,0.2425021294400693,53.91,High
20160326_150104_1_721,4,2,1,689,691,750.65,0.002664,0.005329,28.66,96.0,11.5022,26501,172.8,0.6731624971199013,0.4515086600255527,0.8888888888888888,0.15923728686920008,54.32,High
20160326_150104_641_361,10,2,5,853,848,907.65,0.002204,0.011018,18.67,68.0,8.0378,18519,3.11,0.4559583949191143,0.572163037108906,0.5777777777777777,0.1317413589563502,43.44,Moderate
20160326_150104_641_721,4,2,2,676,676,751.8,0.00266,0.005321,24.47,95.07,8.9874,20707,10.3,0.5154945383926932,0.4523924341252078,0.8785555555555555,0.15899819184387093,50.14,High
20160326_150319_1081_641,6,4,1,477,481,543.96,0.007353,0.01103,11.88,42.39,3.9987,9213,173.84,0.20272288828038912,0.29266755684492657,0.2932222222222222,0.4395164303112718,30.7,Moderate
20160326_150319_1_641,3,4,3,443,450,508.82,0.007861,0.005896,15.94,47.94,4.9562,11419,174.17,0.2627543303359409,0.26566249435633393,0.35488888888888886,0.4698814985280712,33.83,Moderate
20160326_150319_361_641,4,3,1,559,566,667.9,0.004492,0.005989,13.43,45.94,5.4297,12510,156.65,0.29244089724278566,0.38791534981123743,0.33266666666666667,0.26850371344461216,32.04,Moderate
20160326_150319_721_641,4,3,1,392,394,434.18,0.00691,0.009213,15.42,42.0,4.638,10686,1.52,0.24280445580635704,0.20830171279263016,0.28888888888888886,0.4130366562560708,28.83,Moderate
20160326_150337_1281_1,1,0,1,54,53,61.28,0.0,0.016317,10.56,24.0,0.4688,1080,0.51,0.0,0.0,0.08888888888888889,0.0,2.22,Low
20160326_150337_1281_361,8,6,1,781,789,908.71,0.006603,0.008804,17.33,51.95,10.3585,23866,175.99,0.6014570555753221,0.572977646279023,0.3994444444444445,0.3946861130620601,49.21,High
20160326_150337_1921_1,8,7,3,893,909,1029.54,0.006799,0.00777,11.78,35.97,7.3173,16859,3.61,0.4107859103227434,0.6658354066801796,0.22188888888888889,0.40640176930318744,42.62,Moderate
20160326_150337_1921_361,6,4,2,340,344,398.68,0.010033,0.01505,10.53,38.39,2.6354,6072,161.71,0.1172494000774296,0.18101999058588464,0.2487777777777778,0.5997100972817884,28.67,Moderate
20160326_150337_1_361,2,2,1,655,656,722.69,0.002767,0.002767,11.33,34.39,5.5508,12789,173.71,0.30003338563226584,0.43002142191567655,0.20433333333333334,0.16539398377142514,27.49,Low
20160326_150337_641_361,6,9,3,745,751,862.01,0.010441,0.00696,17.03,61.58,8.5616,19726,174.84,0.48879857178459524,0.5370887328408536,0.5064444444444445,0.6240977898653596,53.91,High
20160326_162529_1281_1081,3,1,2,115,113,120.04,0.00833,0.024991,12.38,30.0,0.5195,1197,179.9,0.0,0.0,0.15555555555555556,0.49791539024791165,16.34,Low
20160326_162529_1281_721,8,11,2,1207,1221,1421.07,0.007741,0.00563,20.63,73.58,15.5616,35854,159.72,0.9276707330262272,0.9667259051479844,0.6397777777777778,0.4627086477681973,74.92,High
20160326_162529_1921_361,1,1,1,161,162,176.5,0.005666,0.005666,22.58,65.13,1.3737,3165,175.85,0.038145827814777135,0.010274834532512326,0.5458888888888889,0.33867810337871157,23.32,Low
20160326_162529_1921_721,8,12,3,893,911,1045.21,0.011481,0.007654,20.99,60.73,11.0365,25428,0.36,0.643964959192726,0.6778777894120022,0.49699999999999994,0.6862624964509332,62.63,High
20160326_162529_1_361,5,5,2,684,692,791.41,0.006318,0.006318,24.88,68.71,13.8038,31804,166.47,0.81746366373615,0.48283268811419905,0.5856666666666666,0.3776505925073596,56.59,High
20160326_162529_641_1081,2,0,1,209,208,231.61,0.0,0.008635,10.35,31.58,1.1654,2685,163.18,0.025086246216686862,0.05262682638642065,0.1731111111111111,0.0,6.27,Low
20160326_162529_641_361,2,1,1,396,396,475.11,0.002105,0.00421,22.83,66.38,7.6076,17528,36.57,0.4289865658096642,0.2397563857481821,0.5597777777777777,0.12582375707945426,33.86,Moderate
20160326_162529_641_721,7,12,3,1382,1414,1628.15,0.00737,0.004299,16.95,63.18,13.2452,30517,28.06,0.7824416652690678,1.0,0.5242222222222223,0.4405325841689206,68.68,High
20160326_162532_1281_721,2,1,1,690,690,754.62,0.001325,0.00265,32.88,98.0,18.2478,42043,172.17,1.0,0.45455960191740563,0.9111111111111111,0.07920022714027405,61.12,High
20160326_162532_1921_361,2,1,1,451,451,479.99,0.002083,0.004167,45.47,127.46,10.2496,23615,0.8,0.5946294586668629,0.2435066619275882,1.0,0.12450873444014406,49.07,High
20160326_162532_1921_721,6,3,2,621,623,684.72,0.004381,0.008763,30.24,107.58,8.3416,19219,2.83,0.47500544671700107,0.40084150664271523,1.0,0.2618688264917288,53.44,High
20160326_162532_1_721,5,3,1,672,677,749.9,0.004001,0.006668,23.28,74.0,12.8142,29524,165.22,0.7554196793411901,0.45093228561273413,0.6444444444444445,0.23915479908546153,52.25,High
20160326_162532_641_361,1,0,1,250,249,270.12,0.0,0.003702,21.33,61.56,2.9188,6725,3.49,0.13501745300541224,0.08222173123661132,0.5062222222222222,0.0,18.09,Low
20160326_162532_641_721,5,2,2,608,610,676.27,0.002957,0.007393,35.02,99.48,15.3798,35435,7.58,0.9162725960385517,0.39434768825829264,0.9275555555555556,0.17675099747455877,60.37,High
20160326_162538_1281_361,1,0,1,682,681,738.99,0.0,0.001353,33.38,104.0,10.5373,24278,173.87,0.612667104493894,0.4425479591542667,0.9777777777777777,0.0,50.82,High
20160326_162538_1281_721,1,0,1,538,537,565.58,0.0,0.001768,33.69,110.0,5.5951,12891,178.33,0.30281081945269506,0.30928250991844314,1.0,0.0,40.3,Moderate
20160326_162538_1921_361,2,0,1,622,621,693.49,0.0,0.002884,22.6,62.0,11.8364,27271,167.95,0.6941155080180375,0.40758124477660695,0.5111111111111111,0.0,40.32,Moderate
20160326_162538_1_361,2,0,1,569,568,631.79,0.0,0.003166,18.03,50.0,9.0369,20821,8.09,0.5185979915329021,0.36016484308206614,0.37777777777777777,0.0,31.41,Moderate
20160326_162538_1_721,2,1,2,526,526,565.35,0.001769,0.003538,20.87,58.0,8.1202,18709,173.41,0.4611245472171586,0.30910575509851207,0.4666666666666667,0.10573977495180739,33.57,Moderate
20160326_162538_641_721,6,4,1,777,779,904.92,0.00442,0.00663,36.4,136.63,21.283,49036,155.42,1.0,0.5700650342462464,1.0,0.2642000029886878,70.86,High
20160326_174634_1281_361,4,1,2,438,438,470.72,0.002124,0.008498,24.67,62.0,6.283,14476,178.32,0.3459394136981406,0.23638267418515074,0.5111111111111111,0.1269594584497676,30.51,Moderate
20160326_174634_1281_721,2,1,2,527,527,571.32,0.00175,0.003501,21.67,62.0,6.6137,15238,0.46,0.36667298851565594,0.3136936954245479,0.5111111111111111,0.10460407358149404,32.4,Moderate
20160326_174634_1921_361,1,0,1,125,124,132.7,0.0,0.007536,20.39,55.53,0.9371,2159,5.55,0.01077274415790621,0.0,0.43922222222222224,0.0,11.25,Low
20160326_174634_1921_721,4,2,1,671,673,733.06,0.002728,0.005457,16.42,46.39,8.1011,18665,11.02,0.45992705317719934,0.4379907587969145,0.33766666666666667,0.16306280727446612,34.97,Moderate
20160326_174634_1_1,3,1,1,73,73,85.01,0.011763,0.035289,14.44,39.16,0.6849,1578,76.77,0.0,0.0,0.2573333333333333,0.7031186957366368,24.01,Low
20160326_174634_1_361,9,2,4,649,646,711.45,0.002811,0.01265,26.42,83.14,11.0295,25412,97.5,0.6435260870314843,0.42138349071556896,0.746,0.16802402905004557,49.47,High
20160326_174634_1_721,5,3,1,620,625,701.63,0.004276,0.007126,20.41,74.76,8.0972,18656,176.5,0.4596825386873647,0.41383682840373115,0.652888888888889,0.25559258207683916,44.55,Moderate
20160326_174634_641_361,1,0,1,252,251,295.74,0.0,0.003381,20.23,48.76,4.3151,9942,28.53,0.2225599099685109,0.10191068117849358,0.364,0.0,17.21,Low
20160326_174634_641_721,5,4,1,541,547,631.91,0.00633,0.007912,19.65,53.98,7.8329,18047,5.52,0.44311197979934136,0.36025706298811716,0.422,0.378367877583347,40.09,Moderate
20160328_150820_1281_721,16,16,2,980,999,1150.19,0.013911,0.013911,22.22,78.36,13.4744,31045,3.55,0.7968115937485795,0.7585548372222598,0.6928888888888889,0.8315127243383792,76.99,High
20160328_150820_1921_361,4,1,2,448,447,502.09,0.001992,0.007967,20.49,53.59,5.2947,12199,159.13,0.2839769341331256,0.26049049462530866,0.4176666666666667,0.11906932261390635,27.03,Low
20160328_150820_1921_721,9,7,1,955,961,1091.06,0.006416,0.008249,17.12,59.12,10.4358,24044,170.89,0.6063034581558905,0.7131134785156439,0.4791111111111111,0.3835084206279233,54.55,High
20160328_150820_1_361,12,11,3,918,929,1048.71,0.010489,0.011443,19.64,66.34,9.6719,22284,10.63,0.5584099661598216,0.6805675366718222,0.5593333333333333,0.6269669301693092,60.63,High
20160328_150820_1_721,4,2,2,444,446,496.95,0.004025,0.008049,22.36,70.33,5.6793,13085,2.85,0.30808982459220147,0.25654040864945876,0.6036666666666667,0.2405893692374363,35.22,Moderate
20160328_150820_641_361,0,0,1,124,123,129.63,0.0,0.0,11.97,35.58,0.4883,1125,177.92,0.0,0.0,0.21755555555555553,0.0,5.44,Low
20160328_150820_641_721,5,5,1,745,749,852.55,0.005865,0.005865,17.44,62.79,8.8003,20276,6.19,0.503764112482935,0.5298187302471686,0.5198888888888888,0.35057308088883576,47.6,High
20160328_150821_1281_361,4,3,1,745,748,829.19,0.003618,0.004824,20.26,73.53,10.4041,23971,6.92,0.6043159942256963,0.511866588535913,0.6392222222222222,0.2162614504101974,49.29,High
20160328_150821_1281_721,0,0,2,178,176,180.97,0.0,0.0,12.22,26.0,0.6697,1543,179.29,0.0,0.013710026032910985,0.1111111111111111,0.0,3.12,Low
20160328_150821_1921_361,3,2,1,407,408,436.58,0.004581,0.006872,22.6,73.18,4.9957,11510,2.49,0.26523082324580444,0.21014611091364954,0.6353333333333334,0.2738235777581852,34.61,Moderate
20160328_150821_1921_721,9,8,3,818,825,914.47,0.008748,0.009842,17.57,56.0,7.865,18121,9.26,0.44512452213874937,0.5774042017694696,0.4444444444444444,0.5229008203948057,49.75,High
20160328_150821_1_361,8,5,2,860,866,963.75,0.005188,0.008301,16.99,53.59,10.4167,24000,166.25,0.6051059641159311,0.6152758431877349,0.4176666666666667,0.3101062478518806,48.7,High
20160328_150821_1_721,2,0,2,372,370,419.29,0.0,0.00477,16.38,39.59,4.1697,9607,158.03,0.21344390821929185,0.19685875945013886,0.26211111111111113,0.0,16.81,Low
20160328_150821_641_361,15,14,1,1075,1089,1247.64,0.011221,0.012023,23.22,86.0,15.6984,36169,4.03,0.9362475489773494,0.8334450859278191,0.7777777777777778,0.6707213198045398,80.45,High
20160328_150827_1281_1,4,2,1,277,279,299.3,0.006682,0.013365,27.48,86.0,3.3911,7813,98.49,0.16462878468461548,0.10464653839133904,0.7777777777777778,0.39940823981231033,36.16,Moderate
20160328_150827_1281_1081,6,4,1,568,571,665.03,0.006015,0.009022,33.44,87.48,13.7218,31615,120.88,0.8123225898473193,0.38570975705818505,0.7942222222222223,0.3595391443386781,58.79,High
20160328_150827_1281_361,11,8,3,1128,1134,1297.2,0.006167,0.00848,19.74,78.0,14.076,32431,2.64,0.8345295212061461,0.8715319071268699,0.6888888888888889,0.368624755301185,69.09,High
20160328_150827_1281_721,8,6,1,569,574,656.84,0.009135,0.012179,25.31,73.51,8.7847,20240,96.5,0.5027860545235965,0.37941574847020637,0.639,0.5460332640953989,51.68,High
20160328_150827_1921_1,3,2,1,357,358,394.04,0.005076,0.007614,26.02,91.51,4.773,10997,96.54,0.2512684189160171,0.17745415421858043,0.8390000000000001,0.303411587142665,39.28,Moderate
20160328_150827_1_1,7,4,2,419,420,461.01,0.008677,0.015184,17.14,51.18,3.9054,8998,2.26,0.19687334933126854,0.228920546787193,0.3908888888888889,0.5186568836952136,33.38,Moderate
20160328_150827_1_361,5,1,4,548,545,600.09,0.001666,0.008332,16.81,48.38,6.207,14301,179.71,0.34117451594751713,0.33580341790026813,0.3597777777777778,0.09958307804958232,28.41,Moderate
20160328_150827_641_361,14,9,5,1182,1189,1375.81,0.006542,0.010176,13.17,44.0,11.1554,25702,4.65,0.6514195163315303,0.9319436305824265,0.3111111111111111,0.39103991392579085,57.14,High
20160328_150927_1281_1,3,1,1,209,209,222.25,0.004499,0.013498,5.77,18.39,0.75,1728,84.29,0.0,0.045433673714444914,0.02655555555555556,0.26892212973893814,8.52,Low
20160328_150927_1281_361,3,5,2,516,525,592.52,0.008439,0.005063,11.21,61.12,3.8238,8810,124.05,0.19175735385165177,0.329985878826886,0.5013333333333333,0.5044307296881304,38.19,Moderate
20160328_150927_1281_721,9,7,3,992,998,1136.35,0.00616,0.00792,17.57,77.54,11.3155,26071,176.51,0.6614571496193568,0.7479188080577144,0.6837777777777778,0.368206339006859,61.53,High
20160328_150927_1921_721,2,0,1,408,407,440.14,0.0,0.004544,15.53,56.0,4.8676,11215,175.16,0.2571994626950826,0.212881968126495,0.4444444444444444,0.0,22.86,Low
20160328_150927_1_361,10,7,3,889,895,996.9,0.007022,0.010031,18.62,59.97,12.4253,28628,0.76,0.7310371959830658,0.6407515922343155,0.4885555555555555,0.4197313169652863,57.0,High
20160328_150927_1_721,13,6,4,1142,1148,1287.59,0.00466,0.010096,15.24,46.0,13.5091,31125,11.0,0.7989871457478773,0.8641466296506213,0.3333333333333333,0.2785457045084356,56.88,High
20160328_150927_641_361,11,8,1,894,906,1053.05,0.007597,0.010446,21.17,82.0,12.6259,29090,13.19,0.7436140182037901,0.6839028232739989,0.7333333333333333,0.4541012268563486,65.37,High
20160328_150927_641_721,9,4,4,843,847,927.77,0.004311,0.009701,18.22,61.56,11.2205,25852,175.15,0.6555010274310773,0.5876252413567855,0.5062222222222222,0.25768466354846903,50.18,High
20160328_150932_1281_361,6,8,1,813,824,935.84,0.008548,0.006411,25.57,84.0,12.2092,28130,173.8,0.7174885854053062,0.5938270300387133,0.7555555555555555,0.5109460691283492,64.45,High
20160328_150932_1281_721,5,4,2,395,400,452.61,0.008838,0.011047,8.59,39.16,1.5998,3686,146.29,0.05232139862288186,0.22246515336362507,0.2573333333333333,0.5282804584647111,26.51,Low
20160328_150932_1921_361,20,19,6,1514,1547,1775.23,0.010703,0.011266,10.9,52.0,10.0469,23148,159.42,0.5819209747977662,1.0,0.4,0.6397585140244175,65.54,High
20160328_150932_1921_721,4,2,1,491,492,536.32,0.003729,0.007458,19.36,59.94,6.7756,15611,1.83,0.37682347464494453,0.2867962228263481,0.4882222222222222,0.22289633736308073,34.37,Moderate
20160328_150932_1_1,2,0,1,85,84,98.08,0.0,0.020391,22.59,55.53,1.7695,4077,80.58,0.06296091373183971,0.0,0.43922222222222224,0.0,12.55,Low
20160328_150932_1_361,13,16,2,1242,1267,1488.19,0.010751,0.008735,17.29,61.51,12.9288,29788,24.11,0.7626046435809459,1.0,0.5056666666666666,0.6426276543283671,72.77,High
20160328_150932_1_721,11,10,2,997,1005,1155.36,0.008655,0.009521,19.39,86.36,9.2322,21271,3.92,0.5308425248315436,0.7625279781746224,0.7817777777777778,0.5173418610559033,64.81,High
20160328_150932_641_361,7,12,1,852,871,987.81,0.012148,0.007086,16.72,52.0,9.8177,22620,12.89,0.5675510463182543,0.6337659343509545,0.4,0.7261315919245654,58.19,High
20160328_150932_641_721,10,9,1,924,950,1081.72,0.00832,0.009245,15.98,65.91,8.9865,20705,1.67,0.5154381119719623,0.7059356958280101,0.5545555555555555,0.4973176526845887,56.83,High
20160328_150933_1281_1,4,2,1,122,123,144.95,0.013798,0.027595,11.83,30.37,1.2088,2785,40.29,0.027807253616384985,0.0,0.15966666666666668,0.8247582898728312,25.31,Low
20160328_150933_1281_361,9,6,2,907,909,1031.61,0.005816,0.008724,13.69,58.0,8.023,18485,177.03,0.4550304937782033,0.6674262000595588,0.4666666666666667,0.34764416682855387,48.42,High
20160328_150933_1281_721,6,4,1,776,777,858.6,0.004659,0.006988,11.66,36.0,7.0412,16223,11.15,0.39347553836291277,0.5344681505105718,0.2222222222222222,0.27848593075210326,35.72,Moderate
20160328_150933_1921_361,16,9,5,1005,1009,1155.22,0.007791,0.01385,18.01,74.39,9.9957,23030,4.78,0.5787109384183987,0.7624203882842296,0.6487777777777778,0.46569733558481147,61.39,High
20160328_150933_1921_721,10,9,1,1051,1062,1228.51,0.007326,0.00814,17.18,63.97,11.7292,27024,16.87,0.6873944943487371,0.8187436959048601,0.533,0.4379025388903002,61.93,High
20160328_150933_1_361,4,2,1,463,465,509.74,0.003924,0.007847,16.91,56.76,4.9102,11313,0.19,0.25987031327635307,0.26636951363605804,0.45288888888888884,0.2345522198478758,30.34,Moderate
20160328_150933_1_721,14,5,7,1386,1384,1543.89,0.003239,0.009068,14.32,48.0,12.6484,29142,160.05,0.7450246787220669,1.0,0.35555555555555557,0.1936071967602624,57.35,High
20160328_150933_641_361,6,3,3,303,301,330.82,0.009068,0.018137,8.31,24.0,1.5894,3662,155.56,0.05166935998332285,0.12886963371406068,0.08888888888888889,0.5420284224211359,20.29,Low
20160328_150933_641_721,9,8,1,944,953,1074.36,0.007446,0.008377,17.97,68.0,11.2665,25958,173.17,0.6583850444906654,0.7002795415902171,0.5777777777777777,0.44507538965017407,59.54,High
20160328_150940_1281_361,3,0,2,72,70,84.91,0.0,0.035331,13.78,32.78,0.7969,1836,178.65,0.0019827617284666667,0.0,0.18644444444444447,0.0,4.71,Low
20160328_150940_1281_721,9,8,1,909,918,1036.05,0.007722,0.008687,12.08,40.0,7.8494,18085,170.28,0.4441464641794109,0.6708383365834447,0.26666666666666666,0.46157294639788393,46.08,Moderate
20160328_150940_1921_361,6,5,1,659,663,737.14,0.006783,0.00814,13.48,42.76,6.1519,14174,179.25,0.33771996507831514,0.4411262356026476,0.29733333333333334,0.4054453892018709,37.04,Moderate
20160328_150940_1_1,4,2,1,457,460,519.23,0.003852,0.007704,16.36,43.54,5.497,12665,63.11,0.29666033959300875,0.27366257120625564,0.306,0.23024850939195143,27.66,Low
20160328_150940_1_1081,7,6,3,621,625,707.01,0.008486,0.009901,10.31,38.0,4.1467,9554,133.62,0.21200189968949792,0.417971354191683,0.24444444444444444,0.5072400962357477,34.54,Moderate
20160328_150940_1_361,6,4,2,570,574,657.26,0.006086,0.009129,15.23,53.15,6.1055,14067,70.81,0.33481086960951345,0.3797385181413847,0.41277777777777774,0.3637830810382701,37.28,Moderate
20160328_150940_1_721,7,0,5,149,144,160.15,0.0,0.043708,5.63,18.39,0.4813,1109,31.29,0.0,0.0,0.02655555555555556,0.0,0.66,Low
20160328_150940_641_1081,1,0,1,121,120,136.57,0.0,0.007322,6.81,18.0,0.6046,1393,155.51,0.0,0.0,0.022222222222222223,0.0,0.56,Low
20160328_150940_641_361,13,5,4,798,799,910.01,0.005494,0.014286,9.16,34.0,5.4896,12648,7.29,0.2961963890225533,0.5739766952612418,0.2,0.328397017289559,34.96,Moderate
20160328_150940_641_721,15,6,7,930,932,1043.84,0.005748,0.01437,9.65,36.79,6.3181,14557,176.01,0.34814004410665217,0.6768249454845868,0.23099999999999998,0.34357955139795865,39.99,Moderate
20160328_151013_1081_1281,3,2,1,389,389,452.79,0.004417,0.006626,16.43,43.94,5.5282,12737,22.38,0.2986164555116857,0.22260348322270154,0.3104444444444444,0.26402068171969095,27.39,Low
20160328_151013_1_1921,4,2,2,439,439,531.78,0.003761,0.007522,13.03,37.58,4.5495,10482,117.44,0.23725585776780211,0.283307236380753,0.23977777777777776,0.22480909756571377,24.63,Low
20160328_151013_361_1281,5,5,2,787,791,933.08,0.005359,0.005359,16.84,46.78,11.1923,25787,115.14,0.653732999581504,0.591705972199541,0.342,0.3203275601847009,47.69,High
20160328_151013_361_1921,0,0,1,76,75,89.5,0.0,0.0,9.78,23.18,0.4748,1094,130.65,0.0,0.0,0.07977777777777778,0.0,1.99,Low
20160328_151013_361_641,2,1,2,112,111,124.25,0.008048,0.016096,9.72,25.98,0.4575,1054,93.27,0.0,0.0,0.1108888888888889,0.48105919096220795,14.8,Low
20160328_151013_721_1,9,8,1,819,829,944.57,0.00847,0.009528,18.12,68.36,9.1146,21000,83.35,0.5234694725226842,0.6005360282039215,0.5817777777777777,0.5062837161344311,55.3,High
20160328_151013_721_1281,5,4,2,512,524,616.37,0.00649,0.008112,12.91,39.54,5.1949,11969,53.28,0.2777198710342806,0.34831458515451647,0.26155555555555554,0.3879316785965122,31.89,Moderate
20160328_151013_721_641,6,12,2,1146,1158,1344.81,0.008923,0.004462,20.52,65.56,12.9358,29804,103.48,0.7630435157421877,0.9081201548525923,0.5506666666666666,0.533361227752955,68.88,High
20160328_151014_1281_1,5,3,1,397,398,454.75,0.006597,0.010995,15.52,46.74,4.878,11239,108.7,0.2578515013346416,0.2241097416882007,0.34155555555555556,0.3943274705240664,30.45,Moderate
20160328_151014_1281_361,7,4,2,555,557,642.74,0.006223,0.010891,12.96,34.38,5.2339,12059,127.19,0.2801650159326268,0.36857990950921726,0.20422222222222225,0.3719720856557928,30.62,Moderate
20160328_151014_1281_721,12,11,1,1000,1019,1175.99,0.009354,0.010204,14.38,50.0,9.8637,22726,25.91,0.5704350633778421,0.7783821170232185,0.37777777777777777,0.5591237167321687,57.14,High
20160328_151014_1921_1081,6,5,1,653,661,770.35,0.006491,0.007789,9.99,36.36,5.0734,11689,35.75,0.27010230423558657,0.46664809460225376,0.2262222222222222,0.38799145235284443,33.77,Moderate
20160328_151014_1921_721,1,0,1,86,85,97.01,0.0,0.010308,11.64,28.0,0.6224,1434,33.63,0.0,0.0,0.13333333333333333,0.0,3.33,Low
20160328_151014_1_361,11,9,1,899,912,1030.88,0.00873,0.010671,16.91,72.71,9.0061,20750,172.63,0.5166669540234389,0.6668651956310822,0.6301111111111111,0.5218248927808246,58.39,High
20160328_151014_641_361,11,10,2,1077,1087,1218.31,0.008208,0.009029,24.75,75.13,13.6202,31381,17.61,0.8059526739070124,0.8109050038905273,0.6569999999999999,0.4906229919753732,69.11,High
20160328_151014_641_721,2,1,3,165,162,180.64,0.005536,0.011072,13.86,43.59,1.0091,2325,2.49,0.015286857816391572,0.013456421291270806,0.3065555555555556,0.33090751505551486,16.66,Low
20160328_151027_1281_1,4,1,2,518,517,582.45,0.001717,0.006868,7.83,23.18,3.0942,7129,172.1,0.14601433544566683,0.3222470917107754,0.07977777777777778,0.10263153962252872,16.27,Low
20160328_151027_1281_1081,7,6,1,603,612,707.68,0.008478,0.009891,11.33,58.33,4.0122,9244,68.28,0.20356928459135515,0.41848624866713424,0.4703333333333333,0.5067619061850893,39.98,Moderate
20160328_151027_1281_361,4,2,2,669,667,787.95,0.002538,0.005076,8.74,35.58,4.4019,10142,3.82,0.22800192476790715,0.4801736808230628,0.21755555555555553,0.1517057935713325,26.94,Low
20160328_151027_1281_721,2,1,1,334,334,389.5,0.002567,0.005135,7.17,19.58,1.898,4373,165.83,0.07101735269177537,0.17396516777298537,0.03977777777777776,0.15343923250496866,10.95,Low
20160328_151027_1921_1,10,5,3,818,818,932.74,0.005361,0.010721,8.08,26.0,4.8615,11201,156.38,0.25681701695457204,0.5914446824657299,0.1111111111111111,0.32044710769736545,32.0,Moderate
20160328_151027_641_1,10,9,1,541,557,651.85,0.013807,0.015341,11.68,46.0,4.0404,9309,59.97,0.20533731244092857,0.37558093737692017,0.3333333333333333,0.8252962536798217,43.49,Moderate
20160328_151027_641_1081,1,1,1,113,114,126.84,0.007884,0.007884,12.17,29.18,0.6667,1536,79.37,0.0,0.0,0.14644444444444443,0.47125629492371374,15.44,Low
20160328_151027_641_361,8,4,3,663,666,772.87,0.005176,0.010351,7.22,21.58,3.7018,8529,66.48,0.18410843904144047,0.4685847126293241,0.06199999999999998,0.30938896277589323,25.6,Low
20160328_151027_641_721,9,6,2,503,511,586.8,0.010225,0.015337,9.53,28.0,3.5521,8184,84.68,0.174722844393173,0.325590063305123,0.13333333333333333,0.6111866584975866,31.12,Moderate
20160328_151056_1281_1,11,7,2,497,506,584.7,0.011972,0.018813,5.61,18.0,1.898,4373,128.39,0.07101735269177537,0.3239762149492311,0.022222222222222223,0.7156114108100837,28.32,Moderate
20160328_151056_1281_361,13,8,4,384,394,460.69,0.017365,0.028219,7.36,23.18,2.0378,4695,146.83,0.0797822567120011,0.22867462703772376,0.07977777777777778,1.0,34.71,Moderate
20160328_151056_1_361,27,25,3,983,1027,1168.25,0.0214,0.023112,6.86,33.17,3.6454,8399,177.39,0.1805723833422936,0.7724339330829308,0.1907777777777778,1.0,53.59,High
20160328_151056_641_1,12,2,6,524,526,629.14,0.003179,0.019074,5.21,14.79,2.0282,4673,36.97,0.07918037489086972,0.3581283201567739,0.0,0.19002077138032544,15.68,Low
20160328_151056_641_1081,9,8,1,436,446,500.26,0.015992,0.017991,7.42,26.79,2.0508,4725,91.65,0.08059730501144986,0.25908414105803135,0.11988888888888888,0.9559019112658586,35.39,Moderate
20160328_151056_641_361,22,14,6,1234,1247,1426.35,0.009815,0.015424,7.71,28.0,6.3576,14648,166.63,0.35061653701651563,0.9707835810142269,0.13333333333333333,0.5866794184013508,51.04,High
20160328_151056_641_721,12,12,2,559,582,663.19,0.018094,0.018094,7.44,25.97,2.5117,5787,82.84,0.10949390202805959,0.3842957184987369,0.11077777777777777,1.0,40.11,Moderate
20160328_151151_1281_1081,2,0,1,193,192,215.2,0.0,0.009294,7.99,26.0,0.9939,2290,99.63,0.014333878266266878,0.04001575423395038,0.1111111111111111,0.0,4.14,Low
20160328_151151_1281_721,4,1,1,331,333,365.31,0.002737,0.01095,8.26,22.0,1.9288,4444,3.69,0.07294839020123856,0.15537517171154386,0.06666666666666667,0.16360077108145665,11.46,Low
20160328_151151_1921_1081,6,2,2,283,285,340.5,0.005874,0.017621,8.09,22.39,1.9905,4586,49.8,0.07681673482246837,0.13630870613550566,0.07100000000000001,0.35111104469582627,15.88,Low
20160328_151151_1921_721,1,0,1,525,524,619.27,0.0,0.001615,10.46,41.15,4.5056,10381,27.48,0.23450350235658676,0.35054323288408157,0.27944444444444444,0.0,21.61,Low
20160328_151151_1_1,5,3,1,362,366,428.96,0.006994,0.011656,12.91,33.99,4.0043,9226,62.42,0.20307398600938242,0.2042901468794129,0.19988888888888892,0.4180576517879825,25.63,Low
20160328_151151_641_1,1,0,1,80,79,95.98,0.0,0.010419,13.64,32.78,0.7886,1817,53.97,0.0014623847372801548,0.0,0.18644444444444447,0.0,4.7,Low
20160328_151151_641_1081,3,2,1,296,299,335.45,0.005962,0.008943,8.99,25.97,1.543,3555,54.13,0.04876026451452117,0.13242778508919395,0.11077777777777777,0.35637113525306713,16.21,Low
20160328_151151_641_361,5,5,1,452,457,518.3,0.009647,0.009647,11.81,34.0,3.9891,9191,73.7,0.20212100645925776,0.2729478669343606,0.2,0.5766374273375273,31.29,Moderate
20160328_151151_641_721,6,5,2,630,633,719.16,0.006953,0.008343,12.79,46.74,5.9358,13676,47.88,0.3241713545005556,0.42730861967934375,0.34155555555555556,0.4156069277783589,37.72,Moderate
20160328_151201_1281_361,5,2,2,348,349,391.25,0.005112,0.01278,23.77,83.48,3.898,8981,179.67,0.1964093987608131,0.17531004140289536,0.7497777777777779,0.30556344237062716,35.68,Moderate
20160328_151201_1281_721,10,10,1,1351,1365,1673.17,0.005977,0.005977,82.07,200.61,41.9484,96649,15.72,1.0,1.0,1.0,0.3572677415980513,83.93,High
20160328_151201_1921_1081,7,5,1,479,488,553.03,0.009041,0.012658,32.57,90.29,9.7786,22530,7.94,0.5650996318176048,0.2996378447439457,0.8254444444444445,0.5404145310001643,55.76,High
20160328_151201_1921_721,8,7,1,596,604,702.17,0.009969,0.011393,38.51,147.91,11.9492,27531,27.92,0.7011876194163312,0.4142518179809605,1.0,0.5958845768765223,67.78,High
20160328_151201_1_1,8,6,1,709,719,818.83,0.007328,0.00977,24.8,74.39,14.283,32908,19.41,0.8475075979742913,0.5039049366468459,0.6487777777777778,0.43802208640296475,60.96,High
20160328_151201_641_1,0,0,1,73,72,81.94,0.0,0.0,22.72,67.16,0.5178,1193,35.1,0.0,0.0,0.5684444444444444,0.0,14.21,Low
20160328_151201_641_361,8,6,1,774,787,921.21,0.006513,0.008684,17.73,59.12,10.4774,24140,26.23,0.6089116127141264,0.5825838864926658,0.4791111111111111,0.38930647499215465,51.5,High
20160328_151212_1281_721,16,14,1,935,956,1079.02,0.012975,0.014828,18.02,58.39,10.6506,24539,7.35,0.6197705639037052,0.7038607479418632,0.47100000000000003,0.7755644884113629,64.25,High
20160328_151212_1921_1081,3,0,2,335,333,394.3,0.0,0.007608,7.87,22.0,2.0764,4784,115.27,0.08220232320113353,0.1776539640150242,0.06666666666666667,0.0,8.16,Low
20160328_151212_1921_721,18,16,2,1332,1353,1572.95,0.010172,0.011443,42.29,165.89,24.7118,56936,173.62,1.0,1.0,1.0,0.6080186494119757,90.2,High
20160328_151212_1_361,20,16,1,1079,1098,1293.92,0.012365,0.015457,28.88,85.51,17.0755,39342,15.08,1.0,0.8690112296948099,0.7723333333333334,0.7391024970486707,84.51,High
20160328_151212_1_721,1,0,2,139,137,158.12,0.0,0.006324,25.71,67.2,2.0365,4692,33.57,0.07970075188205625,0.0,0.5688888888888889,0.0,16.21,Low
20160328_151212_641_721,23,22,2,1314,1338,1584.04,0.013889,0.01452,23.31,69.97,17.0078,39186,16.57,1.0,1.0,0.5996666666666667,0.8301977016990689,85.75,High
20160328_151241_1281_361,20,17,1,1098,1123,1270.05,0.013385,0.015747,23.54,74.3,13.0269,30014,10.26,0.7687551234406321,0.8506671533828377,0.6477777777777778,0.8000717285075987,76.68,High
20160328_151241_1281_721,12,10,2,822,834,958.26,0.010436,0.012523,19.77,106.79,6.931,15969,162.39,0.3865664366245088,0.611056782485903,1.0,0.6237989210836982,65.54,High
20160328_151241_1921_361,19,15,4,973,981,1114.38,0.01346,0.01705,23.13,77.11,11.3572,26167,179.16,0.6640715737798961,0.731034880258216,0.679,0.8045547602325198,71.97,High
20160328_151241_1921_721,11,8,5,399,405,464.23,0.017233,0.023695,23.35,70.0,3.6341,8373,179.91,0.17986391828200357,0.23139511426622741,0.6,1.0,50.28,High
20160328_151241_1_1,4,2,1,144,146,164.64,0.012148,0.024295,15.2,42.34,1.3776,3174,74.62,0.03839034230461176,0.0011604338178080413,0.2926666666666667,0.7261315919245654,26.46,Low
20160328_151241_1_361,15,12,2,1109,1126,1271.8,0.009435,0.011794,34.2,152.0,17.9314,41314,25.7,1.0,0.8520120270127477,1.0,0.5639653909950836,85.4,High
20160328_151241_1_721,24,24,2,1573,1613,1906.68,0.012587,0.012587,25.86,81.91,22.3754,51553,164.63,1.0,1.0,0.7323333333333333,0.7523722709544374,87.12,High
20160328_151241_641_361,25,26,2,1541,1572,1846.21,0.014083,0.013541,31.0,82.79,24.7248,56966,171.52,1.0,1.0,0.7421111111111112,0.8417938104275318,89.6,High
20160328_151241_641_721,16,13,2,863,880,995.15,0.013063,0.016078,11.48,36.0,7.204,16598,175.94,0.4036824509129324,0.6394067186044056,0.2222222222222222,0.7808245789686038,51.15,High
20160328_151243_1281_1081,4,4,1,522,534,647.49,0.006178,0.006178,16.76,48.0,7.3255,16878,43.14,0.41130001771162644,0.37223028079040155,0.35555555555555557,0.3692822666208401,37.71,Moderate
20160328_151243_1281_361,13,13,2,1268,1275,1495.78,0.008691,0.008691,29.37,87.58,21.3524,49196,176.98,1.0,1.0,0.7953333333333333,0.5194937162838655,82.87,High
20160328_151243_1281_721,7,5,2,433,436,517.6,0.00966,0.013524,21.71,60.39,5.9206,13641,25.57,0.32321837495043093,0.2724099174823966,0.49322222222222223,0.5774144861698471,41.66,Moderate
20160328_151243_1921_1,2,3,2,279,285,328.49,0.009133,0.006088,13.25,38.77,2.605,6002,161.55,0.1153434409771802,0.1270790305382377,0.25300000000000006,0.5459137165827344,26.03,Low
20160328_151243_1921_1081,15,13,3,944,961,1091.89,0.011906,0.013738,19.2,94.0,9.6202,22165,168.71,0.555168581768937,0.7137513328658299,0.8666666666666667,0.7116663428921531,71.18,High
20160328_151243_1921_361,6,7,1,558,570,656.16,0.010668,0.009144,19.96,62.72,8.0295,18500,175.66,0.45543801792792776,0.37889316900258413,0.5191111111111111,0.6376664325527877,49.78,High
20160328_151243_1_1,9,4,3,351,351,387.87,0.010313,0.023204,8.8,29.18,1.5655,3607,178.6,0.050170925032797846,0.17271251404912635,0.14644444444444443,0.6164467490548273,24.64,Low
20160328_151243_1_361,23,21,9,1562,1604,1900.16,0.011052,0.012104,22.75,78.31,16.4991,38014,30.8,0.9864482546210885,1.0,0.6923333333333334,0.660619554984384,83.49,High
20160328_151243_1_721,4,2,2,583,584,661.87,0.003022,0.006043,29.64,78.0,10.9175,25154,167.13,0.6365041324516183,0.3832812995321762,0.6888888888888889,0.18063629163615713,47.23,High
20160328_151243_641_1,8,7,1,659,666,754.64,0.009276,0.010601,26.15,85.59,8.2522,19013,179.26,0.4694004222577151,0.45457497190174745,0.7732222222222223,0.5544613637382506,56.29,High
20160328_151243_641_361,15,16,7,1375,1388,1619.96,0.009877,0.009259,24.81,96.0,17.3958,40080,167.54,1.0,1.0,0.8888888888888888,0.5903853912939524,86.98,High
20160328_151243_641_721,8,7,1,679,685,808.02,0.008663,0.009901,24.39,77.94,10.5781,24372,28.2,0.6152251022337025,0.4955974601100876,0.6882222222222222,0.5178200511065616,57.92,High
20160328_151247_1281_1,19,13,2,1241,1262,1445.91,0.008991,0.013141,21.24,85.59,13.8963,32017,14.04,0.8232630458668431,0.9858154257005354,0.7732222222222223,0.5374258431835502,77.99,High
20160328_151247_1281_1081,14,13,3,732,744,873.23,0.014887,0.016032,16.11,46.0,7.0916,16339,125.62,0.3966354179238525,0.5457112940566193,0.3333333333333333,0.8898519105186866,54.14,High
20160328_151247_1281_361,11,9,1,791,801,920.29,0.009779,0.011953,23.33,90.0,10.8129,24913,80.92,0.6299461284422075,0.5818768672129416,0.8222222222222222,0.5845275631733886,65.46,High
20160328_151247_1281_721,9,7,1,566,573,670.34,0.010442,0.013426,18.1,56.0,7.6046,17521,108.07,0.4287984777405606,0.38979048790094056,0.4444444444444444,0.6241575636216918,47.18,High
20160328_151247_1921_1,3,4,1,344,351,390.76,0.010236,0.007677,28.25,79.09,3.4909,8043,91.62,0.17088584778346044,0.17493347678652055,0.7010000000000001,0.6118441698172417,41.47,Moderate
20160328_151247_1_1,3,2,1,185,186,201.74,0.009914,0.014871,11.58,30.0,1.3902,3203,80.97,0.0391803121948467,0.029671754771899844,0.15555555555555556,0.5925970202782467,20.43,Low
20160328_151247_641_1,3,3,1,330,333,373.59,0.00803,0.00803,16.09,56.0,3.1467,7250,83.53,0.14930587665497908,0.1617383452290608,0.4444444444444444,0.47998326334822694,30.89,Moderate
20160328_151247_641_1081,10,8,1,673,682,780.58,0.010249,0.012811,30.09,99.46,11.6866,26926,76.51,0.6847236437674666,0.474509841593099,0.9273333333333332,0.6126212286495614,67.48,High
20160328_151247_641_361,11,9,1,600,616,715.41,0.01258,0.015376,15.26,46.39,6.0742,13995,59.39,0.332848484088533,0.42442674761525095,0.33766666666666667,0.7519538546601113,46.17,Moderate
20160328_151247_641_721,11,11,1,644,658,776.47,0.014167,0.014167,24.89,83.96,9.4896,21864,86.05,0.5469804811606287,0.47135130981085327,0.7551111111111111,0.8468148059594435,65.51,High
20160328_151252_1281_1,10,8,2,574,584,684.65,0.011685,0.014606,14.76,46.0,5.5569,12803,63.48,0.3004158313727764,0.40078771169751876,0.3333333333333333,0.6984563427427187,43.32,Moderate
20160328_151252_1281_361,16,12,3,748,760,909.95,0.013188,0.017583,15.99,47.58,7.6693,17670,44.64,0.432854910430894,0.5739305853082164,0.35088888888888886,0.788296298510139,53.65,High
20160328_151252_1281_721,4,3,2,277,280,320.59,0.009358,0.012477,12.67,41.18,2.3754,5473,67.72,0.10094843408845468,0.12100788672321541,0.2797777777777778,0.5593628117574978,26.53,Low
20160328_151252_1921_721,2,2,1,353,354,412.82,0.004845,0.004845,7.82,24.77,2.0655,4759,30.33,0.08151893655005729,0.19188656951555735,0.09744444444444444,0.2896038494299078,16.51,Low
20160328_151252_1_1,7,5,1,285,290,329.76,0.015162,0.021227,9.64,29.59,1.9336,4455,70.94,0.07324933111180425,0.12805502454394377,0.151,0.9062896935100643,31.46,Moderate
20160328_151252_641_1,5,3,2,394,398,466.76,0.006427,0.010712,14.17,52.36,3.3941,7820,156.13,0.16481687275371903,0.2333394172854687,0.40399999999999997,0.3841659319475784,29.66,Moderate
20160328_151252_641_361,9,8,1,742,753,873.12,0.009163,0.010308,8.94,40.36,4.1107,9471,31.44,0.20974484286025522,0.5456267591427393,0.27066666666666667,0.5477069292727027,39.34,Moderate
20160328_151343_1281_1,5,3,1,191,194,233.35,0.012856,0.021427,7.87,18.78,1.2595,2902,137.32,0.03098594198423509,0.053964015024159706,0.030888888888888903,0.7684514114078212,22.11,Low
20160328_151343_1281_361,11,9,1,999,1014,1140.75,0.00789,0.009643,11.67,38.0,8.5052,19596,172.9,0.48526251608544835,0.7513002046129167,0.24444444444444444,0.47161493746170735,48.82,High
20160328_151343_1921_361,2,1,1,101,101,118.81,0.008417,0.016833,11.96,32.0,1.0056,2317,162.47,0.01506742173577075,0.0,0.17777777777777778,0.5031157070488201,17.4,Low
20160328_151343_1_1081,4,2,4,406,403,480.87,0.004159,0.008318,12.31,40.0,3.4796,8017,145.27,0.1701773827231704,0.24418294123862866,0.26666666666666666,0.24859905258596213,23.24,Low
20160328_151343_1_361,5,3,1,700,704,796.78,0.003765,0.006275,17.23,65.52,8.5321,19658,2.33,0.4869490391050769,0.48695952890998,0.5502222222222222,0.2250481925910429,43.73,Moderate
20160328_151343_1_721,4,2,1,122,124,142.64,0.014021,0.028043,8.09,22.0,0.5959,1373,145.54,0.0,0.0,0.06666666666666667,0.8380878375349302,22.62,Low
20160328_151343_641_1,2,1,1,235,236,282.81,0.003536,0.007072,6.85,22.0,1.2487,2877,142.66,0.03030882493546228,0.09197398630150148,0.06666666666666667,0.21136000239095024,10.01,Low
20160328_151343_641_361,14,15,1,1153,1172,1350.94,0.011103,0.010363,13.63,51.99,10.7396,24744,174.56,0.6253505099537773,0.9128310550533628,0.3998888888888889,0.6636680165573304,65.04,High
20160328_151343_641_721,12,12,1,891,905,1032.16,0.011626,0.011626,9.51,31.96,6.2361,14368,155.49,0.34299897021782166,0.6678488746289591,0.17733333333333334,0.6949296911191141,47.08,High
20160328_151355_1281_1081,6,5,2,785,790,906.39,0.005516,0.00662,58.09,196.0,13.2344,30492,44.32,0.7817645482202951,0.5711947280953709,1.0,0.3297120399288692,67.07,High
20160328_151355_1281_361,21,15,2,1661,1688,1975.46,0.007593,0.01063,16.59,71.15,15.2517,35140,7.68,0.9082412354878299,1.0,0.6127777777777779,0.45386213183101953,74.37,High
20160328_151355_1281_721,13,13,1,1246,1264,1427.61,0.009106,0.009106,51.14,205.73,18.7682,43242,142.55,1.0,0.9717518900277623,1.0,0.5442998251617627,87.9,High
20160328_151355_1921_1,7,4,2,439,442,530.64,0.007538,0.013192,11.07,41.54,3.8837,8948,125.66,0.19551284563141946,0.2824311472732688,0.2837777777777778,0.450574575232744,30.31,Moderate
20160328_151355_1921_361,3,2,1,118,121,143.37,0.01395,0.020925,13.25,37.15,1.1411,2629,134.84,0.023562732856948054,0.0,0.235,0.8338439008353382,27.31,Low
20160328_151355_1_361,20,21,1,1140,1173,1343.66,0.015629,0.014885,17.24,63.19,12.0616,27790,0.0,0.7082346524054112,0.9072363807529374,0.5243333333333333,0.9342040377172401,76.85,High
20160328_151355_1_721,10,5,1,341,354,426.07,0.011735,0.02347,17.18,50.76,3.2765,7549,45.72,0.1574438204448596,0.2020691841420187,0.3862222222222222,0.7014450305593329,36.18,Moderate
20160328_151355_641_361,9,7,1,730,738,822.5,0.008511,0.010942,10.66,37.15,5.5677,12828,177.49,0.3010929484215492,0.5067253287735715,0.235,0.5087344401440547,38.79,Moderate
20160328_151355_641_721,11,10,2,589,602,681.94,0.014664,0.01613,11.98,33.6,4.7665,10982,15.99,0.2508608947662927,0.3987050788192011,0.19555555555555557,0.8765223628565877,43.04,Moderate
20160328_151402_1281_1081,13,9,2,722,730,839.35,0.010723,0.015488,48.11,170.76,10.7166,24691,177.65,0.6239085014239834,0.5196745405815619,1.0,0.6409539891510632,69.61,High
20160328_151402_1281_361,4,3,1,411,412,474.55,0.006322,0.008429,20.18,56.0,5.1398,11842,166.72,0.2742653201650786,0.2393260261866109,0.4444444444444444,0.37788968753268876,33.4,Moderate
20160328_151402_1281_721,26,24,4,1515,1536,1745.59,0.013749,0.014895,24.14,135.09,15.1914,35001,167.14,0.9044606652988483,1.0,1.0,0.8218293758125494,93.16,High
20160328_151402_1921_361,30,26,2,1440,1479,1702.26,0.015274,0.017624,24.92,147.97,13.0382,30040,166.72,0.7694635885009223,1.0,1.0,0.9129843542192799,92.06,High
20160328_151402_1921_721,23,21,2,1383,1410,1617.11,0.012986,0.014223,13.39,52.73,10.1146,23304,173.82,0.586165495557203,1.0,0.4081111111111111,0.776221999731018,69.26,High
20160328_151402_1_1081,10,8,1,485,496,566.42,0.014124,0.017655,18.47,53.98,5.5564,12802,154.53,0.30038448336125917,0.30992804926079986,0.422,0.8442445344371553,46.91,High
20160328_151402_1_721,17,15,1,657,678,779.9,0.019233,0.021798,14.48,48.79,5.9948,13812,154.98,0.3278704198595922,0.4739872621254768,0.36433333333333334,1.0,54.15,High
20160328_151402_641_1,12,8,2,611,618,706.23,0.011328,0.016992,17.38,48.33,7.1628,16503,90.94,0.4010993747639102,0.4173719248023517,0.3592222222222222,0.6771171117320939,46.37,Moderate
20160328_151402_641_1081,3,1,1,202,203,231.17,0.004326,0.012978,38.98,111.05,2.8077,6469,5.13,0.12805192484627717,0.0522886867309004,1.0,0.25858126989345326,35.97,Moderate
20160328_151402_641_361,13,12,1,723,740,851.84,0.014087,0.015261,14.61,46.0,6.3793,14698,82.51,0.3519770407163647,0.5292730958030338,0.3333333333333333,0.8420329054528609,51.42,High
20160328_151402_641_721,27,26,1,1412,1447,1680.62,0.015471,0.016066,41.45,220.27,21.8941,50444,20.01,1.0,1.0,1.0,0.9247597842167395,98.12,High
20160328_151409_1281_1081,13,6,4,689,698,777.53,0.007717,0.01672,6.5,22.4,3.0872,7113,173.03,0.1455754632844252,0.4721659189809701,0.0711111111111111,0.4612740776162225,28.75,Moderate
20160328_151409_1281_361,8,9,1,719,731,868.52,0.010362,0.009211,14.17,45.97,6.6315,15279,29.92,0.3677889777256704,0.5420916627441187,0.33299999999999996,0.6193756631151093,46.56,Moderate
20160328_151409_1281_721,1,1,1,227,228,270.66,0.003695,0.003695,11.33,32.76,2.0872,4809,34.3,0.08287944024990636,0.08263672081384071,0.1862222222222222,0.22086402964778312,14.32,Low
20160328_151409_1921_1081,10,4,3,694,696,816.12,0.004901,0.012253,7.97,30.0,3.9657,9137,26.95,0.20065391952025002,0.5018223037685281,0.15555555555555556,0.29295117978451557,28.77,Moderate
20160328_151409_1921_721,6,5,1,358,362,415.43,0.012036,0.014443,8.19,23.18,2.316,5336,43.01,0.09722429032020424,0.19389235247216596,0.07977777777777778,0.7194369312153498,27.26,Low
20160328_151409_1_1,3,2,1,287,290,319.82,0.006253,0.00938,12.91,48.0,1.7669,4071,88.69,0.06279790407194995,0.12041614232605503,0.35555555555555557,0.3737652983457613,22.81,Low
20160328_151409_641_1,6,5,3,747,752,846.85,0.005904,0.007085,13.03,49.18,5.6089,12923,173.7,0.3036760245705714,0.5254382847097476,0.36866666666666664,0.3529042573857948,38.77,Moderate
20160328_151409_641_1081,11,9,1,809,821,960.18,0.009373,0.011456,10.55,40.0,6.2956,14505,30.92,0.3467293835883755,0.6125323009827185,0.26666666666666666,0.560259418102482,44.65,Moderate
20160328_151409_641_361,15,9,3,1326,1337,1539.96,0.005844,0.00974,17.78,65.15,13.9935,32241,175.59,0.829357099305798,1.0,0.5461111111111112,0.3493178320058578,68.12,High
20160328_151409_641_721,11,10,1,651,663,771.11,0.012968,0.014265,25.62,81.98,8.5343,19663,96.8,0.4870869703557528,0.4672321540072432,0.7331111111111112,0.775146072117037,61.56,High
20160328_151413_1281_361,10,8,1,965,979,1107.82,0.007221,0.009027,13.2,36.79,9.553,22010,1.64,0.5509554090210174,0.7259935253940961,0.23099999999999998,0.4316262944754105,48.49,High
20160328_151413_1281_721,9,6,4,788,788,901.91,0.006653,0.009979,9.45,28.0,5.5499,12787,6.06,0.2999769592115348,0.5677518516028013,0.13333333333333333,0.3976748008786742,34.97,Moderate
20160328_151413_1921_361,4,2,1,245,246,290.32,0.006889,0.013778,10.79,33.17,2.1107,4863,30.33,0.08435279679121753,0.09774541542185806,0.1907777777777778,0.4117814073730928,19.62,Low
20160328_151413_1921_721,10,9,2,792,801,917.39,0.00981,0.0109,12.65,54.33,6.1866,14254,175.93,0.33989551707761295,0.5796482194833765,0.4258888888888889,0.5863805496196893,48.3,High
20160328_151413_1_1081,5,5,1,472,478,562.5,0.008889,0.008889,14.17,45.14,4.0482,9327,117.22,0.2058263414205978,0.3069155323298015,0.3237777777777778,0.5313289200376574,34.2,Moderate
20160328_151413_1_361,8,7,1,882,888,1021.79,0.006851,0.007829,21.1,79.18,10.8993,25112,163.47,0.63536306483239,0.659879537747721,0.7020000000000001,0.4095100046324661,60.17,High
20160328_151413_1_721,13,13,2,1198,1213,1408.09,0.009232,0.009232,14.77,63.94,10.7257,24712,26.28,0.6244790352335975,0.9567507853101377,0.5326666666666666,0.5518313184596303,66.64,High
20160328_151413_641_361,2,1,1,663,664,755.13,0.001324,0.002649,10.79,29.98,5.8602,13502,177.18,0.31943153515914596,0.45495153651812226,0.15533333333333335,0.07914045338394178,25.22,Low
20160328_151413_641_721,5,4,1,698,703,789.16,0.005069,0.006336,9.57,34.0,5.0256,11579,177.52,0.26710543433453654,0.48110356487574335,0.2,0.302993170848339,31.28,Moderate
20160328_151423_1281_1081,7,6,3,822,825,911.16,0.006585,0.007683,10.8,38.0,5.941,13688,1.54,0.3244973738203351,0.574860469360897,0.24444444444444444,0.39361018544807896,38.44,Moderate
20160328_151423_1281_361,5,1,3,404,403,429.51,0.002328,0.011641,9.18,30.0,1.7656,4068,179.13,0.06271639924200509,0.2047128214488132,0.15555555555555556,0.1391533047415532,14.05,Low
20160328_151423_1281_721,5,2,4,555,554,605.36,0.003304,0.00826,7.58,30.8,2.3164,5337,4.92,0.09724936872941806,0.3398534087743399,0.16444444444444445,0.19749249092186075,19.98,Low
20160328_151423_1921_1,3,1,1,217,217,262.56,0.003809,0.011426,7.13,18.79,1.3064,3010,124.55,0.033926385464554024,0.07641187715540017,0.03099999999999999,0.2276782378696633,9.23,Low
20160328_151423_1921_1081,4,4,1,405,411,464.85,0.008605,0.008605,12.7,42.76,2.6641,6138,83.9,0.11904877593852026,0.2318715837808241,0.29733333333333334,0.5143531732392892,29.07,Moderate
20160328_151423_1921_361,2,1,1,418,419,487.76,0.00205,0.0041,8.86,24.38,3.0278,6976,118.7,0.14185131951617477,0.24947790084438856,0.0931111111111111,0.12253620048117873,15.17,Low
20160328_151423_1921_721,7,9,1,556,566,643.04,0.013996,0.010886,10.9,41.97,3.8364,8839,102.25,0.1925473237418867,0.3688104592743447,0.28855555555555557,0.8365934936266232,42.16,Moderate
20160328_151423_1_1081,12,7,3,667,673,773.65,0.009048,0.015511,7.25,21.18,3.5378,8151,174.87,0.17382629126377938,0.4691841420186554,0.057555555555555554,0.5408329472944904,31.03,Moderate
20160328_151423_1_361,8,5,2,751,755,864.77,0.005782,0.009251,11.54,42.34,6.6793,15389,17.31,0.37078584762672034,0.5392097906800258,0.2926666666666667,0.34561185911325626,38.71,Moderate
20160328_151423_1_721,3,1,2,420,420,477.16,0.002096,0.006287,10.38,30.36,3.4683,7991,119.1,0.16946891766288033,0.2413318091432195,0.15955555555555556,0.12528579327246372,17.39,Low
20160328_151423_641_1081,5,5,1,943,948,1101.26,0.00454,0.00454,9.59,33.17,6.9596,16035,4.35,0.388359542883296,0.7209521705299764,0.1907777777777778,0.2713728537485617,39.29,Moderate
20160328_151423_641_361,1,2,1,169,173,193.3,0.010347,0.005173,10.92,37.56,1.0451,2408,176.34,0.017543914645634238,0.023185621379648236,0.23955555555555558,0.618479056770125,22.47,Low
20160328_151423_641_721,7,7,2,1054,1066,1235.83,0.005664,0.005664,15.36,57.94,11.079,25526,33.64,0.646629540171693,0.8243691101739691,0.46599999999999997,0.33855855586604694,56.89,High
20160328_151429_1281_1,17,15,2,1104,1118,1294.87,0.011584,0.013129,10.92,32.0,9.0716,20901,16.01,0.5207735435321998,0.8697413039510467,0.17777777777777778,0.6924191933531583,56.52,High
20160328_151429_1281_1081,21,13,3,514,529,599.83,0.021673,0.03501,12.63,48.0,3.622,8345,88.96,0.17910529640328587,0.33560360810382434,0.35555555555555557,1.0,46.76,Moderate
20160328_151429_1281_721,15,8,1,287,307,341.79,0.023406,0.043886,11.11,32.36,1.3989,3223,76.69,0.039725767595247014,0.13730007012555362,0.18177777777777776,1.0,33.97,Moderate
20160328_151429_1921_1,20,13,1,551,576,666.71,0.019499,0.029998,10.25,34.0,2.8798,6635,169.84,0.132572308107066,0.3870008357428987,0.2,1.0,42.99,Moderate
20160328_151429_1_721,10,9,1,805,818,923.21,0.009749,0.010832,22.25,89.58,7.9978,18427,172.43,0.4534505539977335,0.5841208849268487,0.8175555555555556,0.5827343504834203,60.95,High
20160328_151429_641_1,6,4,1,226,230,271.01,0.01476,0.02214,22.85,67.16,2.6042,6000,116.78,0.11529328415875259,0.08290569553982269,0.5684444444444444,0.8822606434644868,41.22,Moderate
20160328_151429_641_361,11,7,3,783,790,899.35,0.007783,0.012231,10.71,46.0,6.0282,13889,125.74,0.32996446702894516,0.5657844936070473,0.3333333333333333,0.46521914553415317,42.36,Moderate
20160328_151429_641_721,23,18,2,820,843,961.47,0.018721,0.023922,10.03,31.58,4.6806,10784,6.22,0.24547530638762755,0.6135236649727664,0.1731111111111111,1.0,50.8,High
20160328_151504_1281_721,9,7,1,778,788,887.0,0.007892,0.010147,22.67,63.97,13.5273,31167,174.96,0.8001282133671056,0.5562935282759682,0.533,0.4717344849743719,59.03,High
20160328_151504_1921_721,22,21,1,1017,1035,1216.43,0.017264,0.018086,22.67,82.0,12.2852,28305,7.34,0.7222534831559296,0.8094602253623957,0.7333333333333333,1.0,81.63,High
20160328_151504_1_1,4,2,3,329,327,368.01,0.005435,0.010869,7.79,24.38,1.6376,3773,18.29,0.05469130829358666,0.1574501195976907,0.0931111111111111,0.32487036566595434,15.75,Low
20160328_151504_1_361,4,4,1,591,597,679.43,0.005887,0.005887,13.45,51.13,5.1111,11776,16.27,0.27246594430398796,0.39677614578430154,0.39033333333333337,0.3518881035281459,35.29,Moderate
20160328_151504_641_1081,46,35,1,1082,1153,1362.59,0.025686,0.033759,17.56,60.74,6.5885,15180,102.36,0.36509304873518605,0.9217840709324779,0.4971111111111111,1.0,69.6,High
20160328_151504_641_361,4,1,2,380,379,439.06,0.002278,0.00911,9.77,29.98,2.6502,6106,30.78,0.11817730121834046,0.21205198897203628,0.15533333333333335,0.13616461692493909,15.54,Low
20160328_151504_641_721,6,4,1,679,684,798.74,0.005008,0.007512,19.75,66.76,10.8394,24974,133.67,0.6316075730526222,0.48846578737547924,0.5640000000000001,0.2993469717120698,49.59,High
20160328_151506_1281_361,7,6,1,442,448,502.26,0.011946,0.013937,16.31,70.0,3.7843,8719,175.82,0.18928086094178828,0.2606211394922142,0.6,0.7140572931454444,44.1,Moderate
20160328_151506_1281_721,7,6,2,497,503,585.43,0.010249,0.011957,15.33,42.34,4.7786,11010,164.65,0.25161951664501037,0.3245372193777078,0.2926666666666667,0.6126212286495614,37.04,Moderate
20160328_151506_1921_361,21,23,1,799,839,954.98,0.024084,0.02199,8.24,22.0,4.1315,9519,170.36,0.21104892013937324,0.6085361050538431,0.06666666666666667,1.0,47.16,High
20160328_151506_1_721,13,10,1,826,839,946.28,0.010568,0.013738,22.31,65.18,12.9948,29940,176.71,0.7667425811012242,0.6018501618651477,0.5464444444444445,0.6316890569195593,63.67,High
20160328_151506_641_721,25,23,2,972,1012,1153.25,0.019944,0.021678,20.91,72.0,12.9523,29842,6.82,0.764078000122257,0.7609064448265594,0.6222222222222222,1.0,78.68,High
20160328_151657_1281_1,5,3,3,341,341,378.69,0.007922,0.013203,11.24,30.37,2.467,5684,93.41,0.10669138979841661,0.1656576912362271,0.15966666666666668,0.47352769766434044,22.64,Low
20160328_151657_1281_1081,19,15,2,705,733,843.6,0.017781,0.022523,8.74,24.79,4.3451,10011,80.29,0.2244407906595465,0.5229406622542004,0.09766666666666665,1.0,46.13,Moderate
20160328_151657_1281_361,6,5,3,493,494,577.67,0.008655,0.010387,12.05,30.39,4.4501,10253,52.86,0.23102387307817093,0.31857366545307836,0.15988888888888889,0.5173418610559033,30.67,Moderate
20160328_151657_1281_721,29,24,2,1272,1309,1527.7,0.01571,0.018983,10.64,36.79,8.8364,20359,4.24,0.5060274389144809,1.0,0.23099999999999998,0.939045711980155,66.9,High
20160328_151657_1921_1081,10,6,2,452,468,570.72,0.010513,0.017522,15.02,46.0,5.0321,11594,54.92,0.26751295848426093,0.31323259589429303,0.3333333333333333,0.6284015003212838,38.56,Moderate
20160328_151657_1921_721,2,1,1,140,141,169.99,0.005883,0.011765,10.94,25.98,1.1732,2703,38.16,0.02557527519635611,0.005271904629247171,0.1108888888888889,0.35164900850281683,12.33,Low
20160328_151657_1_1,5,4,1,738,741,831.71,0.004809,0.006012,10.45,29.58,6.1011,14057,166.64,0.33453500710816153,0.5138032065629835,0.15088888888888888,0.2874519942019456,32.17,Moderate
20160328_151657_1_361,9,8,3,825,838,983.39,0.008135,0.009152,9.94,30.37,6.378,14695,30.76,0.35189553588641986,0.6303691678114104,0.15966666666666668,0.48625950776311655,40.7,Moderate
20160328_151657_1_721,2,1,1,59,60,73.25,0.013651,0.027302,11.39,26.79,0.5,1152,35.82,0.0,0.0,0.11988888888888888,0.8159715476919858,23.4,Low
20160328_151657_641_1,17,13,3,1132,1148,1304.57,0.009965,0.013031,11.59,50.33,8.5395,19675,23.71,0.48741298967553237,0.8771957463568336,0.3814444444444444,0.5956454818511931,58.54,High
20160328_151657_641_1081,5,2,2,595,597,709.67,0.002818,0.007046,9.51,30.37,4.3615,10049,123.34,0.2254690054373126,0.42001556210914615,0.15966666666666668,0.16844244534437156,24.34,Low
20160328_151657_641_361,6,3,1,437,444,506.96,0.005918,0.011835,15.59,56.34,5.0503,11636,112.38,0.26865402610348915,0.26423308581254384,0.44822222222222224,0.35374108997444664,33.37,Moderate
20160328_151657_641_721,13,8,4,1191,1197,1372.63,0.005828,0.009471,22.73,99.08,13.1793,30365,179.49,0.7783099973510929,0.9294998030720758,0.9231111111111111,0.34836145190454126,74.48,High
20160328_151728_1281_361,8,6,1,679,687,768.6,0.007806,0.010409,8.9,27.97,4.6489,10711,0.07,0.2434878424574333,0.4653032209723438,0.13299999999999998,0.46659394192979564,32.71,Moderate
20160328_151728_1921_361,13,6,3,699,702,805.97,0.007444,0.01613,8.82,26.0,4.5321,10442,1.13,0.23616494696700147,0.49402203671505024,0.1111111111111111,0.4449558421375095,32.16,Moderate
20160328_151728_1921_721,1,0,1,73,72,82.77,0.0,0.012082,10.95,32.39,0.49,1129,24.43,0.0,0.0,0.1821111111111111,0.0,4.55,Low
20160328_151728_1_361,9,7,1,727,742,825.26,0.008482,0.010906,7.84,32.78,4.0625,9360,175.88,0.20672289454999143,0.5088463866127437,0.18644444444444447,0.5070010012104185,35.23,Moderate
20160328_151728_641_361,7,4,2,706,706,800.44,0.004997,0.008745,10.09,34.36,5.5282,12737,7.18,0.2986164555116857,0.4897722360445347,0.204,0.2986894603924147,32.28,Moderate
20160328_151804_1281_361,2,0,2,427,425,476.78,0.0,0.004195,10.59,35.19,3.1497,7257,9.2,0.14949396472408263,0.24103977944072472,0.2132222222222222,0.0,15.09,Low
20160328_151804_1281_721,1,0,1,272,271,292.95,0.0,0.003414,6.44,23.99,1.1215,2584,1.12,0.02233389080547148,0.09976656836280849,0.08877777777777776,0.0,5.27,Low
20160328_151804_1921_721,18,14,17,1018,1060,1236.45,0.011323,0.014558,9.73,34.0,6.3277,14579,18.95,0.3487419259277836,0.824845579688566,0.2,0.6768182429504326,51.26,High
20160328_151804_1_361,7,1,3,259,257,277.3,0.003606,0.025244,8.06,22.0,1.3876,3197,6.08,0.03901730253495695,0.08773955561532774,0.06666666666666667,0.21554416533420998,10.22,Low
20160328_151804_1_721,20,5,10,595,589,669.77,0.007465,0.029861,6.34,21.58,2.4931,5744,168.2,0.10832775599961755,0.38935244334719843,0.06199999999999998,0.44621109102048745,25.15,Low
20160328_151804_641_361,23,11,14,919,955,1073.47,0.010247,0.021426,10.2,37.99,4.8967,11282,174.95,0.25902391696538707,0.6995955772870058,0.24433333333333335,0.6125016811368967,45.39,Moderate
20160328_151808_1281_361,3,4,1,554,558,628.0,0.006369,0.004777,13.94,38.38,4.4744,10309,5.96,0.23254738643790976,0.3572522310492897,0.2486666666666667,0.38069905408030597,30.48,Moderate
20160328_151808_1281_721,3,1,4,584,580,629.71,0.001588,0.004764,8.05,27.18,2.6302,6060,172.14,0.11692338075765007,0.35856636471051606,0.12422222222222222,0.0949207250556643,17.37,Low
20160328_151808_1921_1,3,0,2,118,116,131.33,0.0,0.022844,6.13,14.39,0.4857,1119,164.26,0.0,0.0,0.0,0.0,0.0,Low
20160328_151808_1921_1081,16,13,11,818,935,1135.48,0.011449,0.014091,4.86,14.0,2.1719,5004,34.32,0.08818979340093008,0.7472502137388449,0.0,0.6843497362483002,37.99,Moderate
20160328_151808_1921_361,1,0,1,469,468,591.85,0.0,0.00169,6.68,21.18,2.6562,6120,139.87,0.11855347735654757,0.3294709843514348,0.057555555555555554,0.0,12.64,Low
20160328_151808_1921_721,18,3,8,941,937,1033.93,0.002902,0.017409,7.14,28.0,4.1007,9448,5.47,0.20911788262991005,0.6692091182432109,0.13333333333333333,0.17346344087628326,29.63,Moderate
20160328_151808_1_361,1,0,1,185,184,208.85,0.0,0.004788,18.78,43.59,2.4427,5628,3.38,0.10516787643867778,0.035135784205419844,0.3065555555555556,0.0,11.17,Low
20160328_151808_1_721,7,4,3,612,613,702.88,0.005691,0.009959,19.11,60.0,7.9744,18373,15.24,0.4519834670587258,0.4147974524250954,0.4888888888888889,0.3401724472870186,42.4,Moderate
20160328_151808_641_721,13,11,3,976,989,1121.96,0.009804,0.011587,14.07,55.18,7.6979,17736,176.3,0.4346480166896813,0.7368601043237689,0.43533333333333335,0.5860219070816958,54.82,High
20160328_151814_1281_361,1,0,1,243,242,269.34,0.0,0.003713,18.39,52.0,2.7448,6324,82.51,0.12410834499740594,0.08162230184727999,0.4,0.0,15.14,Low
20160328_151814_1281_721,3,2,1,626,628,676.88,0.002955,0.004432,22.56,60.0,10.3963,23953,174.36,0.603826965246027,0.39481647278071846,0.4888888888888889,0.17663144996189423,41.6,Moderate
20160328_151814_1921_361,5,4,1,843,847,936.47,0.004271,0.005339,30.06,93.88,17.5082,40339,171.87,1.0,0.5943111845454809,0.8653333333333333,0.2552937132951777,67.87,High
20160328_151814_1_361,3,1,1,643,644,699.09,0.00143,0.004291,25.25,80.33,12.4987,28797,11.58,0.7356390840737994,0.411884840392319,0.7147777777777777,0.0854764715551637,48.69,High
20160328_151814_1_721,1,0,1,113,112,116.56,0.0,0.00858,15.79,42.0,0.661,1523,4.43,0.0,0.0,0.28888888888888886,0.0,7.22,Low
20160328_151814_641_361,2,0,1,169,168,179.6,0.0,0.011136,27.79,68.76,1.8615,4289,2.73,0.06872894785101544,0.012657182105495731,0.5862222222222223,0.0,16.69,Low
20160328_151814_641_721,4,2,1,678,679,742.37,0.002694,0.005388,31.33,84.69,15.6545,36068,9.1,0.933495193566134,0.4451454865080357,0.7632222222222222,0.16103049955916854,57.57,High
20160328_151945_1281_361,2,0,2,943,941,997.75,0.0,0.002005,10.69,42.0,6.7405,15530,162.87,0.37462284423643294,0.6414048165688433,0.28888888888888886,0.0,32.62,Moderate
20160328_151945_1281_721,1,0,1,417,416,453.69,0.0,0.002204,8.51,26.0,2.329,5366,9.67,0.09803933861965301,0.2232951325180838,0.1111111111111111,0.0,10.81,Low
20160328_151945_1921_361,2,0,1,634,633,685.19,0.0,0.002919,10.42,29.16,5.2344,12060,9.22,0.2801963639441441,0.4012027012747482,0.14622222222222223,0.0,20.69,Low
20160328_151945_1921_721,2,0,1,614,613,658.56,0.0,0.003037,8.54,28.0,3.638,8382,177.91,0.1801084327718382,0.3807375671236035,0.13333333333333333,0.0,17.35,Low
20160328_151945_1_361,7,2,3,666,666,730.62,0.002737,0.009581,15.75,62.0,6.2135,14316,177.75,0.34158204009724147,0.4361156207072115,0.5111111111111111,0.16360077108145665,36.31,Moderate
20160328_151945_1_721,1,2,3,410,410,442.72,0.004517,0.002259,13.48,49.94,2.7452,6325,2.8,0.12413342340661976,0.21486469610659092,0.37711111111111106,0.2699980573529192,24.65,Low
20160328_151945_641_361,8,1,5,689,685,750.86,0.001332,0.010654,35.79,106.0,8.2995,19122,174.59,0.4723659441472478,0.45167004486114193,1.0,0.07961864343460004,50.09,High
20160328_151945_641_721,1,1,1,351,351,369.23,0.002708,0.002708,28.3,86.0,4.6562,10728,1.8,0.2439455234255853,0.15838768864254224,0.7777777777777778,0.16186733214782048,33.55,Moderate
20160328_152308_1281_361,1,0,1,630,629,670.42,0.0,0.001492,12.87,34.0,6.2522,14405,174.28,0.3440083761886774,0.38985196783830783,0.2,0.0,23.35,Low
20160328_152308_1921_361,2,2,1,820,823,949.34,0.002107,0.002107,20.33,77.93,9.576,22063,28.11,0.5523974175508112,0.6042017694694475,0.6881111111111112,0.1259433045921188,49.27,High
20160328_152308_1921_721,2,0,2,546,544,621.87,0.0,0.003216,22.91,97.48,8.1254,18721,165.03,0.46145056653693817,0.3525413308485193,0.9053333333333333,0.0,42.98,Moderate
20160328_152308_1_361,4,2,1,888,891,996.21,0.002008,0.004015,20.02,77.49,11.0343,25423,164.04,0.6438270279420499,0.6402213277745225,0.6832222222222222,0.12002570271522287,52.18,High
20160328_152308_1_721,0,0,1,210,209,215.63,0.0,0.0,15.96,36.0,1.2943,2982,0.84,0.03316776358583634,0.040346208897299694,0.2222222222222222,0.0,7.39,Low
20160328_152308_641_361,9,5,3,923,927,1039.25,0.004811,0.00866,16.94,52.0,11.2951,26024,175.85,0.6601781507494524,0.6732975340781373,0.4,0.2875715417146102,50.53,High
20160328_152322_1281_361,2,1,1,418,419,459.59,0.002176,0.004352,9.38,27.58,2.8307,6522,4.89,0.12949393337607112,0.22782927789892318,0.12866666666666665,0.13006769377904628,15.4,Low
20160328_152322_1281_721,2,0,1,271,270,296.51,0.0,0.006745,9.13,28.0,1.8008,4149,12.06,0.06492329925282014,0.10250242557565396,0.13333333333333333,0.0,7.52,Low
20160328_152322_1921_721,0,0,1,662,661,709.05,0.0,0.0,11.01,30.0,5.5616,12814,4.72,0.30071050268103866,0.41953909259454947,0.15555555555555556,0.0,21.9,Low
20160328_152322_1_361,8,2,5,582,580,646.27,0.003095,0.012379,12.39,46.39,3.6072,8311,159.07,0.17817739526237503,0.37129271174554995,0.33766666666666667,0.18499977584841373,26.8,Low
20160328_152322_1_721,3,2,1,424,425,459.79,0.00435,0.006525,21.0,72.0,4.5664,10521,2.78,0.23831542055708546,0.2279829777423415,0.6222222222222222,0.260015840045428,33.71,Moderate
20160328_152322_641_361,5,1,2,681,679,745.27,0.001342,0.006709,10.74,28.78,5.635,12983,3.75,0.3053123907717723,0.4473741342376008,0.14200000000000002,0.08021638099792286,24.37,Low
20160328_152328_1281_361,6,5,1,930,936,1055.29,0.004738,0.005686,22.8,76.33,14.6649,33788,179.58,0.8714512091711741,0.6856242615202837,0.6703333333333333,0.28320805750235356,62.77,High
20160328_152328_1921_1,3,2,1,252,252,277.27,0.007213,0.01082,16.7,42.79,3.2418,7469,170.92,0.15526826844556182,0.08771650063881498,0.29766666666666663,0.43114810442475227,24.29,Low
20160328_152328_1921_361,5,3,2,657,661,745.09,0.004026,0.006711,13.68,42.76,6.2765,14461,145.53,0.3455318895484162,0.4472358043785244,0.29733333333333334,0.24064914299376858,33.27,Moderate
20160328_152328_1_361,6,4,2,576,578,642.2,0.006229,0.009343,15.87,54.0,4.7001,10829,178.62,0.24669787883680067,0.3681649199319879,0.4222222222222222,0.3723307281937865,35.24,Moderate
20160328_152328_1_721,1,0,2,499,497,541.32,0.0,0.001847,18.38,53.93,6.2756,14459,7.19,0.3454754631276851,0.2906387189118052,0.42144444444444445,0.0,26.44,Low
20160328_152328_641_361,0,0,1,245,244,276.72,0.0,0.0,11.82,32.39,2.1111,4864,161.72,0.08437787520043134,0.08729382606941473,0.1821111111111111,0.0,8.84,Low
20160328_152328_641_721,3,2,1,485,487,536.29,0.003729,0.005594,16.85,42.0,6.4987,14973,172.11,0.3594629458666863,0.2867731678498353,0.28888888888888886,0.22289633736308073,28.95,Moderate
20160328_152336_1281_361,8,5,3,753,761,867.45,0.005764,0.009222,39.43,126.0,18.8299,43384,2.72,1.0,0.541269368581831,1.0,0.3445359314992752,72.15,High
20160328_152336_1281_721,2,3,2,686,684,761.87,0.003938,0.002625,32.54,120.63,11.8598,27325,169.23,0.6955825949570453,0.46013122124131844,1.0,0.2353890524365277,59.78,High
20160328_152336_1921_361,9,9,1,1151,1163,1332.0,0.006757,0.006757,35.53,112.27,24.6966,56901,0.96,1.0,0.8982756798816512,1.0,0.40389127153723153,82.55,High
20160328_152336_1921_721,1,0,1,109,108,112.14,0.0,0.008917,17.26,36.0,0.7925,1826,178.83,0.0017068992271147792,0.0,0.2222222222222222,0.0,5.6,Low
20160328_152336_1_361,3,0,2,655,653,718.03,0.0,0.004178,56.05,164.0,22.5812,52027,169.67,1.0,0.42644021556403044,1.0,0.0,60.66,High
20160328_152336_1_721,1,0,1,352,351,367.98,0.0,0.002718,45.91,124.0,6.6072,15223,176.11,0.36626546436593155,0.15742706462117798,1.0,0.0,38.09,Moderate
20160328_152336_641_361,4,3,1,710,713,790.87,0.003793,0.005058,38.07,84.0,21.5217,49586,1.55,1.0,0.4824176985369697,0.7555555555555555,0.22672185776834677,61.62,High
20160328_152336_641_721,3,1,1,257,257,291.79,0.003427,0.010281,17.01,54.0,3.1923,7355,3.83,0.1521648153053531,0.09887510927098248,0.4222222222222222,0.20484466295073145,21.95,Low
20160328_152514_1281_361,3,1,2,470,470,523.85,0.001909,0.005727,10.39,30.39,2.7925,6434,176.87,0.12709894529615248,0.27721303758921806,0.15988888888888889,0.11410810083832693,16.96,Low
20160328_152514_1281_721,0,0,1,425,424,440.15,0.0,0.0,10.22,25.18,2.3806,5485,3.48,0.10127445340823417,0.21288965311866592,0.102,0.0,10.4,Low
20160328_152514_1921_361,1,0,3,245,242,267.68,0.0,0.003736,11.26,29.18,1.26,2903,5.07,0.031017289995752345,0.08034659314690826,0.14644444444444443,0.0,6.45,Low
20160328_152514_1921_721,1,0,1,567,566,609.49,0.0,0.001641,19.65,74.76,7.7678,17897,1.33,0.4390304686997942,0.34302731054092744,0.652888888888889,0.0,35.87,Moderate
20160328_152514_1_721,4,1,2,742,741,866.92,0.001154,0.004614,13.62,49.58,7.401,17052,150.27,0.4160335674507326,0.5408620639967724,0.3731111111111111,0.06897891480745379,34.97,Moderate
20160328_152514_641_361,6,3,2,628,628,708.36,0.004235,0.00847,9.62,26.0,4.6979,10824,175.31,0.2465599475861247,0.41900882813475643,0.1111111111111111,0.25314185806721556,25.75,Low
20160328_152514_641_721,4,1,2,168,167,196.41,0.005091,0.020366,8.66,23.58,1.227,2827,0.15,0.02894832123561323,0.02557565394480255,0.0842222222222222,0.3043081934876492,11.08,Low
20160328_153020_1281_721,3,2,1,682,683,757.56,0.00264,0.00396,15.42,49.54,8.1888,18867,0.1,0.4654254943973266,0.45681898961565437,0.37266666666666665,0.1578027167172253,36.32,Moderate
20160328_153020_1921_361,3,1,1,280,280,312.31,0.003202,0.009606,13.73,35.15,3.0026,6918,165.91,0.14027137973570492,0.11464471320569845,0.21277777777777776,0.19139556777596795,16.48,Low
20160328_153020_1921_721,1,0,1,410,409,459.53,0.0,0.002176,15.66,41.96,5.1766,11927,165.32,0.2765725338127489,0.22778316794589767,0.28844444444444445,0.0,19.82,Low
20160328_153020_1_721,7,4,1,679,686,741.09,0.005397,0.009446,16.38,46.76,8.6306,19885,175.31,0.49312459737397696,0.4441618075101587,0.34177777777777774,0.3225989629253276,40.04,Moderate
20160328_153020_641_721,3,2,1,690,690,755.45,0.002647,0.003971,15.06,46.0,8.0386,18521,173.56,0.4560085517375419,0.45519745626759156,0.3333333333333333,0.15822113301155127,35.07,Moderate
20160328_153241_1281_361,1,0,1,331,330,338.28,0.0,0.002956,15.73,45.54,1.576,3631,2.03,0.05082923327466031,0.13460263787356266,0.3282222222222222,0.0,12.84,Low
20160328_153241_1281_721,4,2,1,684,685,730.15,0.002739,0.005478,37.9,119.84,14.8416,34195,3.11,0.8825295964413736,0.4357544260751785,1.0,0.16372031859412126,62.05,High
20160328_153241_1921_721,4,2,1,673,674,740.27,0.002702,0.005403,32.65,76.0,18.9679,43702,7.31,1.0,0.4435316381521437,0.6666666666666666,0.16150868960982678,56.79,High
20160328_153241_1_1081,1,0,1,168,167,188.12,0.0,0.005316,32.27,93.09,2.6385,6079,159.78,0.11744375774883659,0.01920479543511466,0.8565555555555556,0.0,24.83,Low
20160328_153241_1_721,11,7,2,1011,1017,1163.63,0.006016,0.009453,26.46,74.69,16.3641,37703,154.89,0.9779842915114286,0.7688834666999685,0.6521111111111111,0.3595989180950103,68.96,High
20160328_153241_641_361,2,1,1,496,497,519.78,0.001924,0.003848,47.27,130.0,8.7378,20132,1.73,0.49984561104327746,0.2740852457756559,1.0,0.11500470718331116,47.22,High
20160328_153241_641_721,7,6,1,1065,1071,1167.1,0.005141,0.005998,27.12,107.12,12.4965,28792,170.4,0.7355011528231233,0.7715501589832756,1.0,0.3072968813042633,70.36,High
20160328_153327_1281_361,5,3,1,675,678,738.06,0.004065,0.006775,20.5,57.58,11.1359,25657,6.33,0.6501969438823572,0.44183325488237163,0.46199999999999997,0.24298031949072757,44.93,Moderate
20160328_153327_1921_361,0,0,1,415,414,449.21,0.0,0.0,20.78,62.0,4.6528,10720,12.55,0.24373235694726791,0.2198522560255142,0.5111111111111111,0.0,24.37,Low
20160328_153327_1921_721,1,0,1,393,392,413.95,0.0,0.002416,15.07,36.0,3.0968,7135,6.86,0.14617734510555658,0.19275497363087066,0.2222222222222222,0.0,14.03,Low
20160328_153327_1_721,2,1,1,651,651,735.91,0.001359,0.002718,12.67,39.54,5.9688,13752,167.91,0.32624032326069474,0.44018098156562513,0.26155555555555554,0.08123253485557165,27.73,Low
20160328_153327_641_361,4,3,1,567,569,643.97,0.004659,0.006211,19.43,76.0,7.1354,16440,160.89,0.39938150373276443,0.36952516354623977,0.6666666666666666,0.27848593075210326,42.85,Moderate
20160328_153327_641_721,0,0,1,314,313,355.66,0.0,0.0,16.88,46.35,3.2986,7600,157.95,0.15882940255392247,0.14795915426661163,0.33722222222222226,0.0,16.1,Low
20160328_153357_1281_1,2,0,1,361,360,376.15,0.0,0.005317,19.81,71.16,3.7431,8624,0.39,0.1866977847927661,0.16370570322481487,0.6128888888888888,0.0,24.08,Low
20160328_153357_1281_361,2,0,3,707,704,776.49,0.0,0.002576,14.41,41.54,6.3854,14712,23.04,0.35235948645687526,0.4713666797951951,0.2837777777777778,0.0,27.69,Low
20160328_153357_1281_721,1,0,1,708,707,806.83,0.0,0.001239,19.78,52.76,11.4006,26267,160.48,0.6667925811795944,0.49468294604174884,0.40844444444444444,0.0,39.25,Moderate
20160328_153357_1921_361,6,5,1,1068,1071,1235.03,0.004048,0.004858,30.88,104.0,23.5968,54367,2.99,1.0,0.8237543108002962,0.9777777777777777,0.2419641656330788,76.09,High
20160328_153357_1921_721,0,0,1,101,100,112.01,0.0,0.0,27.49,81.54,0.8181,1885,129.96,0.003311917416798466,0.0,0.7282222222222223,0.0,18.29,Low
20160328_153357_1_1081,8,4,2,814,816,890.56,0.004492,0.008983,22.2,80.0,8.9653,20656,174.04,0.5141089562836305,0.5590293854888136,0.7111111111111111,0.26850371344461216,51.32,High
20160328_153357_1_721,3,1,3,408,407,426.88,0.002343,0.007028,26.21,80.0,3.0213,6961,177.88,0.1414437953664504,0.20269166850786274,0.7111111111111111,0.14004991108653744,29.88,Moderate
20160328_153357_641_1,1,0,1,636,635,708.73,0.0,0.001411,14.2,40.0,7.7001,17741,13.24,0.43478594794035724,0.4192931728450803,0.26666666666666666,0.0,28.02,Moderate
20160328_153357_641_1081,3,2,1,339,341,358.81,0.005574,0.008361,27.84,76.79,2.9418,6778,4.57,0.13645946153520616,0.15037992680044962,0.6754444444444445,0.33317891779614156,32.39,Moderate
20160328_153357_641_721,2,0,1,671,670,721.36,0.0,0.002773,21.26,68.0,8.7982,20271,174.53,0.5036324508345623,0.42899931795694496,0.5777777777777777,0.0,37.76,Moderate
20160328_153404_1281_361,7,5,1,986,992,1111.71,0.004498,0.006297,41.47,128.24,23.5039,54153,168.98,1.0,0.7289829873485818,1.0,0.2688623559826058,74.95,High
20160328_153404_1281_721,0,0,1,220,219,239.71,0.0,0.0,40.96,111.51,3.4544,7959,174.37,0.16859744294270054,0.058851670044861165,1.0,0.0,30.69,Moderate
20160328_153404_1921_361,2,0,1,646,645,697.61,0.0,0.002867,35.18,94.0,19.4614,44839,176.27,1.0,0.41074746155102365,0.8666666666666667,0.0,56.94,High
20160328_153404_1_721,1,0,1,678,677,766.47,0.0,0.001305,30.71,78.0,17.4128,40119,167.07,1.0,0.46366631763993904,0.6888888888888889,0.0,53.81,High
20160328_153404_641_361,0,0,2,284,282,303.12,0.0,0.0,37.37,126.0,2.3767,5476,168.59,0.10102993891839955,0.10758220540062828,1.0,0.0,30.22,Moderate
20160328_153404_641_721,5,5,1,874,879,978.83,0.005108,0.005108,31.51,116.0,17.0282,39233,165.24,1.0,0.6268648113814735,1.0,0.305324347345298,73.3,High
20160328_153421_1281_1,1,1,1,432,433,515.84,0.001939,0.001939,54.79,145.56,14.5977,33633,27.2,0.8672380364232545,0.27105735886031573,1.0,0.11590131352829539,56.35,High
20160328_153421_1281_1081,1,0,1,230,229,254.68,0.0,0.003926,13.32,33.99,2.0256,4667,78.36,0.07901736523097998,0.07035610332471977,0.19988888888888892,0.0,8.73,Low
20160328_153421_1281_361,7,4,2,790,794,938.97,0.00426,0.007455,43.75,132.0,21.8572,50359,38.21,1.0,0.5962324325882095,1.0,0.2546362019755226,71.27,High
20160328_153421_1281_721,7,5,1,1027,1031,1179.29,0.00424,0.005936,26.94,78.0,19.352,44587,3.69,1.0,0.7809181644396201,0.6888888888888889,0.253440726848877,68.08,High
20160328_153421_1921_361,3,2,1,797,798,900.31,0.002221,0.003332,45.03,130.63,25.9457,59779,173.76,1.0,0.566522252855455,1.0,0.132757512813999,67.48,High
20160328_153421_1_721,2,1,1,701,701,783.43,0.001276,0.002553,12.19,38.38,6.7205,15484,11.38,0.3733689237757426,0.4767000643618095,0.2486666666666667,0.07627131307999223,29.38,Moderate
20160328_153421_641_1,2,1,1,422,422,501.53,0.001994,0.003988,42.62,114.79,12.3168,28378,45.98,0.7242346774838205,0.26006013506373743,1.0,0.11918887012657092,52.59,High
20160328_153421_641_721,3,1,1,732,732,838.04,0.001193,0.00358,20.52,86.0,10.671,24586,167.66,0.6210495627736093,0.5186678066071722,0.7777777777777778,0.07131009130441279,49.72,High
20160328_153524_1281_361,5,3,1,738,737,827.71,0.003624,0.006041,33.67,102.79,19.1202,44053,3.03,1.0,0.5107292096946178,0.9643333333333334,0.21662009294819107,67.29,High
20160328_153524_1921_361,2,1,1,508,509,566.58,0.001765,0.00353,29.03,99.59,7.1319,16432,6.47,0.3991620676521436,0.3100510091355345,0.9287777777777778,0.10550067992647827,43.59,Moderate
20160328_153524_1921_721,3,2,1,711,713,781.76,0.002558,0.003837,44.59,155.91,15.2999,35251,10.78,0.9112631837980935,0.47541667066926685,1.0,0.15290126869797813,63.49,High
20160328_153524_1_721,4,2,1,722,722,830.94,0.002407,0.004814,21.67,66.77,12.6623,29174,168.24,0.7458961534422467,0.513211462165823,0.5641111111111111,0.1438754314918035,49.18,High
20160328_153524_641_361,7,4,2,724,729,812.67,0.004922,0.008614,18.38,54.0,9.7635,22495,169.85,0.5641529218697835,0.4991709814695627,0.4222222222222222,0.2942064286674935,44.49,Moderate
20160328_153524_641_721,1,0,1,240,239,278.35,0.0,0.003593,17.81,46.35,3.3928,7817,156.44,0.16473536792377413,0.08854647979327375,0.33722222222222226,0.0,14.76,Low
20160328_153533_1281_1,8,5,2,827,832,961.65,0.005199,0.008319,13.58,52.0,6.9236,15952,30.06,0.38610248605405334,0.6136619948318429,0.4,0.3107637591715357,42.76,Moderate
20160328_153533_1281_1081,14,15,2,1370,1386,1572.81,0.009537,0.008901,11.47,50.33,9.4779,21837,142.51,0.5462469376911248,1.0,0.3814444444444444,0.5700623141409764,62.44,High
20160328_153533_1281_361,8,7,1,777,784,916.13,0.007641,0.008732,10.63,42.39,5.5629,12817,110.18,0.3007920075109835,0.5786799104698414,0.2932222222222222,0.4567312721349691,40.74,Moderate
20160328_153533_1281_721,11,4,5,703,706,788.43,0.005073,0.013952,9.82,36.0,4.2118,9704,35.27,0.2160834107890451,0.4805425604472666,0.2222222222222222,0.30323226587366814,30.55,Moderate
20160328_153533_1921_1,3,1,1,379,379,427.46,0.002339,0.007018,13.51,38.0,3.9826,9176,76.36,0.2017134823095334,0.20313739805377576,0.24444444444444444,0.13981081606120832,19.73,Low
20160328_153533_1921_1081,18,10,6,1270,1280,1435.33,0.006967,0.012541,13.76,52.39,9.6931,22333,29.48,0.5597391218481532,0.9776847039837079,0.4043333333333333,0.4164437603670108,58.96,High
20160328_153533_1921_361,2,0,1,373,372,405.97,0.0,0.004927,11.38,32.76,3.2274,7436,81.24,0.15436544571386474,0.18662234987848111,0.1862222222222222,0.0,13.18,Low
20160328_153533_1921_721,3,2,1,378,380,407.34,0.00491,0.007365,18.82,48.0,5.6137,12934,92.05,0.30397696548113706,0.18767519380589634,0.35555555555555557,0.29348914359150613,28.52,Moderate
20160328_153533_1_1081,12,9,4,1041,1048,1172.68,0.007675,0.010233,17.49,74.79,9.9783,22990,167.25,0.5776200276175982,0.7758383846146459,0.6532222222222223,0.4587635798502667,61.64,High
20160328_153533_1_361,10,1,5,269,265,299.79,0.003336,0.033356,7.82,20.0,1.3177,3036,95.96,0.03463485052484409,0.10502310300771385,0.044444444444444446,0.19940525112449378,9.59,Low
20160328_153533_1_721,2,1,1,376,376,429.43,0.002329,0.004657,10.43,35.19,2.8628,6596,105.42,0.13150647571547916,0.2046513415114459,0.2132222222222222,0.13921307849788547,17.21,Low
20160328_153533_641_1,5,4,2,927,933,1024.54,0.003904,0.00488,12.93,42.0,8.4961,19575,178.19,0.48469198227583427,0.6619929105947224,0.28888888888888886,0.2333567447212301,41.72,Moderate
20160328_153533_641_1081,5,0,3,638,635,726.13,0.0,0.006886,11.05,31.58,5.2674,12136,4.93,0.2822653327042832,0.432665059222471,0.1731111111111111,0.0,22.2,Low
20160328_153536_1281_1,5,0,3,368,365,444.53,0.0,0.011248,7.67,21.58,2.0777,4787,147.51,0.08228382803107842,0.21625567968952633,0.06199999999999998,0.0,9.01,Low
20160328_153536_1281_1081,1,0,1,177,176,192.57,0.0,0.005193,18.15,49.54,1.6285,3752,92.45,0.054120774483972546,0.022624616951171485,0.37266666666666665,0.0,11.24,Low
20160328_153536_1281_361,5,2,2,377,378,423.56,0.004722,0.011805,7.64,25.59,1.648,3797,11.71,0.05534334693314565,0.20014025110711922,0.10655555555555556,0.282251677401037,16.11,Low
20160328_153536_1281_721,5,7,1,950,960,1120.71,0.006246,0.004461,23.24,84.78,14.2279,32781,147.54,0.8440530471050893,0.7358994803024046,0.7642222222222222,0.3733468820514353,67.94,High
20160328_153536_1921_1,4,3,1,448,451,515.2,0.005823,0.007764,20.98,67.15,7.1667,16512,100.09,0.40134388925374487,0.27056551936137724,0.5683333333333334,0.34806258312287985,39.71,Moderate
20160328_153536_1921_1081,3,3,1,403,407,446.35,0.006721,0.006721,15.46,51.94,4.4201,10184,100.7,0.22914299238713537,0.21765434826463279,0.3993333333333333,0.4017394163092694,31.2,Moderate
20160328_153536_1921_361,9,9,1,1128,1141,1267.75,0.007099,0.007099,17.02,77.54,10.6515,24541,171.79,0.6198269903244361,0.8488996051835274,0.6837777777777778,0.4243338962028721,64.42,High
20160328_153536_1921_721,9,6,5,599,602,668.69,0.008973,0.013459,11.05,37.99,4.0,9216,57.88,0.20280439311033402,0.3885224641927397,0.24433333333333335,0.5363499155695691,34.3,Moderate
20160328_153536_1_1081,2,0,2,128,126,134.28,0.0,0.014894,11.25,35.97,0.533,1228,91.0,0.0,0.0,0.22188888888888889,0.0,5.55,Low
20160328_153536_1_361,3,6,1,506,517,622.21,0.009643,0.004822,15.69,54.73,5.6944,13120,54.35,0.3090365345400227,0.35280262058233036,0.4303333333333333,0.5763983323121983,41.71,Moderate
20160328_153536_1_721,2,0,1,115,114,140.1,0.0,0.014276,11.71,38.0,0.8919,2055,37.33,0.007938883916745956,0.0,0.24444444444444444,0.0,6.31,Low
20160328_153536_641_1,1,0,1,172,171,202.48,0.0,0.004939,9.75,31.96,1.1892,2740,152.37,0.02657841156490841,0.03024044419254748,0.17733333333333334,0.0,5.85,Low
20160328_153536_641_1081,9,4,5,1206,1204,1331.99,0.003003,0.006757,15.06,81.11,8.0525,18553,10.1,0.4568800264577217,0.8982679948894805,0.7234444444444444,0.17950059026584378,56.45,High
20160328_153536_641_361,0,0,1,426,425,518.2,0.0,0.0,13.28,39.15,4.7791,11011,123.11,0.25165086465652764,0.27287101701265154,0.2572222222222222,0.0,19.54,Low
20160328_153536_641_721,8,5,3,1075,1077,1236.06,0.004045,0.006472,15.68,70.0,10.1619,23413,176.48,0.5891310174467358,0.8245458649939,0.6,0.24178484436408193,56.39,High
20160328_153540_1281_1081,0,0,1,80,79,90.6,0.0,0.0,14.46,36.4,0.6115,1409,49.32,0.0,0.0,0.22666666666666666,0.0,5.67,Low
20160328_153540_1281_361,5,3,1,503,507,551.74,0.005437,0.009062,23.95,75.99,6.6745,15378,172.82,0.3704849067161547,0.2986464807538978,0.6665555555555555,0.3249899131786189,41.52,Moderate
20160328_153540_1281_721,4,2,2,779,780,885.21,0.002259,0.004519,13.24,46.0,6.4327,14821,30.45,0.355325008346408,0.5549179146773746,0.3333333333333333,0.13502891555462573,34.47,Moderate
20160328_153540_1921_1,2,0,1,132,131,143.43,0.0,0.013944,24.87,58.0,1.5373,3542,170.78,0.04840289718322443,0.0,0.4666666666666667,0.0,12.88,Low
20160328_153540_1921_1081,9,1,6,505,500,575.8,0.001737,0.01563,12.39,46.0,4.0977,9441,175.65,0.2089297945608065,0.3171365719171174,0.3333333333333333,0.10382701474917437,24.08,Low
20160328_153540_1921_361,4,4,1,808,812,934.61,0.00428,0.00428,21.53,65.99,12.513,28830,155.36,0.7365356372031929,0.5928817760016908,0.5554444444444444,0.25583167710216825,53.52,High
20160328_153540_1_361,4,4,1,702,707,798.13,0.005012,0.005012,16.76,58.33,7.7365,17825,173.16,0.43706808317881374,0.4879970028530534,0.4703333333333333,0.2995860667373989,42.37,Moderate
20160328_153540_1_721,3,2,1,211,212,237.68,0.008415,0.012622,12.28,37.15,1.5412,3551,32.01,0.04864741167305904,0.05729161663416558,0.235,0.5029961595361556,21.1,Low
20160328_153540_641_361,5,4,1,669,674,741.1,0.005397,0.006747,15.63,49.97,7.7031,17748,4.69,0.4349740360094608,0.4441694925023296,0.3774444444444444,0.3225989629253276,39.48,Moderate
20160328_153540_641_721,5,0,5,259,254,287.97,0.0,0.017363,8.24,25.2,1.3403,3088,177.0,0.03605178064542421,0.09593944226169324,0.10222222222222221,0.0,5.86,Low
20160328_153544_1281_1,0,0,1,140,139,158.47,0.0,0.0,17.0,50.76,1.4887,3430,64.16,0.045355870463746804,0.0,0.3862222222222222,0.0,10.79,Low
20160328_153544_1281_361,10,3,5,547,548,618.42,0.004851,0.01617,20.02,69.91,5.6914,13113,85.42,0.3088484464709192,0.3498900085495538,0.599,0.28996249196790147,38.69,Moderate
20160328_153544_1281_721,9,7,2,1094,1102,1234.13,0.005672,0.007293,17.27,58.0,11.5022,26501,7.62,0.6731624971199013,0.8230626615049138,0.4666666666666667,0.33903674591670524,57.55,High
20160328_153544_1921_721,6,5,1,770,772,868.93,0.005754,0.006905,24.26,70.3,14.3563,33077,3.56,0.8521032164627215,0.5424067474231261,0.6033333333333333,0.3439381939359524,58.54,High
20160328_153544_1_1081,3,2,1,612,611,715.38,0.002796,0.004194,8.21,30.0,3.6328,8370,149.77,0.1797824134520587,0.42440369263873823,0.15555555555555556,0.1671274227050613,23.17,Low
20160328_153544_1_721,12,7,3,842,868,967.83,0.007233,0.012399,12.52,48.76,6.5859,15174,1.34,0.3649300390752963,0.6184113199934679,0.364,0.4323435795513979,44.49,Moderate
20160328_153544_641_1,2,1,1,340,340,404.2,0.002474,0.004948,14.84,43.55,4.0955,9436,54.22,0.20879186331013058,0.1852621062642293,0.30611111111111106,0.14788027316606642,21.2,Low
20160328_153544_641_721,9,5,4,847,850,950.65,0.00526,0.009467,24.16,76.0,13.6328,31410,166.26,0.8067426437972472,0.6052085034438373,0.6666666666666666,0.31440995830780494,59.83,High
20160328_153553_1281_361,6,2,2,432,432,488.33,0.004096,0.012287,27.02,81.89,7.6016,17514,179.98,0.42861038967145715,0.24991594539813067,0.7321111111111112,0.24483330593702832,41.39,Moderate
20160328_153553_1281_721,3,3,1,554,554,616.96,0.004863,0.004863,20.56,54.39,6.9405,15991,2.06,0.3871620488433367,0.3487679996926004,0.4265555555555556,0.29067977704388887,36.33,Moderate
20160328_153553_1921_361,2,1,1,620,621,695.97,0.001437,0.002874,21.29,85.91,9.921,22858,3.98,0.5740275454977202,0.4094871228349937,0.7767777777777778,0.08589488784948966,46.15,Moderate
20160328_153553_1921_721,1,0,1,201,200,224.02,0.0,0.004464,20.61,59.94,2.1267,4900,24.0,0.08535593315976985,0.04679391732869674,0.4882222222222222,0.0,15.51,Low
20160328_153553_1_721,4,2,1,691,693,772.11,0.00259,0.005181,20.48,50.0,11.9214,27467,178.16,0.6994446699759717,0.46800065322433465,0.37777777777777777,0.15481402890061116,42.5,Moderate
20160328_153553_641_1081,2,0,1,363,362,414.61,0.0,0.004824,11.69,31.18,3.6011,8297,105.94,0.17779494952186445,0.193262183114151,0.16866666666666666,0.0,13.49,Low
20160328_153553_641_361,2,1,2,361,360,393.55,0.002541,0.005082,18.81,64.0,2.6007,5992,178.41,0.11507384807813176,0.17707758960220565,0.5333333333333333,0.15188511484032932,24.43,Low
20160328_153553_641_721,7,6,1,1004,1009,1126.22,0.005328,0.006215,29.26,132.39,13.5812,31291,4.76,0.8035075290086661,0.7401339109885784,1.0,0.31847457373840016,71.55,High
20160328_153556_1281_1,4,3,1,456,459,512.85,0.00585,0.0078,28.2,70.0,9.3247,21484,97.65,0.5366419069622366,0.2687595462012124,0.6,0.3496764745438515,43.88,Moderate
20160328_153556_1281_1081,3,1,1,394,393,450.58,0.002219,0.006658,28.33,84.36,8.9978,20731,98.91,0.5161465770322523,0.22090509995292945,0.7595555555555555,0.13263796530133443,40.73,Moderate
20160328_153556_1281_361,3,1,1,771,771,845.97,0.001182,0.003546,26.75,72.0,13.6623,31478,144.33,0.8085921764767655,0.5247620053987071,0.6222222222222222,0.07065257998475769,50.66,High
20160328_153556_1281_721,0,1,1,625,625,682.58,0.001465,0.0,31.71,127.59,9.8681,22736,92.44,0.570710925879194,0.3991969183181396,1.0,0.08756855302679357,51.44,High
20160328_153556_1_361,4,1,2,627,626,671.98,0.001488,0.005953,22.05,78.4,7.2131,16619,0.54,0.4042529847225465,0.3910508266169705,0.6933333333333334,0.08894334942243606,39.44,Moderate
20160328_153556_1_721,1,0,2,421,419,446.34,0.0,0.00224,14.36,43.55,2.4171,5569,2.26,0.10356285824899411,0.21764666327246182,0.30611111111111106,0.0,15.68,Low
20160328_153556_641_361,7,5,1,718,721,803.84,0.00622,0.008708,15.61,66.0,8.2656,19044,179.76,0.47024054896637757,0.4923851333826455,0.5555555555555556,0.3717927643867959,47.25,High
20160328_153559_1281_361,2,0,2,432,430,479.29,0.0,0.004173,15.97,78.69,4.316,9944,3.77,0.22261633638924194,0.24296871247562424,0.6965555555555555,0.0,29.05,Moderate
20160328_153559_1281_721,3,2,1,717,718,834.81,0.002396,0.003594,35.93,127.42,19.8303,45689,174.64,1.0,0.5161855541359668,1.0,0.1432179201721484,66.49,High
20160328_153559_1921_361,4,2,1,666,668,719.78,0.002779,0.005557,33.83,108.25,10.9453,25218,1.43,0.6382470818919779,0.4277850891939405,1.0,0.1661112688474125,55.8,High
20160328_153559_1921_721,3,2,2,604,602,655.85,0.003049,0.004574,36.09,123.84,7.2921,16801,0.52,0.4092059705422735,0.37865493424528585,1.0,0.18225018305712876,49.25,High
20160328_153559_1_361,6,4,1,734,737,839.72,0.004763,0.007145,24.43,72.73,14.2396,32808,177.23,0.8447865905745933,0.5199588852918857,0.6303333333333334,0.2847024014106606,56.99,High
20160328_153559_641_361,4,3,1,826,829,941.67,0.003186,0.004248,28.74,108.79,15.6202,35989,9.82,0.9313447199760501,0.5983073804743563,1.0,0.19043918767465143,68.0,High
20160328_153559_641_721,0,0,1,143,142,156.5,0.0,0.0,24.49,62.0,1.572,3622,8.96,0.05057844918252223,0.0,0.5111111111111111,0.0,14.04,Low
20160328_153612_1281_1,17,12,7,597,608,717.35,0.016728,0.023698,13.95,56.0,4.0916,9427,34.38,0.2085473488202959,0.4259176360964083,0.4444444444444444,0.9998953959264184,51.97,High
20160328_153612_1281_1081,12,8,2,948,954,1066.67,0.0075,0.01125,12.64,45.58,7.1176,16399,1.9,0.39826551452275,0.6943697826107842,0.32866666666666666,0.44830317249211726,46.74,Moderate
20160328_153612_1281_361,15,14,1,981,1003,1139.28,0.012289,0.013166,11.87,40.79,7.2079,16607,7.17,0.40392696540276707,0.7501705107637923,0.27544444444444444,0.7345596915674172,54.1,High
20160328_153612_1281_721,9,3,3,373,374,445.24,0.006738,0.020214,15.71,63.15,3.1684,7300,61.73,0.15066638035482813,0.21680131413366127,0.5238888888888888,0.40275557016691815,32.35,Moderate
20160328_153612_1921_1081,8,4,4,494,496,603.7,0.006626,0.013252,14.21,51.13,4.8776,11238,49.34,0.2578264229254278,0.33857770007396815,0.39033333333333337,0.39606090945770256,34.57,Moderate
20160328_153612_1921_361,8,6,2,565,572,671.41,0.008936,0.011915,9.87,29.16,3.8121,8783,34.39,0.1910238103821479,0.39061278206322836,0.14622222222222223,0.5341382865852746,31.55,Moderate
20160328_153612_1921_721,7,4,2,243,248,274.51,0.014571,0.0255,17.1,52.34,1.7938,4133,96.72,0.06448442709157852,0.08559544279964267,0.4037777777777778,0.8709634035176855,35.62,Moderate
20160328_153612_641_1,9,5,2,764,771,894.85,0.005588,0.010058,26.57,87.58,13.0104,29976,125.32,0.7677206390605628,0.5623262471301359,0.7953333333333333,0.33401575038479353,61.48,High
20160328_153612_641_1081,12,13,2,1033,1045,1188.73,0.010936,0.010095,16.97,56.0,9.3056,21440,152.63,0.5354444129222772,0.7881727970489631,0.4444444444444444,0.6536857992498393,60.54,High
20160328_153612_641_361,9,8,1,727,734,829.68,0.009642,0.010848,17.08,56.0,7.5534,17403,101.83,0.4255884413611933,0.5122431531522877,0.4444444444444444,0.5763385585558659,48.97,High
20160328_153612_641_721,3,2,1,441,442,509.52,0.003925,0.005888,36.8,104.3,10.8737,25053,107.53,0.6337580466427063,0.26620044380829794,0.981111111111111,0.23461199360420804,52.89,High
20160328_153616_1281_1081,13,11,2,788,804,953.95,0.011531,0.013628,12.4,45.58,5.9115,13620,141.28,0.3226478411408168,0.6077445508602389,0.32866666666666666,0.6892511842675473,48.71,High
20160328_153616_1281_361,23,10,9,1131,1135,1283.7,0.00779,0.017917,16.33,59.58,10.625,24480,2.33,0.6181655457140215,0.8611571676961357,0.4842222222222222,0.46563756182847915,60.73,High
20160328_153616_1281_721,7,4,3,417,420,475.92,0.008405,0.014708,7.78,22.4,2.23,5138,92.67,0.09183243233923563,0.24037887011402614,0.0711111111111111,0.5023984219728327,22.64,Low
20160328_153616_1921_1081,20,5,9,568,567,645.29,0.007748,0.030994,8.2,30.0,2.5373,5846,70.2,0.11109892021774329,0.3705395825128004,0.15555555555555556,0.4631270640625233,27.51,Low
20160328_153616_1921_361,19,23,1,1313,1359,1562.38,0.014721,0.012161,19.4,83.91,13.3043,30653,16.82,0.7861470002304077,1.0,0.7545555555555555,0.8799294669675278,85.52,High
20160328_153616_1921_721,20,10,6,761,771,893.19,0.011196,0.022392,9.13,38.0,4.0126,9245,121.76,0.20359436300056893,0.5610505384297642,0.24444444444444444,0.6692269758962327,41.96,Moderate
20160328_153616_1_361,23,22,3,1935,1961,2246.81,0.009792,0.010237,11.13,42.0,13.5764,31280,163.22,0.8032065880981004,1.0,0.28888888888888886,0.5853046220057083,66.94,High
20160328_153616_1_721,10,11,6,644,666,762.93,0.014418,0.013107,10.45,44.0,3.2865,7572,7.09,0.15807078067520483,0.46094583041143533,0.3111111111111111,0.8618180187988463,44.8,Moderate
20160328_153616_641_1081,22,13,7,1218,1240,1437.99,0.00904,0.015299,8.1,32.36,6.6128,15236,12.1,0.3666165620949249,0.9797289119011713,0.18177777777777776,0.540354757243832,51.71,High
20160328_153616_641_361,17,15,5,1215,1244,1410.51,0.010634,0.012052,20.59,89.08,13.6003,31335,4.72,0.8047050230486255,0.958610553415499,0.8119999999999999,0.63563412483749,80.27,High
20160328_153616_641_721,17,12,6,719,734,829.27,0.014471,0.0205,11.32,40.36,4.7322,10903,164.22,0.2487104211762087,0.5119280684732803,0.27066666666666667,0.8649860278844572,47.41,High
20160328_153623_1281_361,21,15,3,1038,1059,1205.63,0.012442,0.017418,20.57,75.91,12.0547,27774,10.12,0.7078020498464731,0.8011604338178082,0.6656666666666666,0.7437050762862565,72.96,High
20160328_153623_1281_721,5,4,1,222,228,264.87,0.015102,0.018878,14.27,50.4,1.8767,4324,12.19,0.06968192740114013,0.07818711034688136,0.3822222222222222,0.9027032681301275,35.82,Moderate
20160328_153623_1921_361,12,6,4,291,296,340.74,0.017609,0.035218,22.19,76.79,2.5334,5837,8.01,0.11085440572790865,0.1364931459476076,0.6754444444444445,1.0,48.07,High
20160328_153623_1921_721,33,32,2,1389,1451,1661.01,0.019265,0.019867,21.87,75.9,15.2431,35120,8.91,0.9077020496897329,1.0,0.6655555555555556,1.0,89.33,High
20160328_153623_1_361,10,12,2,669,694,826.55,0.014518,0.012099,22.7,79.94,8.8303,20345,169.69,0.5056449931739704,0.5098377506027917,0.7104444444444444,0.8677953944320745,64.84,High
20160328_153623_1_721,6,3,3,406,407,465.4,0.006446,0.012892,14.47,44.0,3.8767,8932,1.54,0.19507397347017782,0.23229425835022435,0.3111111111111111,0.38530163331789175,28.09,Moderate
20160328_153623_641_361,23,25,1,1122,1161,1326.69,0.018844,0.017336,19.38,64.36,12.273,28277,177.54,0.7214885916749085,0.8941949490388958,0.5373333333333333,1.0,78.83,High
20160328_153632_1281_361,10,8,5,593,599,664.03,0.012048,0.01506,22.51,82.75,4.4479,10248,2.29,0.230885941827495,0.3849412578410936,0.7416666666666667,0.7201542162913372,51.94,High
20160328_153632_1281_721,15,9,6,937,942,1049.28,0.008577,0.014295,27.23,112.73,11.2821,25994,5.44,0.6593631024500038,0.6810055812255642,1.0,0.5126795080619853,71.33,High
20160328_153632_1921_721,21,24,2,1452,1484,1719.27,0.013959,0.012214,21.67,74.39,17.5851,40516,14.86,1.0,1.0,0.6487777777777778,0.8343818646423287,87.08,High
20160328_153632_1_721,17,34,2,1382,1449,1671.43,0.020342,0.010171,21.07,72.0,15.2205,35068,171.7,0.9062851195691527,1.0,0.6222222222222222,1.0,88.21,High
20160328_153632_641_1,15,12,2,551,577,656.94,0.018266,0.022833,11.51,42.34,3.5898,8271,74.32,0.17708648446157438,0.3794925983919155,0.2926666666666667,1.0,46.23,Moderate
20160328_153632_641_361,23,24,1,1292,1335,1518.91,0.015801,0.015142,24.52,111.91,14.8628,34244,21.97,0.8838587521297054,1.0,1.0,0.9444851238063927,95.71,High
20160328_153632_641_721,9,10,3,654,671,770.83,0.012973,0.011676,29.78,106.0,7.4505,17166,176.21,0.4191370205909413,0.46701697422645766,1.0,0.7754449408986983,66.54,High
20160328_153645_1281_361,7,7,1,958,965,1095.48,0.00639,0.00639,30.39,100.27,19.694,45375,5.45,1.0,0.716510245055188,0.9363333333333332,0.3819543029632839,75.87,High
20160328_153645_1281_721,5,1,4,165,162,189.34,0.005282,0.026408,27.19,72.71,3.2396,7464,126.03,0.15513033719488586,0.020142364479966195,0.6301111111111111,0.31572498094711515,28.03,Moderate
20160328_153645_1921_361,5,2,2,373,374,427.85,0.004675,0.011686,19.87,66.0,4.6076,10616,5.43,0.24089849670610763,0.20343711274844145,0.5555555555555556,0.2794423108534198,31.98,Moderate
20160328_153645_1921_721,10,10,3,1164,1173,1362.3,0.007341,0.007341,26.6,93.09,19.3763,44643,169.41,1.0,0.9215612061595215,0.8565555555555556,0.4387991452352844,80.42,High
20160328_153645_1_361,8,7,1,805,814,918.38,0.007622,0.008711,36.04,130.65,17.5946,40538,1.22,1.0,0.580409033708297,1.0,0.45559557076465573,75.9,High
20160328_153645_1_721,1,0,2,386,384,419.62,0.0,0.002383,25.4,74.33,4.997,11513,170.41,0.2653123280757493,0.19711236419177902,0.6481111111111111,0.0,27.76,Moderate
20160328_153645_641_361,7,6,1,799,804,910.45,0.00659,0.007688,36.88,123.5,19.526,44988,6.13,1.0,0.574314834916762,1.0,0.39390905422974043,74.21,High
20160328_153645_641_721,1,1,1,186,187,198.6,0.005035,0.005035,15.01,41.54,1.0061,2318,179.31,0.015098769747288007,0.027258667230232764,0.2837777777777778,0.30096086313304143,15.68,Low
20160328_153654_1281_1,24,4,12,513,505,589.5,0.006785,0.040712,8.74,28.0,2.7661,6373,126.81,0.12544377028804118,0.3276650111912699,0.13333333333333333,0.4055649367145355,24.8,Low
20160328_153654_1281_361,3,4,1,341,348,393.15,0.010174,0.007631,15.48,41.15,3.049,7025,171.44,0.14318047520450658,0.17677018991536905,0.27944444444444444,0.6081381969246402,30.19,Moderate
20160328_153654_1281_721,15,14,2,840,855,977.19,0.014327,0.01535,15.08,70.3,7.5677,17436,8.5,0.42648499449058697,0.6256044726654436,0.6033333333333333,0.8563786069726086,62.8,High
20160328_153654_1921_1081,4,2,3,299,298,343.98,0.005814,0.011629,9.31,25.97,1.7626,4061,14.68,0.06252831117290152,0.1389830834109838,0.11077777777777777,0.3475246193158893,16.5,Low
20160328_153654_1_361,13,15,2,959,994,1168.8,0.012834,0.011123,14.97,53.2,9.9362,22893,163.49,0.5749805250478448,0.7728566076523311,0.4133333333333334,0.7671363887685111,63.21,High
20160328_153654_1_721,9,7,1,326,338,379.84,0.018429,0.023694,8.3,28.78,1.6554,3814,176.25,0.0558072975036011,0.1665414653358822,0.14200000000000002,1.0,34.11,Moderate
20160328_153654_641_361,9,12,1,820,832,938.04,0.012793,0.009594,18.94,67.54,9.7439,22450,1.42,0.5629240798183069,0.5955177283163143,0.5726666666666668,0.7646856647588876,62.39,High
20160328_153654_641_721,13,10,1,803,821,917.51,0.010899,0.014169,13.02,44.0,7.2556,16717,179.11,0.4069175657015136,0.5797404393894275,0.3111111111111111,0.6514741702655449,48.73,High
20160328_153657_1281_1,19,14,4,1118,1133,1300.34,0.010766,0.014612,11.97,47.15,8.4844,19548,168.49,0.48395843880633044,0.8739449946685369,0.3461111111111111,0.6435242606733512,58.69,High
20160328_153657_1281_361,14,4,9,462,462,529.93,0.007548,0.026419,10.04,34.76,2.4518,5649,100.56,0.10573841024829192,0.2818855128291338,0.20844444444444443,0.45117231279606684,26.18,Low
20160328_153657_1281_721,19,27,5,1594,1663,1916.08,0.014091,0.009916,17.44,62.72,14.1606,32626,173.96,0.8398336047548662,1.0,0.5191111111111111,0.84227200047819,80.03,High
20160328_153657_1921_1,6,6,2,268,271,312.01,0.01923,0.01923,8.54,27.18,1.3008,2997,109.53,0.03357528773556071,0.11441416344057101,0.12422222222222222,1.0,31.81,Moderate
20160328_153657_1921_1081,10,7,1,523,533,587.26,0.01192,0.017028,13.11,41.18,4.7279,10893,7.15,0.24844082827716027,0.3259435729449851,0.2797777777777778,0.7125031754808051,39.17,Moderate
20160328_153657_1921_361,11,7,2,447,452,520.76,0.013442,0.021123,21.69,67.59,5.2018,11985,164.89,0.2781524735932188,0.2748383750084055,0.5732222222222223,0.8034788326185388,48.24,High
20160328_153657_1921_721,7,6,1,587,595,681.16,0.008809,0.010277,17.6,61.12,6.8802,15852,165.24,0.38338147865435523,0.3981056494298697,0.5013333333333333,0.5265470195310749,45.23,Moderate
20160328_153657_1_1,17,32,1,1353,1422,1644.02,0.019465,0.010341,15.79,57.55,11.3077,26053,178.82,0.6609681206396876,1.0,0.4616666666666666,1.0,78.07,High
20160328_153657_1_1081,36,8,18,854,845,948.55,0.008434,0.037953,10.5,50.36,3.6927,8508,158.99,0.18353790523182636,0.6035946550879452,0.38177777777777777,0.504131860906469,41.83,Moderate
20160328_153657_1_361,21,15,4,817,842,956.32,0.015685,0.021959,12.5,44.76,5.9627,13738,34.66,0.32585787752018414,0.6095658940047457,0.31955555555555554,0.937551368071848,54.81,High
20160328_153657_1_721,23,21,7,1453,1470,1663.44,0.012624,0.013827,14.1,50.0,11.6832,26918,2.86,0.6845104772891493,1.0,0.37777777777777777,0.7545838999387319,70.42,High
20160328_153657_641_1,22,18,8,1436,1452,1649.17,0.010915,0.01334,12.78,54.0,11.1254,25633,164.34,0.6495386356404946,1.0,0.4222222222222222,0.6524305503668614,68.1,High
20160328_153657_641_1081,32,16,11,947,957,1130.14,0.014158,0.028315,7.54,26.79,4.3711,10071,152.79,0.22607088725844396,0.7431464279195767,0.11988888888888888,0.8462768421524529,48.38,High
20160328_153657_641_361,23,19,5,1548,1566,1813.7,0.010476,0.012681,16.99,84.0,13.3615,30785,23.95,0.7897332127479822,1.0,0.7555555555555555,0.6261898713369893,79.29,High
20160328_153657_641_721,10,10,4,658,678,805.16,0.01242,0.01242,28.3,71.51,9.0312,20808,168.85,0.5182406242016052,0.4933995523492061,0.6167777777777779,0.7423900536469462,59.27,High
20160328_153702_1281_1,26,31,8,1181,1230,1440.83,0.021515,0.018045,11.84,51.99,6.9657,16049,27.54,0.3887419886238066,0.9819114496777107,0.3998888888888889,1.0,69.26,High
20160328_153702_1281_1081,16,35,2,1614,1678,1949.31,0.017955,0.008208,20.93,86.28,12.9397,29813,167.22,0.7632880302320222,1.0,0.7808888888888889,1.0,88.6,High
20160328_153702_1281_361,32,45,6,1443,1528,1801.38,0.024981,0.017764,14.4,68.71,7.628,17575,142.73,0.43026556467956845,1.0,0.5856666666666666,1.0,75.4,High
20160328_153702_1281_721,8,10,3,264,278,320.25,0.031226,0.024981,7.25,25.18,0.8325,1918,170.88,0.004214740148495536,0.12074659698940435,0.102,1.0,30.67,Moderate
20160328_153702_1921_1,14,9,4,602,615,709.03,0.012693,0.019745,11.88,39.18,3.8841,8949,103.43,0.19553792404063328,0.41952372261020765,0.25755555555555554,0.7587082891256592,40.78,Moderate
20160328_153702_1921_1081,6,4,4,230,230,260.24,0.015371,0.023056,8.09,23.97,1.2214,2814,106.83,0.02859722350661992,0.07462895897174808,0.08855555555555554,0.9187824085835112,27.76,Moderate
20160328_153702_1921_361,24,27,9,1663,1712,2003.61,0.013476,0.011978,11.14,54.36,10.0981,23266,173.74,0.5851310111771334,1.0,0.4262222222222222,0.8055111403338363,70.42,High
20160328_153702_1921_721,3,3,2,404,408,463.5,0.006472,0.006472,6.66,21.58,1.8963,4369,103.43,0.07091076945261669,0.23083410983775066,0.06199999999999998,0.3868557509825311,18.77,Low
20160328_153702_1_1,22,36,6,1226,1319,1530.66,0.023519,0.014373,10.66,43.18,5.4232,12495,49.24,0.2920333730930612,1.0,0.302,1.0,64.85,High
20160328_153702_1_1081,17,25,1,938,984,1105.78,0.022609,0.015374,13.27,54.0,6.2201,14331,67.22,0.34199583384926935,0.7244257869912296,0.4222222222222222,1.0,62.22,High
20160328_153702_1_361,29,21,10,1065,1082,1222.83,0.017173,0.023715,8.95,37.56,4.9831,11481,162.15,0.2644408533555695,0.8143786203517805,0.23955555555555558,1.0,57.96,High
20160328_153702_1_721,12,10,2,494,500,567.93,0.017608,0.021129,7.37,23.97,2.3121,5327,86.53,0.09697977583036964,0.31108848307860787,0.08855555555555554,1.0,37.42,Moderate
20160328_153702_641_1,31,42,8,1214,1309,1514.45,0.027733,0.020469,12.82,62.39,6.7192,15481,138.2,0.37328741894579764,1.0,0.5154444444444445,1.0,72.22,High
20160328_153702_641_1081,28,33,2,1358,1428,1676.53,0.019684,0.016701,11.96,42.34,9.3216,21477,37.85,0.5364475492908296,1.0,0.2926666666666667,1.0,70.73,High
20160328_153702_641_361,21,20,5,1075,1104,1260.16,0.015871,0.016665,10.92,53.58,6.2687,14443,68.24,0.34504286056874695,0.8430666961258036,0.4175555555555555,0.9486692867496525,63.86,High
20160328_153702_641_721,30,20,5,1145,1166,1339.97,0.014926,0.022389,19.28,70.79,9.7773,22527,125.79,0.5650181269876599,0.90440061864187,0.6087777777777779,0.8921830870156457,74.26,High
20160328_153706_1281_1,9,16,4,435,461,536.39,0.029829,0.016779,10.37,37.18,1.7799,4101,83.7,0.0636129523713987,0.28685001777154445,0.23533333333333334,1.0,39.64,Moderate
20160328_153706_1281_1081,25,19,3,837,863,978.57,0.019416,0.025548,17.85,83.12,6.6063,15221,90.66,0.3662090379452005,0.6266650015850298,0.7457777777777779,1.0,68.47,High
20160328_153706_1281_361,48,52,7,1863,1934,2259.16,0.023017,0.021247,18.72,69.57,13.7127,31594,170.54,0.8117520560377053,1.0,0.5952222222222221,1.0,85.17,High
20160328_153706_1281_721,24,23,6,1118,1171,1368.58,0.016806,0.017536,18.4,83.14,7.6697,17671,68.54,0.4328799888401078,0.9263873812428555,0.746,1.0,77.63,High
20160328_153706_1921_1,48,48,7,1704,1783,2066.74,0.023225,0.023225,9.92,46.36,8.8129,20305,167.83,0.5045540823731698,1.0,0.3373333333333333,1.0,71.05,High
20160328_153706_1921_361,7,2,5,193,189,209.71,0.009537,0.033379,6.59,20.79,0.6775,1561,163.52,0.0,0.03579669353211848,0.05322222222222221,0.5700623141409764,16.48,Low
20160328_153706_1921_721,23,18,1,948,980,1135.74,0.015849,0.020251,8.58,44.39,4.3845,10102,167.64,0.2269110139671065,0.7474500235352887,0.31544444444444447,0.9473542641103422,55.93,High
20160328_153706_1_361,33,25,3,923,950,1075.09,0.023254,0.030695,7.21,23.97,4.1024,9452,176.54,0.20922446586906876,0.7008405460186938,0.08855555555555554,1.0,49.97,High
20160328_153706_641_1,18,9,5,488,502,577.39,0.015587,0.031175,6.95,23.18,1.9926,4591,92.2,0.07694839647084085,0.3183584856722928,0.07977777777777778,0.9316935399512843,35.17,Moderate
20160328_153706_641_1081,17,22,2,671,739,843.38,0.026085,0.020157,8.1,32.0,2.648,6101,86.44,0.11803936996766452,0.5227715924264403,0.17777777777777778,1.0,45.46,Moderate
20160328_153706_641_361,44,50,2,1726,1806,2095.54,0.02386,0.020997,12.4,46.79,10.1688,23429,158.98,0.5895636200056739,1.0,0.3421111111111111,1.0,73.29,High
20160328_153706_641_721,14,11,1,579,610,699.47,0.015726,0.020015,8.8,26.79,3.0595,7049,95.4,0.14383878344636902,0.4121768700948137,0.11988888888888888,0.9400020920814716,40.4,Moderate
20160328_153714_1281_1,1,0,1,232,231,264.55,0.0,0.00378,13.57,36.0,2.4891,5735,104.22,0.10807697190747947,0.07794119059741211,0.2222222222222222,0.0,10.21,Low
20160328_153714_1281_1081,8,9,3,721,742,860.88,0.010454,0.009293,12.94,43.54,5.3924,12424,37.13,0.2901023355835981,0.5362203287255403,0.306,0.6248748486976792,43.93,Moderate
20160328_153714_1281_361,17,7,8,1100,1102,1271.0,0.005507,0.013375,12.52,47.94,9.0043,20746,170.55,0.5165541011819768,0.8513972276390744,0.35488888888888886,0.32917407612187866,51.3,High
20160328_153714_1281_721,11,10,2,1159,1169,1371.14,0.007293,0.008023,15.51,60.39,9.5768,22065,147.34,0.5524475743692387,0.9283547392386098,0.49322222222222223,0.4359300049313349,60.25,High
20160328_153714_1921_1,1,0,1,155,154,171.4,0.0,0.005834,9.5,24.0,1.0156,2340,97.19,0.01569438196611594,0.006355488525346074,0.08888888888888889,0.0,2.77,Low
20160328_153714_1921_1081,10,5,3,572,583,676.2,0.007394,0.014789,14.5,44.8,5.3906,12420,49.4,0.28998948274213593,0.39429389331309633,0.31999999999999995,0.4419671543208954,36.16,Moderate
20160328_153714_1921_721,2,0,2,449,447,521.14,0.0,0.003838,10.0,29.98,3.1554,7270,25.45,0.1498513320553794,0.2751304047109003,0.15533333333333335,0.0,14.51,Low
20160328_153714_1_1,10,24,2,1224,1278,1449.48,0.016558,0.006899,11.76,43.55,7.0642,16276,173.16,0.39491754689270664,0.9885589679055515,0.30611111111111106,0.9897338573499304,66.98,High
20160328_153714_1_1081,6,8,8,536,541,624.67,0.012807,0.009605,10.83,32.39,3.6155,8330,156.48,0.1786977722535615,0.3546931286563752,0.1821111111111111,0.7655224973475395,37.03,Moderate
20160328_153714_1_361,7,18,6,835,875,1028.26,0.017505,0.006808,18.13,63.19,6.1137,14086,44.39,0.3353249769983965,0.6648517276823026,0.5243333333333333,1.0,63.11,High
20160328_153714_641_1,6,1,4,467,463,544.6,0.001836,0.011017,7.04,34.0,2.0677,4764,144.45,0.08165686780073321,0.29315939634386506,0.2,0.10974461662607031,17.11,Low
20160328_153714_641_1081,15,8,5,1071,1077,1219.9,0.006558,0.012296,10.18,43.94,6.9909,16107,176.61,0.39032192840427643,0.8121269176457028,0.3104444444444444,0.39199629402710734,47.62,High
20160328_153714_641_361,28,21,11,1294,1320,1497.7,0.014022,0.018695,14.62,54.36,10.6576,24555,176.4,0.6202094360649467,1.0,0.4262222222222222,0.8381476112912625,72.11,High
20160328_153714_641_721,4,1,2,383,382,442.89,0.002258,0.009032,7.47,20.38,2.1766,5015,64.55,0.08848446470919233,0.21499534097349643,0.04866666666666666,0.13496914179829345,12.18,Low
20160328_153718_1281_1,19,13,3,563,580,669.06,0.01943,0.028398,11.03,41.58,3.6194,8339,82.18,0.17894228674339616,0.38880680890306346,0.2842222222222222,1.0,46.3,Moderate
20160328_153718_1281_1081,14,15,1,609,636,728.78,0.020582,0.01921,14.64,45.15,5.4453,12546,75.7,0.2934189552021241,0.4347015821477633,0.3238888888888889,1.0,51.3,High
20160328_153718_1281_361,6,6,1,504,515,583.35,0.010286,0.010286,14.71,61.18,4.181,9633,91.33,0.21415237327958192,0.3229387410061577,0.502,0.6148328576338558,41.35,Moderate
20160328_153718_1281_721,19,16,2,717,736,872.69,0.018334,0.021772,21.26,69.53,7.8702,18133,70.43,0.44545054145852886,0.5452963044793899,0.5947777777777777,1.0,64.64,High
20160328_153718_1921_1,14,12,2,576,590,675.33,0.017769,0.020731,11.41,33.97,4.1562,9576,93.81,0.21259751190832585,0.39362529899422677,0.19966666666666666,1.0,45.15,Moderate
20160328_153718_1921_361,13,11,1,509,524,586.55,0.018754,0.022164,11.78,39.15,3.8845,8950,87.56,0.1955630024498471,0.3253979385008502,0.2572222222222222,1.0,44.45,Moderate
20160328_153718_1921_721,23,23,6,736,775,892.64,0.025766,0.025766,8.85,28.36,3.5503,8180,93.2,0.1746099915517109,0.5606278638603638,0.13733333333333334,1.0,46.81,Moderate
20160328_153718_1_1,17,10,5,455,463,529.27,0.018894,0.032119,6.54,22.79,1.8542,4272,93.32,0.06827126688286346,0.2813783033458535,0.07544444444444444,1.0,35.63,Moderate
20160328_153718_1_1081,49,50,13,1666,1760,2054.92,0.024332,0.023845,12.78,51.15,9.1649,21116,143.98,0.5266230824813205,1.0,0.39055555555555554,1.0,72.93,High
20160328_153718_1_361,33,20,14,615,631,716.33,0.02792,0.046068,6.54,21.97,2.043,4707,107.13,0.08010827603178061,0.4251337668949751,0.06633333333333333,1.0,39.29,Moderate
20160328_153718_1_721,25,20,11,1203,1225,1418.02,0.014104,0.01763,8.25,30.37,5.5651,12822,149.64,0.30092993876165947,0.9643819825358554,0.15966666666666668,0.8430490593105097,56.7,High
20160328_153718_641_1081,16,24,1,655,744,884.0,0.027149,0.018099,10.28,40.36,3.1176,7183,26.37,0.14748142238467457,0.5539880306246939,0.27066666666666667,1.0,49.3,High
20160328_153724_1281_361,15,9,5,713,730,818.64,0.010994,0.018323,14.91,52.73,5.9727,13761,179.05,0.32648483775052933,0.5037589217955986,0.4081111111111111,0.6571526771171117,47.39,High
20160328_153724_1281_721,5,5,3,522,525,589.62,0.00848,0.00848,18.26,56.0,4.1311,9518,177.33,0.21102384173015942,0.3277572310973209,0.4444444444444444,0.506881453697754,37.25,Moderate
20160328_153724_1921_361,16,20,1,1012,1045,1197.84,0.016697,0.013357,17.12,64.31,10.1788,23452,173.55,0.5901905802360191,0.7951738249166661,0.5367777777777778,0.9980424094801177,73.0,High
20160328_153724_1921_721,4,2,1,143,142,161.88,0.012355,0.024709,38.82,103.12,2.5951,5979,2.15,0.11472275034913847,0.0,0.9680000000000001,0.7385047594853479,45.53,Moderate
20160328_153724_1_1,30,41,7,1189,1287,1476.71,0.027764,0.020315,6.72,24.38,4.4484,10249,21.16,0.23091728983901227,1.0,0.0931111111111111,1.0,58.1,High
20160328_153724_1_1081,8,5,2,449,452,527.8,0.009473,0.015157,12.52,40.0,3.2552,7500,149.78,0.15610839515422437,0.2802486094967291,0.26666666666666666,0.5662367937357103,31.73,Moderate
20160328_153724_641_1,29,33,3,1211,1289,1482.02,0.022267,0.019568,14.31,51.99,8.1246,18719,122.09,0.46140040971851043,1.0,0.3998888888888889,1.0,71.53,High
20160328_153724_641_1081,14,21,2,851,886,1042.99,0.020134,0.013423,14.77,49.97,6.6094,15228,158.08,0.3664033956166075,0.6761717211500592,0.3774444444444444,1.0,60.5,High
20160328_153724_641_361,12,14,2,718,739,858.71,0.016304,0.013974,12.37,46.35,4.9761,11465,66.6,0.26400198119432783,0.5345526854244519,0.33722222222222226,0.9745513232415307,52.76,High
20160328_153724_641_721,24,24,6,1094,1142,1319.7,0.018186,0.018186,10.7,36.76,6.9766,16074,154.48,0.38942537527488286,0.8888231395114269,0.23066666666666663,1.0,62.72,High
20160328_153732_1281_361,2,0,4,286,282,307.27,0.0,0.006509,16.72,49.15,1.947,4486,2.87,0.0740894578204668,0.11077147715155766,0.3683333333333333,0.0,13.83,Low
20160328_153732_1281_721,12,11,1,809,825,940.15,0.0117,0.012764,23.96,73.18,11.5569,26627,1.99,0.6765919695798895,0.5971392616643773,0.6353333333333334,0.699352949087703,65.21,High
20160328_153732_1921_361,4,1,6,235,229,268.76,0.003721,0.014883,8.67,35.58,1.1133,2565,172.09,0.021819783416588426,0.08117657230136698,0.21755555555555553,0.22241814731242246,13.57,Low
20160328_153732_1921_721,14,10,3,702,714,821.7,0.01217,0.017038,22.62,76.3,9.276,21372,0.43,0.5335886106404555,0.5061105293998983,0.6699999999999999,0.7274466145638757,60.93,High
20160328_153732_1_361,14,13,1,850,867,1000.79,0.01299,0.013989,9.79,31.96,5.9944,13811,9.95,0.3278453414503784,0.6437410541888011,0.17733333333333334,0.7764610947563472,48.13,High
20160328_153732_641_361,25,18,4,1084,1113,1286.14,0.013995,0.019438,18.33,71.51,10.2522,23621,177.34,0.5947924683267527,0.8630323057858388,0.6167777777777779,0.8365337198702909,72.78,High
20160328_153732_641_721,4,3,4,355,356,396.59,0.007564,0.010086,14.05,60.0,2.2743,5240,17.84,0.09460986615966484,0.17941382722216354,0.4888888888888889,0.4521286928973834,30.38,Moderate
20160328_153801_1281_361,11,12,3,1146,1172,1298.34,0.009243,0.008472,27.52,120.0,13.8212,31844,175.36,0.8185545745369505,0.872407996234354,1.0,0.5524888297792854,81.09,High
20160328_153801_1281_721,10,5,3,705,710,755.56,0.006618,0.013235,40.69,105.88,12.3038,28348,0.39,0.7234196291843716,0.45528199118147156,0.9986666666666666,0.39558271940704426,64.32,High
20160328_153801_1921_361,4,1,3,449,447,476.82,0.002097,0.008389,41.67,111.48,7.0065,16143,1.76,0.39129998636361496,0.2410705194094084,1.0,0.12534556702879598,43.94,Moderate
20160328_153801_1921_721,7,5,1,788,790,872.84,0.005728,0.00802,45.54,142.6,18.5985,42851,2.38,1.0,0.5454115793619536,1.0,0.342384076271313,72.19,High
20160328_153801_1_361,8,6,6,820,821,948.99,0.006322,0.00843,20.27,58.0,12.2786,28290,21.66,0.7218396894039019,0.6039327947434655,0.4666666666666667,0.37788968753268876,54.26,High
20160328_153801_1_721,17,25,3,1392,1428,1659.55,0.015064,0.010244,18.5,67.54,13.8255,31854,152.96,0.818824167435999,1.0,0.5726666666666668,0.9004318653895006,82.3,High
20160328_153801_641_361,9,7,3,882,888,993.62,0.007045,0.009058,30.29,120.0,13.1241,30238,4.24,0.7748491768795874,0.6382309148022557,1.0,0.42110611336092885,70.85,High
20160328_153801_641_721,10,16,1,1268,1290,1449.06,0.011042,0.006901,36.46,123.45,18.5725,42791,173.49,1.0,0.9882361982343731,1.0,0.6600218174210613,91.21,High
20160328_153813_1281_1,3,2,1,725,725,804.94,0.002485,0.003727,15.7,52.79,8.5916,19795,10.21,0.4906794524756308,0.4932304825214461,0.4087777777777778,0.14853778448572152,38.53,Moderate
20160328_153813_1281_1081,7,11,1,908,926,1059.79,0.010379,0.006605,25.62,78.36,13.0004,29953,131.62,0.7670936788302175,0.6890825079971951,0.6928888888888889,0.620391816972758,69.24,High
20160328_153813_1281_721,2,2,1,679,681,790.77,0.002529,0.002529,33.69,103.86,17.8034,41019,13.92,1.0,0.48234084861526055,0.9762222222222222,0.15116782976434195,65.24,High
20160328_153813_1921_1,3,1,1,232,233,270.69,0.003694,0.011083,15.91,47.94,2.0773,4786,27.48,0.08225874962186461,0.08265977579035343,0.35488888888888886,0.22080425589145083,18.52,Low
20160328_153813_1921_1081,21,29,3,2366,2404,2804.13,0.010342,0.007489,36.5,157.1,40.1589,92526,13.27,1.0,1.0,1.0,0.6181801879884636,90.45,High
20160328_153813_1921_361,6,2,3,416,415,499.09,0.004007,0.012022,12.55,37.18,3.7713,8689,33.57,0.18846581264233955,0.25818499697403435,0.23533333333333334,0.2395134416234552,23.04,Low
20160328_153813_1_1,13,1,7,444,438,504.69,0.001981,0.025758,7.72,26.79,2.1263,4899,135.05,0.08533085475055603,0.2624885925897464,0.11988888888888888,0.11841181129425125,14.65,Low
20160328_153813_1_1081,4,3,2,1048,1052,1222.66,0.002454,0.003272,12.52,51.99,9.1089,20987,12.44,0.5231121051913873,0.8142479754848753,0.3998888888888889,0.14668479803942078,47.1,High
20160328_153813_1_361,7,10,1,1098,1115,1271.16,0.007867,0.005507,14.02,49.19,10.668,24579,0.43,0.6208614747045057,0.8515201875138093,0.36877777777777776,0.47024014106606493,57.78,High
20160328_153813_1_721,11,5,5,927,928,1059.31,0.00472,0.010384,13.92,40.0,8.2305,18963,146.18,0.468039918557866,0.6887136283729912,0.26666666666666666,0.2821321298883725,42.64,Moderate
20160328_153813_641_1,4,7,1,686,699,834.86,0.008385,0.004791,17.16,45.54,8.8112,20301,155.03,0.5044474991340111,0.5162239790968214,0.3282222222222222,0.5012029468461872,46.25,Moderate
20160328_153813_641_1081,8,4,2,690,693,770.87,0.005189,0.010378,11.65,37.99,5.8377,13450,130.9,0.3180208746408693,0.4670477141951413,0.24433333333333335,0.3101660216082129,33.49,Moderate
20160328_153813_641_361,1,0,1,274,273,325.19,0.0,0.003075,17.54,50.33,4.0022,9221,134.15,0.20294232436100995,0.12454298312183597,0.3814444444444444,0.0,17.72,Low
20160328_153813_641_721,9,8,1,1133,1144,1318.8,0.006066,0.006824,21.89,74.35,17.1918,39610,25.19,1.0,0.8881314902160445,0.6483333333333333,0.3625876059116245,72.48,High
20160328_153821_1281_1,25,19,4,1236,1257,1475.29,0.012879,0.016946,22.76,86.0,14.1936,32702,148.77,0.8419025735150054,1.0,0.7777777777777778,0.7698262078034638,84.74,High
20160328_153821_1281_1081,24,32,1,1702,1746,2041.75,0.015673,0.011755,13.53,50.0,14.1628,32631,16.77,0.8399715360055423,1.0,0.37777777777777777,0.9368340829958606,78.86,High
20160328_153821_1281_361,9,10,1,657,669,784.15,0.012753,0.011477,20.62,60.35,7.1597,16496,91.25,0.40090501709250326,0.4772533837981153,0.4927777777777778,0.7622947145055963,53.33,High
20160328_153821_1281_721,5,1,3,422,419,476.58,0.002098,0.010492,22.87,75.9,5.5894,12878,2.23,0.3024534521213983,0.24088607959730646,0.6655555555555556,0.12540534078512827,33.36,Moderate
20160328_153821_1921_1,13,16,1,848,867,1012.8,0.015798,0.012836,23.99,72.8,10.1645,23419,105.54,0.5892940271066256,0.6529707297860692,0.6311111111111111,0.9443058025373958,70.44,High
20160328_153821_1921_361,11,9,2,498,508,563.5,0.015971,0.019521,11.23,31.96,3.4067,7849,93.81,0.16560684264395395,0.30768403154689294,0.17733333333333334,0.9546466623828807,40.13,Moderate
20160328_153821_1921_721,5,5,1,324,328,360.31,0.013877,0.013877,20.88,66.34,3.1658,7294,96.51,0.15050337069493838,0.15153267562608674,0.5593333333333333,0.8294804166230816,42.27,Moderate
20160328_153821_1_1,20,20,2,742,766,891.92,0.022424,0.022424,14.17,43.94,5.6363,12986,118.24,0.3053938956017172,0.5600745444240579,0.3104444444444444,1.0,54.4,High
20160328_153821_1_1081,15,15,2,649,670,783.91,0.019135,0.019135,13.74,42.34,5.0117,11547,76.8,0.26623395961435675,0.4770689439860134,0.2926666666666667,1.0,50.9,High
20160328_153821_1_361,7,8,1,428,438,492.26,0.016252,0.01422,13.81,35.97,4.3711,10071,80.44,0.22607088725844396,0.2529361473213,0.22188888888888889,0.971443087912252,41.81,Moderate
20160328_153821_1_721,11,9,1,610,622,722.24,0.012461,0.01523,17.59,61.18,6.6788,15388,68.03,0.3707544996152031,0.4296755972679854,0.502,0.7448407776565698,51.18,High
20160328_153821_641_1081,5,4,1,394,396,470.14,0.008508,0.010635,16.11,55.97,4.3351,9988,128.32,0.22381383042920125,0.2359369446392377,0.4441111111111111,0.5085551188750579,35.31,Moderate
20160328_153821_641_361,6,2,3,167,166,190.85,0.010479,0.031438,17.13,56.0,1.3798,3179,89.57,0.0385282735552877,0.021302798297774237,0.4444444444444444,0.6263691926059863,28.27,Moderate
20160328_153821_641_721,32,30,2,1601,1651,1922.72,0.015603,0.016643,18.3,69.91,15.0512,34678,152.87,0.8956706828694087,1.0,0.599,0.9326499200526008,85.68,High
20160328_153845_1281_1,9,7,3,605,611,693.43,0.010095,0.012979,10.62,43.59,4.0148,9250,87.25,0.2037322942512449,0.40753513482358145,0.3065555555555556,0.6034160701743899,38.03,Moderate
20160328_153845_1281_1081,12,17,2,852,875,1015.83,0.016735,0.011813,14.5,61.56,6.066,13976,131.42,0.33233437669964994,0.6552992824138563,0.5062222222222222,1.0,62.35,High
20160328_153845_1281_361,9,7,3,873,876,1008.55,0.006941,0.008924,11.47,45.97,6.2878,14487,12.59,0.3462403546087062,0.6497046081134306,0.33299999999999996,0.4148896427023715,43.6,Moderate
20160328_153845_1281_721,22,16,5,1046,1057,1204.05,0.013289,0.018272,7.42,29.98,5.0052,11532,156.23,0.26582643546463236,0.7999462050548038,0.15533333333333335,0.7943334478996996,50.39,High
20160328_153845_1921_361,7,4,3,907,909,1028.29,0.00389,0.006807,9.73,35.19,5.7257,13192,169.54,0.31099892006100316,0.6648747826588153,0.2132222222222222,0.23251991213257817,35.54,Moderate
20160328_153845_1_1,10,10,3,480,505,594.88,0.01681,0.01681,7.28,24.77,2.2049,5080,161.85,0.0902587621610692,0.33179953697922177,0.09744444444444444,1.0,37.99,Moderate
20160328_153845_1_361,9,7,3,548,553,625.07,0.011199,0.014398,6.58,28.36,2.0977,4833,8.66,0.0835377484917688,0.3550005283432119,0.13733333333333334,0.6694062971652296,31.13,Moderate
20160328_153845_641_1,24,15,4,983,1006,1165.47,0.01287,0.020593,15.55,60.0,8.4844,19548,31.7,0.48395843880633044,0.7702975052594166,0.4888888888888889,0.7692882439964732,62.81,High
20160328_153845_641_1081,11,7,2,1030,1032,1159.99,0.006035,0.009483,38.68,134.0,21.3555,49203,37.87,1.0,0.7660861295497557,1.0,0.36073461946532376,78.17,High
20160328_153845_641_361,41,26,16,1760,1779,2071.02,0.012554,0.019797,17.94,82.0,15.7435,36273,170.67,0.939075139616206,1.0,0.7333333333333333,0.750399736995472,85.57,High
20160328_153845_641_721,17,14,4,1001,1016,1206.12,0.011607,0.014095,25.28,78.79,12.8472,29600,92.77,0.7574886481013293,0.8015369984341828,0.6976666666666668,0.6937939897488007,73.76,High
20160328_153848_1281_1,17,14,6,1312,1327,1475.7,0.009487,0.01152,12.75,60.76,8.5109,19609,22.7,0.48561988341674506,1.0,0.4973333333333333,0.5670736263243623,63.75,High
20160328_153848_1281_1081,14,4,8,984,979,1114.03,0.003591,0.012567,13.35,69.18,6.819,15711,11.92,0.37954448204464264,0.7307659055322339,0.590888888888889,0.21464755898922577,47.9,High
20160328_153848_1281_361,13,12,9,1179,1200,1367.34,0.008776,0.009507,11.39,42.0,8.0968,18655,144.3,0.45965746027815085,0.9254344422136622,0.28888888888888886,0.5245744855721096,54.96,High
20160328_153848_1281_721,3,2,2,664,666,753.81,0.002653,0.00398,10.49,35.97,4.819,11103,80.44,0.25415243597560494,0.4539371175515616,0.22188888888888889,0.15857977554954494,27.21,Low
20160328_153848_1921_1,1,1,1,183,182,213.48,0.004684,0.004684,7.15,24.77,0.8043,1853,25.84,0.002446712298922104,0.03869393558055313,0.09744444444444444,0.2799802746604103,10.46,Low
20160328_153848_1921_1081,1,1,1,854,854,953.41,0.001049,0.001049,11.37,43.98,6.8056,15680,163.12,0.3787043553359801,0.6073295612830095,0.3108888888888889,0.06270267039256414,33.99,Moderate
20160328_153848_1921_361,2,1,1,564,564,672.94,0.001486,0.002972,10.7,33.56,4.9735,11459,32.04,0.2638389715344381,0.3917885858653783,0.19511111111111112,0.0888238019097715,23.49,Low
20160328_153848_1_1,10,4,4,391,391,431.59,0.009268,0.02317,13.11,38.76,3.4097,7856,82.55,0.16579493071305754,0.20631129982036334,0.2528888888888889,0.5539831736875924,29.47,Moderate
20160328_153848_1_1081,15,0,8,373,365,406.84,0.0,0.03687,6.17,21.19,1.4891,3431,9.47,0.04538094887296062,0.18729094419735062,0.05766666666666668,0.0,7.26,Low
20160328_153848_1_361,3,2,1,592,594,716.19,0.002793,0.004189,15.92,57.12,7.553,17402,38.0,0.4255633629519795,0.4250261770045823,0.45688888888888884,0.16694810143606448,36.86,Moderate
20160328_153848_1_721,4,2,3,259,262,290.58,0.006883,0.013766,8.46,29.97,0.8919,2055,142.69,0.007938883916745956,0.09794522521830182,0.1552222222222222,0.4114227648350991,16.81,Low
20160328_153848_641_1,15,10,4,1010,1016,1142.75,0.008751,0.013126,17.54,68.0,10.9852,25310,38.4,0.6407486532110551,0.7528372030470996,0.5777777777777777,0.5230801416638025,62.36,High
20160328_153848_641_1081,17,12,3,1444,1450,1689.83,0.007101,0.01006,19.67,86.8,17.5421,40417,176.59,1.0,1.0,0.7866666666666666,0.4244534437155366,80.28,High
20160328_153848_641_361,13,5,5,821,820,945.09,0.00529,0.013755,14.71,52.0,7.849,18084,167.83,0.4441213857701971,0.600935647796809,0.4,0.3162031709977734,44.03,Moderate
20160328_153848_641_721,11,9,3,766,783,886.14,0.010156,0.012413,16.12,48.0,8.9462,20612,57.7,0.512911462243671,0.5556326189492695,0.35555555555555557,0.6070622693106591,50.78,High
20160328_153915_1281_361,15,14,1,984,1002,1139.52,0.012286,0.013163,21.42,63.12,12.8663,29644,176.38,0.7586861421412885,0.7503549505758943,0.5235555555555556,0.7343803702984204,69.17,High
20160328_153915_1921_361,9,4,4,412,413,469.33,0.008523,0.019176,13.4,43.55,2.7287,6287,8.2,0.12309893902655018,0.23531446027339364,0.30611111111111106,0.509451725220042,29.35,Moderate
20160328_153915_1921_721,24,21,2,1237,1268,1521.08,0.013806,0.015778,35.73,132.0,17.6033,40558,0.46,1.0,1.0,1.0,0.8252364799234896,95.63,High
20160328_153915_1_361,7,6,1,257,265,298.97,0.020069,0.023414,13.79,42.0,1.4727,3393,123.83,0.044352734095194496,0.10439293364969889,0.28888888888888886,1.0,35.94,Moderate
20160328_153915_1_721,32,28,3,1224,1256,1456.07,0.01923,0.021977,17.27,55.58,11.3273,26098,164.16,0.6621969626911639,0.9936233777461841,0.43977777777777777,1.0,77.39,High
20160328_153915_641_361,21,23,2,1158,1181,1378.99,0.016679,0.015228,23.39,89.17,14.3424,33045,3.57,0.8512317417425417,0.9343874580927773,0.8130000000000001,0.9969664818661366,89.89,High
20160328_153918_1281_721,6,4,1,860,861,980.71,0.004079,0.006118,24.08,71.94,16.8407,38801,166.9,1.0,0.6283095899096054,0.6215555555555555,0.24381715207937954,62.34,High
20160328_153918_1921_721,7,7,1,856,866,981.98,0.007128,0.007128,29.83,109.45,17.5087,40340,7.56,1.0,0.6292855839153115,1.0,0.42606733513650824,76.38,High
20160328_153918_1_361,8,7,1,1073,1080,1272.2,0.005502,0.006288,31.72,110.27,21.0516,48503,24.12,1.0,0.8523194266995844,1.0,0.32887520734021725,79.53,High
20160328_153918_1_721,2,0,1,73,72,80.28,0.0,0.024911,23.41,69.57,0.6254,1441,23.78,0.0,0.0,0.5952222222222221,0.0,14.88,Low
20160328_153918_641_721,5,5,1,847,854,995.66,0.005022,0.005022,25.8,86.0,16.2643,37473,24.64,0.9717272284125835,0.6397986532051222,0.7777777777777778,0.3001838043007218,67.24,High
20160328_154011_1281_1,13,13,2,696,714,820.04,0.015853,0.015853,8.08,27.97,3.8832,8947,164.0,0.19548149761990222,0.5048348206995265,0.13299999999999998,0.9475933591356713,44.52,Moderate
20160328_154011_1281_361,18,17,4,1058,1089,1242.67,0.01368,0.014485,11.52,48.76,7.2378,16676,10.62,0.40580157649149917,0.8296256448188745,0.364,0.817704986625622,60.43,High
20160328_154011_1281_721,12,5,5,384,385,455.42,0.010979,0.02635,7.64,28.36,2.0334,4685,35.33,0.07950639421064921,0.22462463616365197,0.13733333333333334,0.6562560707721274,27.44,Low
20160328_154011_1921_1,14,13,1,812,832,945.91,0.013743,0.014801,14.08,46.0,7.1675,16514,13.87,0.4013940460721725,0.6015658171548239,0.3333333333333333,0.8214707332745558,53.94,High
20160328_154011_1921_1081,6,6,2,515,522,607.74,0.009873,0.009873,11.59,37.97,4.1441,9548,26.16,0.21183889002960818,0.34168243691101746,0.2441111111111111,0.5901462962686232,34.69,Moderate
20160328_154011_1921_361,8,6,2,325,341,398.16,0.015069,0.020092,17.55,47.17,3.4015,7837,174.65,0.16528082332417446,0.1806203709929971,0.3463333333333333,0.9007307341711621,39.82,Moderate
20160328_154011_1921_721,1,0,1,334,333,381.88,0.0,0.002619,13.01,34.0,3.2148,7407,25.81,0.1535754758236298,0.1681092037387487,0.2,0.0,13.04,Low
20160328_154011_1_1,15,20,4,1081,1107,1278.48,0.015644,0.011733,26.83,91.09,10.6801,24607,157.2,0.6216200965832235,0.8571456017829183,0.8343333333333334,0.9351006440622245,81.2,High
20160328_154011_1_1081,12,7,3,210,218,249.89,0.028012,0.04802,8.08,20.0,0.7808,1799,83.62,0.0009733557576109129,0.06667499207485184,0.044444444444444446,1.0,27.8,Moderate
20160328_154011_1_361,17,11,4,980,991,1131.0,0.009726,0.015031,11.29,42.34,6.9926,16111,39.15,0.39042851164343517,0.7438073372462753,0.2926666666666667,0.5813595540877777,50.21,High
20160328_154011_1_721,12,13,2,580,597,675.29,0.019251,0.01777,10.48,30.0,3.8637,8902,77.42,0.1942589251707291,0.3935945590255431,0.15555555555555556,1.0,43.59,Moderate
20160328_154011_641_1081,4,3,1,410,412,465.85,0.00644,0.008586,10.82,34.76,2.9418,6778,79.41,0.13645946153520616,0.23264008299791553,0.20844444444444443,0.3849429907798981,24.06,Low
20160328_154011_641_361,10,11,1,902,925,1044.71,0.010529,0.009572,17.21,49.94,9.9288,22876,2.73,0.5745165744773894,0.6774935398034565,0.37711111111111106,0.6293578804226004,56.46,High
20160328_154017_1281_1,2,0,1,378,377,468.54,0.0,0.004269,23.54,57.94,8.4015,19357,124.63,0.47876093849676876,0.23470734589189143,0.46599999999999997,0.0,29.49,Moderate
20160328_154017_1281_1081,1,0,1,96,95,110.33,0.0,0.009064,36.43,99.46,1.273,2933,58.05,0.03183233829520109,0.0,0.9273333333333332,0.0,23.98,Low
20160328_154017_1281_361,5,4,1,974,975,1068.61,0.003743,0.004679,14.87,50.76,10.2734,23670,10.19,0.5961216240150846,0.6958606710919414,0.3862222222222222,0.22373316995173265,47.55,High
20160328_154017_1281_721,5,4,1,1119,1121,1254.38,0.003189,0.003986,17.42,62.76,11.7695,27117,8.03,0.6899211440770283,0.838624770651015,0.5195555555555555,0.19061850894364826,55.97,High
20160328_154017_1921_1081,7,4,2,697,697,816.29,0.0049,0.008575,15.4,79.13,6.7587,15572,64.55,0.37576391185566116,0.5019529486354336,0.7014444444444444,0.2928914060281833,46.8,Moderate
20160328_154017_1921_361,1,0,1,368,367,422.92,0.0,0.002365,11.47,30.8,3.4457,7939,23.76,0.16805198754230022,0.19964841160818073,0.16444444444444445,0.0,13.3,Low
20160328_154017_1921_721,4,2,2,396,396,459.37,0.004354,0.008707,10.95,40.0,3.1128,7172,2.38,0.1471804814741089,0.22766020807116308,0.26666666666666666,0.2602549350707572,22.54,Low
20160328_154017_1_1,3,0,2,570,568,653.74,0.0,0.004589,11.74,36.0,4.9536,11413,24.42,0.2625913206760512,0.3770334008972229,0.2222222222222222,0.0,21.55,Low
20160328_154017_1_1081,5,5,2,824,827,913.57,0.005473,0.005473,13.37,48.33,7.3663,16972,171.98,0.4138580154514348,0.5767125524740874,0.3592222222222222,0.32714176840658105,41.92,Moderate
20160328_154017_1_361,1,0,1,208,207,238.07,0.0,0.004201,11.44,30.8,1.5295,3524,29.1,0.047913868203555185,0.05759133132883122,0.16444444444444445,0.0,6.75,Low
20160328_154017_1_721,11,5,4,583,587,655.76,0.007625,0.016774,11.08,34.79,4.6337,10676,6.14,0.2425348629073086,0.3785857693157476,0.20877777777777776,0.45577489203365257,32.14,Moderate
20160328_154017_641_1081,1,1,1,320,320,357.28,0.002799,0.002799,14.58,48.0,2.2999,5299,169.26,0.09621488434934851,0.14920412299829972,0.35555555555555557,0.16730674397405818,19.21,Low
20160328_154017_641_361,6,2,3,1020,1019,1181.79,0.001692,0.005077,11.56,44.8,8.513,19614,8.15,0.4857515450651176,0.7828394124823487,0.31999999999999995,0.10113719571422165,42.24,Moderate
20160328_154017_641_721,8,4,3,1120,1126,1236.18,0.003236,0.006472,14.12,47.97,9.8876,22781,174.72,0.5719334983283673,0.8246380848999513,0.3552222222222222,0.19342787549126556,48.63,High
20160328_154159_1281_1081,12,6,4,737,741,854.08,0.007025,0.01405,18.33,63.51,7.8511,18089,27.73,0.4442530474185696,0.5309945340493186,0.5278888888888889,0.4199106382342832,48.08,High
20160328_154159_1281_361,6,4,2,783,783,891.94,0.004485,0.006727,28.15,96.66,13.8524,31916,175.74,0.8205106904556276,0.5600899144083998,0.8962222222222221,0.2680852971502862,63.62,High
20160328_154159_1281_721,9,19,1,768,809,907.58,0.020935,0.009916,12.56,50.74,4.4809,10324,101.94,0.23295491058763412,0.5721092421637097,0.386,1.0,54.78,High
20160328_154159_1921_1081,1,0,1,458,457,527.42,0.0,0.001896,27.95,75.9,10.4983,24188,137.8,0.6102219595955479,0.2799565797942344,0.6655555555555556,0.0,38.89,Moderate
20160328_154159_1921_361,5,3,1,713,717,818.48,0.003665,0.006109,22.6,82.69,12.0556,27776,6.6,0.707858476267204,0.5036359619208639,0.741,0.21907081695781463,54.29,High
20160328_154159_1921_721,4,3,2,650,651,764.08,0.003926,0.005235,30.26,83.12,13.8303,31865,136.44,0.8191251083465646,0.46182960451109056,0.7457777777777779,0.23467176736054032,56.54,High
20160328_154159_1_361,17,29,3,1274,1318,1518.07,0.019103,0.011198,27.21,78.0,13.1671,30337,171.87,0.7775451058700718,1.0,0.6888888888888889,1.0,86.66,High
20160328_154159_1_721,2,1,1,432,431,461.24,0.002168,0.004336,23.76,68.71,3.8381,8843,179.34,0.1926539069810454,0.22909730160712405,0.5856666666666666,0.12958950372838804,28.43,Moderate
20160328_154159_641_361,11,11,1,928,939,1049.6,0.01048,0.01048,28.7,73.91,17.3672,40014,176.58,1.0,0.6812515009750335,0.6434444444444444,0.6264289663623186,73.78,High
20160328_154202_1281_1,1,0,1,200,199,224.68,0.0,0.004451,28.38,74.73,2.648,6101,66.08,0.11803936996766452,0.04730112681197708,0.6525555555555556,0.0,20.45,Low
20160328_154202_1281_1081,20,23,2,1274,1304,1537.62,0.014958,0.013007,26.68,81.2,18.5764,42800,177.76,1.0,1.0,0.7244444444444444,0.8940958472182787,90.46,High
20160328_154202_1281_361,6,7,1,998,1005,1164.89,0.006009,0.005151,27.97,80.69,20.2148,46575,19.13,1.0,0.7698517757135037,0.7187777777777777,0.35918050180068434,71.2,High
20160328_154202_1921_1081,4,4,1,763,766,829.79,0.004821,0.004821,39.0,138.0,14.9379,34417,176.09,0.8885672234595978,0.5123276880661679,1.0,0.28816927927793295,67.23,High
20160328_154202_1921_361,2,1,1,108,108,121.25,0.008247,0.016494,16.0,45.14,1.1445,2637,75.45,0.023775899335265423,0.0,0.3237777777777778,0.49295416847233225,21.01,Low
20160328_154202_1921_721,10,12,3,1062,1097,1235.76,0.009711,0.008092,29.49,127.06,11.6528,26848,31.05,0.6826045181888999,0.8243153152287729,1.0,0.5804629477427934,77.18,High
20160328_154202_1_1081,7,4,2,342,345,395.12,0.010124,0.017716,15.68,45.94,3.2595,7510,128.94,0.1563779880532728,0.17828413337303917,0.33266666666666667,0.605149509108026,31.81,Moderate
20160328_154202_641_1,4,3,2,442,444,541.34,0.005542,0.007389,31.47,110.71,8.6411,19909,59.76,0.49378290561583943,0.290654088896147,1.0,0.3312661575935085,52.89,High
20160328_154202_641_1081,15,16,1,1221,1244,1431.64,0.011176,0.010478,22.65,88.36,16.1897,37301,173.39,0.9670501050942084,0.9748489418726408,0.804,0.6680315007695871,85.35,High
20160328_154202_641_361,7,3,2,353,352,419.1,0.007158,0.016702,15.44,56.0,3.2183,7415,139.29,0.15379491190425063,0.19671274459889151,0.4444444444444444,0.42786054782647676,30.57,Moderate
20160328_154202_641_721,12,18,3,611,646,744.58,0.024175,0.016116,19.39,58.33,6.1224,14106,97.36,0.3358704323987968,0.44684386977780777,0.4703333333333333,1.0,56.33,High
20160328_154318_1281_361,6,5,4,314,319,360.01,0.013889,0.016666,11.16,36.76,1.4718,3391,17.18,0.04429630767446344,0.1513021258609593,0.23066666666666663,0.8301977016990689,31.41,Moderate
20160328_154318_1281_721,26,29,2,1192,1239,1426.22,0.020333,0.01823,16.29,64.79,10.0165,23078,13.75,0.5800150156975168,0.9706836761160053,0.5421111111111112,1.0,77.32,High
20160328_154318_1921_721,15,19,2,960,985,1133.29,0.016765,0.013236,15.18,54.79,9.0812,20923,179.82,0.5213754253533313,0.7455672004534146,0.431,1.0,67.45,High
20160328_154318_1_1,35,35,2,1644,1714,1968.74,0.017778,0.017778,16.68,56.78,13.7548,31691,3.41,0.8143915586074586,1.0,0.45311111111111113,1.0,81.69,High
20160328_154318_1_1081,19,14,5,642,653,784.72,0.017841,0.024212,11.34,38.77,4.1298,9515,132.53,0.21094233690021458,0.4776914283518575,0.25300000000000006,1.0,48.54,High
20160328_154318_1_721,19,23,1,684,744,871.99,0.026376,0.021789,9.31,43.54,2.8837,6644,134.15,0.1328168225969006,0.544758355027426,0.306,1.0,49.59,High
20160328_154318_641_1,31,31,3,1183,1239,1442.79,0.021486,0.021486,14.86,72.71,8.4983,19580,26.56,0.4848299135265102,0.98341770814321,0.6301111111111111,1.0,77.46,High
20160328_154318_641_361,30,23,9,911,943,1091.7,0.021068,0.02748,18.66,84.0,6.7496,15551,76.19,0.3751933780460471,0.7136053180145825,0.7555555555555555,1.0,71.11,High
20160328_154318_641_721,27,18,6,901,928,1051.44,0.017119,0.025679,8.64,51.94,3.4818,8022,169.25,0.17031531397384633,0.6826655395344818,0.3993333333333333,1.0,56.31,High
20160328_154321_1281_1,2,1,1,169,170,187.4,0.005336,0.010673,19.06,63.15,1.6497,3801,90.26,0.05544993017230434,0.01865147599880884,0.5238888888888888,0.31895276378905835,22.92,Low
20160328_154321_1281_361,0,0,2,287,285,300.74,0.0,0.0,18.84,54.0,1.6975,3911,90.68,0.058446800073354344,0.1057531772639507,0.4222222222222222,0.0,14.66,Low
20160328_154321_1281_721,5,4,2,769,773,875.72,0.004568,0.00571,17.42,52.77,10.2214,23550,5.08,0.5928614308172896,0.547624857107177,0.4085555555555556,0.27304651892586557,45.55,Moderate
20160328_154321_1921_1081,3,2,1,248,250,278.17,0.00719,0.010785,15.66,50.0,2.6936,6206,77.92,0.12089830861803857,0.0884081499341973,0.37777777777777777,0.4297733080291098,25.42,Low
20160328_154321_1921_721,4,5,1,830,837,969.13,0.005159,0.004127,17.67,68.71,10.3602,23870,22.67,0.6015636388144808,0.6194103689756867,0.5856666666666666,0.3083728089182444,52.88,High
20160328_154321_1_721,6,4,2,779,784,883.0,0.00453,0.006795,18.33,57.58,11.023,25397,5.52,0.64311856288176,0.5532195314076025,0.46199999999999997,0.27077511618523886,48.23,High
20160328_154321_641_1,8,8,3,437,450,508.82,0.015723,0.015723,15.1,42.34,3.2648,7522,77.65,0.15671027697535575,0.26566249435633393,0.2926666666666667,0.9398227708124748,41.37,Moderate
20160328_154321_641_361,5,2,2,427,428,452.44,0.00442,0.011051,21.09,60.0,3.599,8292,126.15,0.17766328787349195,0.2223345084967195,0.4888888888888889,0.2642000029886878,28.83,Moderate
20160328_154321_641_721,17,13,2,907,922,1062.42,0.012236,0.016001,27.76,89.08,17.5169,40359,176.0,1.0,0.6911036609381456,0.8119999999999999,0.7313916824818063,80.86,High
20160328_154325_1281_1,1,1,1,292,293,342.71,0.002918,0.002918,17.55,47.54,3.6667,8448,115.92,0.18190780863292888,0.13800708940527767,0.35044444444444445,0.17441982097759978,21.12,Low
20160328_154325_1281_361,13,22,2,1454,1482,1691.59,0.013005,0.007685,16.43,56.34,15.3464,35358,152.06,0.9141785488691987,1.0,0.44822222222222224,0.7773577011013313,78.49,High
20160328_154325_1281_721,10,6,3,729,734,843.77,0.007111,0.011852,21.96,92.36,8.3138,19155,42.13,0.4732624972766415,0.5230713071211059,0.8484444444444444,0.4250511812788595,56.75,High
20160328_154325_1921_1,3,2,1,251,252,288.04,0.006944,0.010415,18.47,50.33,3.3872,7804,112.18,0.16438427019478086,0.09599323720688964,0.3814444444444444,0.41506896397136833,26.42,Low
20160328_154325_1921_1081,5,4,1,454,457,531.56,0.007525,0.009406,11.61,37.99,3.5534,8187,96.16,0.17480434922311788,0.28313816655299284,0.24433333333333335,0.4497975164004243,28.8,Moderate
20160328_154325_1921_721,4,1,2,279,279,305.51,0.003273,0.013093,26.18,89.88,3.553,8186,93.21,0.17477927081390407,0.10941891852947677,0.8208888888888889,0.19563950447555997,32.52,Moderate
20160328_154325_1_361,9,6,4,775,779,864.74,0.006938,0.010408,21.66,63.19,12.2713,28273,172.55,0.7213820084357498,0.5391867357035132,0.5243333333333333,0.4147103214333746,54.99,High
20160328_154325_641_361,3,2,2,663,663,764.9,0.002615,0.003922,18.4,53.98,9.3012,21430,2.66,0.5351685504209253,0.4624597738691055,0.422,0.15630837280891824,39.4,Moderate
20160328_154325_641_721,2,1,1,199,200,218.64,0.004574,0.009147,19.76,52.0,2.0174,4648,176.29,0.07850325784209691,0.04265939154074487,0.4,0.27340516146385924,19.86,Low
20160328_154452_1281_361,2,3,1,733,739,835.93,0.003589,0.002393,25.76,104.36,13.9618,32168,3.22,0.827369635375604,0.5170462732591092,0.9817777777777777,0.2145280114765612,63.52,High
20160328_154452_1281_721,2,2,1,109,113,132.05,0.015145,0.015145,10.56,32.76,0.6367,1467,4.6,0.0,0.0,0.1862222222222222,0.9052735396524155,27.29,Low
20160328_154452_1921_721,5,11,1,761,781,928.05,0.011853,0.005388,22.32,62.0,13.5503,31220,17.28,0.8015702218968995,0.5878404211375711,0.5111111111111111,0.7084983338065423,65.23,High
20160328_154452_1_361,6,4,2,745,747,852.21,0.004694,0.007041,25.26,71.51,13.3142,30676,174.41,0.7867676908584496,0.5295574405133576,0.6167777777777779,0.2805780122237332,55.34,High
20160328_154452_1_721,1,0,2,152,150,174.44,0.0,0.005733,30.65,72.0,2.987,6882,139.94,0.1392933217763664,0.008691726145303993,0.6222222222222222,0.0,19.26,Low
20160328_154452_641_361,5,2,2,680,679,748.59,0.002672,0.006679,23.63,64.0,13.6055,31347,179.36,0.8050310423684048,0.4499255516383444,0.5333333333333333,0.15971547691985832,48.7,High
20160328_154454_361_1,4,2,2,132,133,143.36,0.013951,0.027903,9.29,29.16,0.4596,1059,88.5,0.0,0.0,0.14622222222222223,0.8339036745916705,24.5,Low
20160328_154454_361_1921,6,8,2,607,640,785.39,0.010186,0.00764,37.41,118.68,14.5195,33453,119.2,0.8623352074219552,0.47820632282730874,1.0,0.6088554820006276,73.73,High
20160328_154454_721_1,11,12,1,913,932,1082.77,0.011083,0.010159,15.0,48.33,8.6359,19897,81.21,0.49345688629605994,0.706742620005956,0.3592222222222222,0.6624725414306848,55.55,High
20160328_154454_721_1281,13,12,1,952,964,1135.48,0.010568,0.011449,27.67,93.48,17.3377,39946,93.11,1.0,0.7472502137388449,0.8608888888888889,0.6316890569195593,81.0,High
20160328_154454_721_1921,3,4,1,413,415,498.67,0.008021,0.006016,28.89,85.09,7.3416,16915,119.2,0.4123094236824822,0.257862227302856,0.7676666666666667,0.4794452995412364,47.93,High
20160328_154454_721_641,11,12,1,899,913,1058.8,0.011334,0.010389,18.73,60.73,11.7496,27071,78.38,0.6886734932186412,0.6883216937722746,0.49699999999999994,0.6774757542700877,63.79,High
20160329_103609_1_1921,3,0,3,265,262,299.28,0.0,0.010024,14.95,51.94,2.4058,5543,84.14,0.10285439318870405,0.1046311684069972,0.3993333333333333,0.0,15.17,Low
20160329_103609_361_1,7,8,1,913,926,1068.08,0.00749,0.006554,17.68,68.0,12.0221,27699,96.06,0.7057581594955477,0.6954533665068829,0.5777777777777777,0.4477054349287945,60.67,High
20160329_103609_361_1281,11,12,2,800,815,903.23,0.013286,0.012179,15.97,46.0,7.5829,17471,101.68,0.42743797404071165,0.568766270569362,0.3333333333333333,0.7941541266307026,53.09,High
20160329_103609_361_1921,15,9,7,1601,1606,1859.91,0.004839,0.008065,15.75,72.0,16.6688,38405,115.48,0.9970877697300466,1.0,0.6222222222222222,0.28924520689191413,72.71,High
20160329_103609_361_641,4,3,1,605,610,692.84,0.00433,0.005773,18.91,79.09,7.3255,16878,71.81,0.41130001771162644,0.40708172028549755,0.7010000000000001,0.25882036491878235,44.46,Moderate
20160329_103609_721_1281,3,1,2,283,282,317.62,0.003148,0.009445,13.51,36.0,2.411,5555,101.99,0.10318041250848355,0.11872544404845391,0.2222222222222222,0.18816778493402472,15.81,Low
20160329_103609_721_1921,4,1,2,127,127,145.23,0.006886,0.027543,7.85,19.6,0.7569,1744,64.73,0.0,0.0,0.040000000000000015,0.41160208610409593,11.29,Low
20160329_103609_721_641,2,1,1,365,365,393.58,0.002541,0.005082,17.4,49.54,3.349,7716,84.37,0.16198928211486224,0.17710064457871835,0.37266666666666665,0.15188511484032932,21.59,Low
20160329_103800_1_641,1,1,1,287,286,306.3,0.003265,0.003265,19.55,68.0,1.7582,4051,89.66,0.06225244867154964,0.11002603291097901,0.5777777777777777,0.19516131442490173,23.63,Low
20160329_103800_361_1,7,7,1,1168,1176,1344.17,0.005208,0.005208,20.24,62.36,17.3277,39923,105.44,1.0,0.9076283153536538,0.5151111111111111,0.31130172297852626,68.35,High
20160329_103800_361_1281,4,2,2,932,931,1035.8,0.001931,0.003862,26.44,94.0,15.339,35341,62.58,0.9137145982987432,0.6706462117791718,0.8666666666666667,0.11542312347763713,64.16,High
20160329_103800_361_1921,4,3,2,361,364,411.63,0.007288,0.009717,16.01,56.79,3.6901,8502,80.73,0.18337489557193662,0.19097205544721854,0.4532222222222222,0.43563113614967347,31.58,Moderate
20160329_103800_361_641,3,7,3,987,1000,1131.72,0.006185,0.002651,25.81,78.0,14.9045,34340,80.26,0.8864731762902448,0.7443606566825812,0.6888888888888889,0.3697006829151661,67.24,High
20160329_103800_721_1,3,2,2,320,321,363.66,0.0055,0.008249,13.29,35.15,3.3381,7691,79.98,0.16130589546378596,0.15410714800334302,0.21277777777777776,0.32875565982755267,21.42,Low
20160329_103800_721_1281,2,1,2,378,377,418.01,0.002392,0.004785,24.22,76.73,5.3038,12220,95.02,0.28454746794273966,0.19587508045226182,0.6747777777777778,0.14297882514681928,32.45,Moderate
20160329_103800_721_1921,4,5,2,785,791,917.34,0.005451,0.00436,29.14,85.58,17.6992,40779,75.61,1.0,0.5796097945225219,0.7731111111111111,0.32582674576727083,66.96,High
20160329_103800_721_641,6,4,6,845,850,967.22,0.004136,0.006203,18.17,60.39,9.901,22812,88.86,0.5727736250370298,0.6179425354710422,0.49322222222222223,0.24722425619031962,48.28,High
20160329_111111_361_1281,2,1,3,352,350,371.54,0.002692,0.005383,14.51,51.99,1.9488,4490,87.52,0.07420231066192894,0.16016292183402345,0.3998888888888889,0.16091095204650396,19.88,Low
20160329_111111_361_1921,13,17,2,972,1008,1141.79,0.014889,0.011386,12.08,56.0,6.3103,14539,102.14,0.34765101512698293,0.7520994437986918,0.4444444444444444,0.8899714580313512,60.85,High
20160329_111111_361_641,1,0,3,429,426,462.45,0.0,0.002162,15.37,45.96,3.9062,9000,90.54,0.19692350614969614,0.23002718565980465,0.3328888888888889,0.0,19.0,Low
20160329_111111_721_1,3,4,1,683,688,765.87,0.005223,0.003917,12.77,45.15,6.2969,14508,95.83,0.34681088841832036,0.4632052181096842,0.3238888888888889,0.3121983293235105,36.15,Moderate
20160329_111111_721_1281,4,7,2,766,785,851.27,0.008223,0.004699,17.25,64.39,7.0104,16152,89.26,0.39154450085344955,0.5288350512492916,0.5376666666666666,0.49151959832035735,48.74,High
20160329_111111_721_1921,2,2,3,339,339,375.45,0.005327,0.005327,14.16,36.79,2.3715,5464,98.78,0.10070391959862006,0.16316775377285087,0.23099999999999998,0.31841479998206784,20.33,Low
20160329_111111_721_641,4,2,2,487,488,536.88,0.003725,0.00745,20.71,66.0,5.8056,13376,92.46,0.31600833230146125,0.28722658238791926,0.5555555555555556,0.22265724233775158,34.54,Moderate
20160330_165325_1281_1081,5,5,1,477,490,604.32,0.008274,0.008274,9.8,36.0,3.7921,8737,51.84,0.18976988992145755,0.3390541695885648,0.2222222222222222,0.4945680598933038,31.14,Moderate
20160330_165325_1281_361,7,6,2,854,859,998.18,0.006011,0.007013,7.39,24.77,4.635,10679,161.6,0.24261636773725348,0.6417352712321925,0.09744444444444444,0.3593000493133489,33.53,Moderate
20160330_165325_1281_721,12,12,3,1340,1351,1594.56,0.007526,0.007526,9.05,34.0,9.194,21183,170.76,0.5284475367516249,1.0,0.2,0.44985729015675663,54.46,High
20160330_165325_1921_1081,15,9,3,949,967,1134.76,0.007931,0.013219,8.6,33.56,5.9844,13788,28.51,0.3272183812200332,0.746696894302539,0.19511111111111112,0.474065661471331,43.58,Moderate
20160330_165325_1921_361,21,16,6,1487,1526,1801.87,0.00888,0.011655,7.08,25.98,7.4761,17225,167.4,0.420742038780625,1.0,0.1108888888888889,0.530790956230667,51.56,High
20160330_165325_1921_721,13,13,2,819,841,973.55,0.013353,0.013353,6.82,21.58,3.9145,9019,121.35,0.19744388314088263,0.6228071355152308,0.06199999999999998,0.7981589683049657,42.01,Moderate
20160330_165325_1_721,8,10,1,1240,1250,1419.0,0.007047,0.005638,11.53,44.0,10.7413,24748,173.41,0.625457093192936,0.965135111768605,0.3111111111111111,0.4212256608735934,58.07,High
20160330_165325_641_361,5,3,2,544,544,620.63,0.004834,0.008056,7.14,21.58,2.8971,6675,168.11,0.13365694930556316,0.3515883918193259,0.06199999999999998,0.28894633811025267,20.9,Low
20160330_165325_641_721,11,15,2,1113,1129,1307.53,0.011472,0.008413,15.6,69.51,10.4106,23986,13.94,0.6047235183754206,0.8794705040394243,0.5945555555555556,0.6857245326439426,69.11,High
20160330_165333_1281_1081,6,4,3,697,698,775.46,0.005158,0.007737,16.66,57.58,6.3238,14570,178.23,0.34849741143794893,0.4705751256015909,0.46199999999999997,0.30831303516191216,39.73,Moderate
20160330_165333_1281_721,3,0,3,430,427,453.1,0.0,0.006621,20.96,78.0,3.9158,9022,179.21,0.19752538797082753,0.22284171797999988,0.6888888888888889,0.0,27.73,Moderate
20160330_165333_1921_1081,1,1,3,206,204,220.57,0.004534,0.004534,10.99,33.56,0.819,1887,0.82,0.003368343837529527,0.04414259502973132,0.19511111111111112,0.27101421121056796,12.84,Low
20160330_165333_1921_361,6,3,3,574,574,655.19,0.004579,0.009158,12.54,36.79,5.0109,11545,174.68,0.2661838027959291,0.37814772476200553,0.23099999999999998,0.27370403024552065,28.73,Moderate
20160330_165333_1921_721,15,13,8,1465,1495,1707.91,0.007612,0.008783,13.45,69.96,11.1636,25721,155.76,0.6519336237204133,1.0,0.5995555555555555,0.4549978332013329,67.66,High
20160330_165333_1_1081,8,7,2,785,792,922.48,0.007588,0.008672,13.83,56.0,7.6237,17565,162.13,0.42999597178052,0.5835598804983719,0.4444444444444444,0.4535632630493581,47.79,High
20160330_165333_1_721,7,3,4,803,805,914.77,0.00328,0.007652,19.54,67.2,9.1441,21068,17.55,0.5253190052022024,0.577634751534597,0.5688888888888889,0.19605792076988596,46.7,Moderate
20160330_165333_641_1081,2,1,2,424,424,461.28,0.002168,0.004336,8.99,26.0,2.0677,4764,174.68,0.08165686780073321,0.22912804157580768,0.1111111111111111,0.12958950372838804,13.79,Low
20160330_165333_641_721,9,9,2,1056,1064,1228.86,0.007324,0.007324,17.76,62.0,9.5191,21932,18.32,0.548830013840147,0.8190126706308419,0.5111111111111111,0.4377829913776356,57.92,High
20160330_165644_1281_1081,6,5,5,539,544,630.98,0.007924,0.009509,10.68,38.0,3.4293,7901,174.94,0.1670237727645341,0.35954235871622214,0.24444444444444444,0.473647245177005,31.12,Moderate
20160330_165644_1281_361,14,15,1,1209,1233,1411.53,0.010627,0.009918,13.87,50.76,10.9405,25207,170.16,0.6379461409814122,0.9593944226169322,0.3862222222222222,0.635215708543164,65.47,High
20160330_165644_1281_721,9,5,4,746,746,824.7,0.006063,0.010913,11.6,39.15,4.6354,10680,3.32,0.24264144614646727,0.5084160270511726,0.2572222222222222,0.3624082846426276,34.27,Moderate
20160330_165644_1921_361,7,5,3,997,1004,1150.22,0.004347,0.006086,8.82,28.36,6.8116,15694,165.46,0.37908053147418724,0.7585778921987725,0.13733333333333334,0.2598365187764312,38.37,Moderate
20160330_165644_1921_721,11,9,4,1135,1141,1300.89,0.006918,0.008456,13.91,56.0,10.7799,24837,161.4,0.6278771596820684,0.8743676692379373,0.4444444444444444,0.41351484630672897,59.01,High
20160330_165644_1_1081,6,6,2,659,665,757.78,0.007918,0.007918,10.79,36.79,5.0039,11529,173.56,0.26574493063468746,0.45698805944341453,0.23099999999999998,0.4732886026390113,35.68,Moderate
20160330_165644_1_361,2,1,1,193,192,203.18,0.004922,0.009843,13.61,38.0,0.8776,2022,1.3,0.007042330787352338,0.03077839364451149,0.24444444444444444,0.2942064286674935,14.41,Low
20160330_165644_1_721,15,14,1,1604,1624,1865.07,0.007506,0.008043,12.96,71.54,12.8225,29543,4.98,0.7559400563323765,1.0,0.6171111111111112,0.448661815030111,70.54,High
20160330_165644_641_1081,4,0,5,236,231,265.38,0.0,0.015073,9.03,27.57,1.3229,3048,105.4,0.03496086984462358,0.07857904494759797,0.12855555555555556,0.0,6.05,Low
20160330_165644_641_361,6,3,3,260,261,293.31,0.010228,0.020456,11.67,32.0,1.9297,4446,1.48,0.07300481662196961,0.10004322808096142,0.17777777777777778,0.6113659797665834,24.05,Low
20160330_165644_641_721,17,11,5,1731,1744,1969.75,0.005584,0.008631,11.83,45.58,14.8121,34127,164.91,0.8806800637618553,1.0,0.32866666666666666,0.33377665535946444,63.58,High
20160330_170014_1281_721,7,5,3,783,794,923.23,0.005416,0.007582,6.25,20.0,3.6133,8325,10.09,0.17855984100288558,0.5841362549111905,0.044444444444444446,0.32373466429564096,28.27,Moderate
20160330_170014_1921_721,5,10,1,847,879,977.58,0.010229,0.005115,6.2,20.0,3.487,8034,5.52,0.17064133329362585,0.6259041873601093,0.044444444444444446,0.6114257535229157,36.31,Moderate
20160330_170014_1_361,6,2,2,136,138,161.61,0.012375,0.037126,5.5,15.18,0.6037,1391,99.37,0.0,0.0,0.0,0.7397002346119935,18.49,Low
20160330_170014_1_721,8,9,1,726,734,820.16,0.010974,0.009754,8.87,34.0,4.046,9322,3.81,0.2056884101699219,0.5049270406055775,0.2,0.655957201990466,39.16,Moderate
20160330_170014_641_361,7,1,6,586,582,680.17,0.00147,0.010292,5.86,19.18,2.576,5935,173.96,0.11352525630917916,0.3973448352049492,0.03533333333333333,0.08786742180845498,15.85,Low
20160330_170014_641_721,3,0,3,228,225,253.99,0.0,0.011811,7.04,24.39,0.8997,2073,138.31,0.008427912896415205,0.06982583886492669,0.09322222222222223,0.0,4.29,Low
20160330_170114_1281_361,0,0,1,119,118,137.05,0.0,0.0,9.56,26.36,0.7656,1764,22.85,2.0376207486219865e-05,0.0,0.11511111111111111,0.0,2.88,Low
20160330_170114_1281_721,11,6,2,1343,1356,1561.86,0.003842,0.007043,8.11,29.58,8.0729,18600,172.88,0.45815902532762587,1.0,0.15088888888888888,0.2296507718286286,45.97,Moderate
20160330_170114_1921_721,1,5,1,880,903,1038.03,0.004817,0.000963,11.03,34.0,7.2435,16689,174.75,0.40615894382279594,0.6723599650332858,0.2,0.28793018425260386,39.16,Moderate
20160330_170114_1_721,7,8,3,915,940,1068.41,0.007488,0.006552,9.32,32.79,5.6628,13047,172.1,0.30705534021213193,0.6957069712485232,0.18655555555555556,0.4475858874161299,40.92,Moderate
20160330_170114_641_361,4,2,2,330,331,396.45,0.005045,0.01009,6.16,19.99,1.4766,3402,43.54,0.04459724858502912,0.17930623733177076,0.044333333333333315,0.30155860069636425,14.24,Low
20160330_170114_641_721,7,4,3,691,694,808.74,0.004946,0.008655,8.22,32.36,4.3438,10008,12.61,0.22435928582960157,0.49615077954639347,0.18177777777777776,0.29564099881946826,29.95,Moderate
20160330_170201_1281_721,5,3,1,669,671,748.04,0.00401,0.006684,7.05,24.77,3.3872,7804,11.55,0.16438427019478086,0.44950287706894404,0.09744444444444444,0.23969276289245203,23.78,Low
20160330_170201_1921_721,3,2,1,676,677,766.06,0.002611,0.003916,9.01,32.0,4.2227,9729,5.97,0.21676679744012134,0.4633512329609315,0.17777777777777778,0.15606927778358912,25.35,Low
20160330_170201_1_721,5,6,2,880,887,1011.68,0.005931,0.004942,13.9,57.12,7.3477,16929,166.78,0.41269186942299274,0.6521100106629267,0.45688888888888884,0.35451814880676635,46.91,High
20160330_170201_641_361,0,0,2,209,207,222.33,0.0,0.0,8.54,27.57,0.8082,1862,179.98,0.0026912267887567285,0.04549515365181224,0.12855555555555556,0.0,4.42,Low
20160330_170201_641_721,7,3,4,613,614,684.0,0.004386,0.010234,9.04,35.97,3.6285,8360,0.24,0.17951282055301024,0.40028818720640935,0.22188888888888889,0.2621676952733902,26.6,Low
20160330_170256_1281_721,5,4,2,1241,1243,1385.9,0.002886,0.003608,27.34,76.76,27.3828,63090,1.79,1.0,0.9396977876828789,0.6751111111111112,0.17250706077496675,69.68,High
20160330_170256_1921_721,1,0,1,659,658,715.16,0.0,0.001398,32.26,76.0,17.3568,39990,8.38,1.0,0.42423462281097807,0.6666666666666666,0.0,52.27,High
20160330_170256_1_1,2,1,1,177,177,189.84,0.005268,0.010535,22.35,69.94,1.2812,2952,6.37,0.03234644568408414,0.020526614088511908,0.5993333333333333,0.3148881483584632,24.18,Low
20160330_170256_1_361,1,1,1,709,709,816.7,0.001224,0.001224,40.21,155.59,19.8247,45676,23.17,1.0,0.5022680333144413,1.0,0.07316307775071354,64.39,High
20160330_170256_641_361,2,2,1,516,518,584.27,0.003423,0.003423,30.14,114.27,7.3481,16930,9.1,0.4127169478322066,0.32364576028588177,1.0,0.20460556792540233,48.52,High
20160330_170256_641_721,13,6,5,1009,1012,1148.69,0.005223,0.011317,23.31,70.0,16.7057,38490,14.2,0.9994012529800202,0.7574020883966226,0.6,0.3121983293235105,66.73,High
20160330_170302_1281_1,4,2,1,387,387,439.61,0.00455,0.009099,11.45,34.0,3.4319,7907,104.86,0.16718678242442386,0.21247466354143657,0.2,0.2719705913118845,21.29,Low
20160330_170302_1281_361,17,11,6,1280,1291,1483.2,0.007416,0.011462,17.83,68.0,14.4071,33194,46.39,0.8552881744328752,1.0,0.5777777777777777,0.44328217696020555,71.91,High
20160330_170302_1281_721,13,12,5,1250,1283,1514.13,0.007925,0.008586,24.43,87.88,20.1406,46404,173.39,1.0,1.0,0.7986666666666666,0.4737070189333373,81.81,High
20160330_170302_1921_1081,3,2,1,260,262,294.72,0.006786,0.010179,27.6,78.0,3.6094,8316,12.07,0.17831532651305093,0.10112681197706035,0.6888888888888889,0.40562471047086773,34.35,Moderate
20160330_170302_1921_721,3,3,1,784,789,867.7,0.003457,0.003457,27.95,86.0,14.6519,33758,12.05,0.8706361608717254,0.5414614933861037,0.7777777777777778,0.20663787564069994,59.91,High
20160330_170302_1_1081,5,3,2,425,429,489.06,0.006134,0.010224,8.19,32.76,2.1237,4893,177.71,0.08516784509066627,0.2504769498266074,0.1862222222222222,0.36665222134221964,22.21,Low
20160330_170302_1_721,9,9,6,1006,1017,1168.19,0.007704,0.007704,15.18,51.95,9.8941,22796,21.07,0.5723410224780915,0.7723878231299054,0.3994444444444445,0.46049701878390287,55.12,High
20160330_170302_641_1,14,9,6,628,635,745.18,0.012078,0.018787,17.2,56.33,7.0573,16260,39.59,0.39448494433376846,0.44730496930806257,0.44811111111111107,0.7219474289813057,50.3,High
20160330_170302_641_1081,1,1,1,393,392,434.66,0.002301,0.002301,22.21,76.0,3.9722,9152,179.61,0.2010614436699744,0.20867059241683406,0.6666666666666666,0.1375394133205816,30.35,Moderate
20160330_170302_641_361,3,1,3,178,176,212.45,0.004707,0.014121,19.34,56.0,2.013,4638,90.84,0.07822739534074503,0.037902381386948965,0.4444444444444444,0.28135507105605284,21.05,Low
20160330_170302_641_721,12,5,10,813,803,889.98,0.005618,0.013483,16.75,61.18,6.99,16105,153.14,0.39026550198354537,0.5585836559429006,0.502,0.335808963074762,44.67,Moderate
20160330_170308_1281_361,2,1,1,660,659,761.31,0.001314,0.002627,17.54,57.12,10.2496,23615,176.5,0.5946294586668629,0.4597008616797472,0.45688888888888884,0.07854271582061895,39.74,Moderate
20160330_170308_1281_721,8,4,3,750,750,874.26,0.004575,0.009151,17.82,65.18,9.3724,21594,19.92,0.5396325072609831,0.5465028482502234,0.5464444444444445,0.27346493522019155,47.65,High
20160330_170308_1921_1081,4,3,2,523,524,595.24,0.00504,0.00672,23.53,65.94,8.5951,19803,5.3,0.49089888855625163,0.3320761966973747,0.5548888888888889,0.30125973191470284,41.98,Moderate
20160330_170308_1921_361,3,1,1,552,552,614.13,0.001628,0.004885,20.54,57.12,8.8121,20303,9.05,0.5045039255547421,0.3465931469082317,0.45688888888888884,0.0973116753089556,35.13,Moderate
20160330_170308_1921_721,8,3,4,705,703,794.54,0.003776,0.010069,21.97,67.59,9.6597,22256,154.48,0.5576450746788005,0.4852380906636952,0.5732222222222223,0.22570570391069797,46.05,Moderate
20160330_170308_1_361,2,0,1,76,75,84.11,0.0,0.023778,22.41,61.94,0.5994,1381,165.32,0.0,0.0,0.5104444444444444,0.0,12.76,Low
20160330_170308_1_721,4,5,1,743,749,855.45,0.005845,0.004676,25.01,68.0,14.3069,32963,163.11,0.8490060329248164,0.5320473779767338,0.5777777777777777,0.3493776057621901,57.71,High
20160330_170308_641_361,11,12,3,1076,1084,1233.53,0.009728,0.008917,23.81,72.71,16.1523,37215,177.17,0.9647052738327175,0.822601561974659,0.6301111111111111,0.5814791016004422,74.97,High
20160330_170308_641_721,5,0,6,447,441,493.19,0.0,0.010138,12.68,43.16,3.1549,7269,8.57,0.14981998404386213,0.253650851593195,0.30177777777777776,0.0,17.63,Low
20160330_170348_1281_361,3,1,2,328,328,377.71,0.002648,0.007943,26.72,84.0,5.2938,12197,19.12,0.2839205077123945,0.16490456200347747,0.7555555555555555,0.15828090676788356,34.07,Moderate
20160330_170348_1281_721,3,7,2,578,601,673.49,0.010394,0.004454,20.52,56.0,6.9023,15903,9.95,0.3847670607634181,0.39221126043477855,0.4444444444444444,0.6212884233177424,46.07,Moderate
20160330_170348_1921_721,3,1,1,678,677,732.5,0.001365,0.004096,26.57,71.94,14.6645,33787,178.22,0.8714261307619604,0.4375603992353434,0.6215555555555555,0.08159117739356535,50.3,High
20160330_170348_1_721,2,0,1,596,595,634.76,0.0,0.003151,27.4,70.0,14.579,33590,6.47,0.866065620792509,0.3624472857568277,0.6,0.0,45.71,Moderate
20160330_170348_641_361,1,0,1,416,415,449.79,0.0,0.002223,35.31,95.88,7.3702,16981,166.19,0.41410252994126945,0.22029798557142727,0.8875555555555555,0.0,38.05,Moderate
20160330_170348_641_721,2,1,1,553,554,589.21,0.001697,0.003394,34.98,103.12,11.7109,26982,171.53,0.6862471571272054,0.32744214641831343,0.9680000000000001,0.10143606449588306,52.08,High
20160330_170428_1081_641,5,2,1,450,454,541.81,0.003691,0.009228,28.93,73.58,9.9544,22935,158.17,0.5761215926670731,0.2910152835281799,0.6397777777777778,0.22062493462245397,43.19,Moderate
20160330_170428_1_641,4,5,1,480,482,554.49,0.009017,0.007214,20.44,55.53,7.1098,16381,17.92,0.39777648554308076,0.30075985360089924,0.43922222222222224,0.5389799608481896,41.92,Moderate
20160330_170428_361_641,3,4,1,485,500,566.27,0.007064,0.005298,28.26,87.09,8.7713,20209,179.14,0.5019459278149339,0.3098127743782362,0.789888888888889,0.4222418147312422,50.6,High
20160330_170428_721_641,2,0,1,368,367,421.26,0.0,0.004748,24.1,61.13,7.793,17955,177.16,0.44061040848026406,0.19837270290780895,0.5014444444444445,0.0,28.51,Moderate
20160330_170501_1281_361,5,3,1,692,693,763.0,0.003932,0.006553,22.66,88.0,10.5404,24285,175.19,0.612861462165301,0.46099962535663175,0.8,0.23503040989853402,52.72,High
20160330_170501_1281_721,0,0,1,128,127,132.8,0.0,0.0,12.8,32.0,0.5855,1349,0.72,0.0,0.0,0.17777777777777778,0.0,4.44,Low
20160330_170501_1921_361,6,4,1,744,747,813.69,0.004916,0.007374,24.64,99.48,10.6675,24578,6.13,0.6208301266929885,0.49995485067099604,0.9275555555555556,0.29384778612949985,58.55,High
20160330_170501_1921_721,1,0,1,244,243,252.94,0.0,0.003953,15.44,64.39,1.3112,3021,2.67,0.03422732637511971,0.06901891468698068,0.5376666666666666,0.0,16.02,Low
20160330_170501_1_721,11,8,1,830,839,933.44,0.00857,0.011784,16.61,56.73,9.6493,22232,173.34,0.5569930360392414,0.591982631917694,0.45255555555555554,0.5122610917676593,52.84,High
20160330_170501_641_361,4,3,1,357,359,404.56,0.007415,0.009887,19.84,52.0,4.1641,9594,169.79,0.21309281049029857,0.1855387659823822,0.4,0.4432224032038733,31.05,Moderate
20160330_170501_641_721,4,2,2,527,526,576.95,0.003467,0.006933,19.03,55.18,6.5486,15088,173.75,0.3625914774161088,0.3180203460167726,0.43533333333333335,0.20723561320402276,33.08,Moderate
20160330_170504_1281_361,3,3,1,248,256,294.52,0.010186,0.010186,23.49,68.75,4.2426,9775,175.0,0.2180144482985083,0.10097311213364202,0.5861111111111111,0.6088554820006276,37.85,Moderate
20160330_170504_1281_721,2,2,2,628,629,718.47,0.002784,0.002784,28.05,75.9,11.9952,27637,160.23,0.7040716364759192,0.4267783552195507,0.6655555555555556,0.16641013762907395,49.07,High
20160330_170504_1921_361,4,2,1,661,662,725.37,0.002757,0.005514,35.41,137.41,15.076,34735,171.51,0.8972255442406649,0.43208099981748155,1.0,0.16479624620810232,62.35,High
20160330_170504_1921_721,0,0,1,197,196,203.46,0.0,0.0,17.07,40.0,1.0955,2524,178.44,0.020703794206573988,0.03099357342529709,0.26666666666666666,0.0,7.96,Low
20160330_170504_1_361,6,4,1,485,491,549.4,0.007281,0.010921,14.11,43.54,4.7517,10948,14.77,0.2499329936253818,0.29684819258590384,0.306,0.4352127198553475,32.2,Moderate
20160330_170504_1_721,5,3,1,410,412,459.22,0.006533,0.010888,15.79,45.54,4.487,10338,15.74,0.2333373563281447,0.2275449331885994,0.3282222222222222,0.3905019501188003,29.49,Moderate
20160330_170504_641_721,10,12,2,891,927,1048.78,0.011442,0.009535,18.04,56.79,11.523,26549,178.16,0.6744665743990194,0.6806213316170185,0.4532222222222222,0.6839313199539742,62.31,High
20160330_170507_1281_361,2,0,3,413,410,432.78,0.0,0.004621,22.68,70.0,3.1298,7211,178.96,0.1482463138656957,0.20722581388870212,0.6,0.0,23.89,Low
20160330_170507_1281_721,3,1,1,641,641,698.16,0.001432,0.004297,19.44,63.19,7.4983,17276,178.14,0.42213389049199135,0.4111701361204239,0.5243333333333333,0.08559601906782825,36.08,Moderate
20160330_170507_1921_721,8,6,2,746,754,852.17,0.007041,0.009388,16.51,48.33,9.7804,22534,11.88,0.5652124846590668,0.5295267005446739,0.3592222222222222,0.42086701833559975,46.87,High
20160330_170507_1_361,6,3,3,586,596,649.85,0.004616,0.009233,16.94,60.0,4.3563,10037,178.95,0.22514298611753308,0.3740439389427373,0.4888888888888889,0.27591565922981515,34.1,Moderate
20160330_170507_1_721,15,12,4,812,822,914.78,0.013118,0.016397,21.99,82.36,7.5004,17281,2.14,0.4222655521403638,0.5776424365267679,0.7373333333333333,0.7841121355668793,63.03,High
20160330_170507_641_361,7,5,3,495,500,566.69,0.008823,0.012352,14.73,43.18,5.467,12596,1.86,0.29477945890197316,0.3101355440494146,0.302,0.5273838521197267,35.86,Moderate
20160330_170507_641_721,8,6,1,407,414,472.4,0.012701,0.016935,17.14,47.97,4.4661,10290,10.57,0.23202700944672325,0.2376737528698643,0.3552222222222222,0.7591864791763175,39.6,Moderate
20160330_170848_1281_1,6,4,3,856,856,944.64,0.004234,0.006352,12.93,39.58,8.1762,18838,2.32,0.4646355245070916,0.6005898231491178,0.26199999999999996,0.2530820843108833,39.51,Moderate
20160330_170848_1281_361,2,1,1,386,385,423.52,0.002361,0.004722,17.14,45.94,4.7452,10933,85.85,0.24952546947565743,0.20010951113843556,0.33266666666666667,0.1411258387005185,23.09,Low
20160330_170848_1281_721,3,2,1,712,714,777.37,0.002573,0.003859,11.5,28.36,6.3676,14671,179.78,0.3512434972468609,0.4720429591062355,0.13733333333333334,0.15379787504296238,27.86,Moderate
20160330_170848_1921_1,5,2,2,352,353,388.21,0.005152,0.01288,11.85,34.0,3.181,7329,171.38,0.15145635024506307,0.17297380378293742,0.2,0.30795439262391844,20.81,Low
20160330_170848_1921_361,1,0,1,284,283,311.99,0.0,0.003205,11.95,38.0,1.9128,4407,164.48,0.07194525383268625,0.1143987934562292,0.24444444444444444,0.0,10.77,Low
20160330_170848_1921_721,2,2,2,594,594,676.84,0.002955,0.002955,12.27,42.0,4.9032,11297,161.13,0.25943144111511146,0.39478573281203483,0.28888888888888886,0.17663144996189423,27.99,Moderate
20160330_170848_1_1,5,4,1,463,466,534.76,0.00748,0.00935,20.98,59.97,7.76,17879,85.97,0.4385414397201249,0.28559736404768543,0.4885555555555555,0.4471076973654716,41.5,Moderate
20160330_170848_1_1081,8,5,3,802,805,908.97,0.005501,0.008801,13.31,45.94,7.8503,18087,170.17,0.44420289060014195,0.5731774560754668,0.33266666666666667,0.32881543358388493,41.97,Moderate
20160330_170848_1_361,2,1,1,451,451,523.07,0.001912,0.003824,22.97,58.76,7.9718,18367,84.36,0.451820457398836,0.27661360819988673,0.4751111111111111,0.11428742210732377,32.95,Moderate
20160330_170848_1_721,9,8,3,912,919,1074.33,0.007447,0.008377,15.16,56.36,10.1319,23344,73.09,0.5872501367557001,0.7002564866137043,0.4484444444444444,0.44513516340650633,54.53,High
20160330_170848_641_1,4,1,3,216,213,236.2,0.004234,0.016935,11.33,40.76,1.3359,3078,89.25,0.035775918144072334,0.05615423779287026,0.2751111111111111,0.2530820843108833,15.5,Low
20160330_170848_641_361,2,0,1,67,66,73.46,0.0,0.027227,16.75,48.0,0.5777,1331,87.3,0.0,0.0,0.35555555555555557,0.0,8.89,Low
20160330_170848_641_721,6,10,1,1225,1235,1421.81,0.007033,0.00422,12.05,37.18,10.9206,25161,162.45,0.6366984901230253,0.9672945945686319,0.23533333333333334,0.42038882828494145,56.49,High
20160330_170922_1281_721,5,10,2,1000,1023,1167.97,0.008562,0.004281,8.39,32.39,5.8095,13385,5.96,0.3162528467912959,0.7722187533021453,0.1821111111111111,0.5117829017170011,44.56,Moderate
20160330_170922_1921_1081,3,3,1,572,579,688.35,0.004358,0.004358,7.66,21.58,3.4423,7931,39.39,0.16783882106398285,0.40363115880075706,0.06199999999999998,0.2604940300960863,22.35,Low
20160330_170922_1921_721,4,1,2,719,719,827.11,0.001209,0.004836,9.17,27.58,5.2322,12055,4.44,0.28005843269346814,0.5102681101643629,0.12866666666666665,0.07226647140572931,24.78,Low
20160330_170922_1_361,14,12,4,999,1021,1167.63,0.010277,0.01199,6.97,21.18,4.9514,11408,1.45,0.2624533894253752,0.7719574635683343,0.057555555555555554,0.6142948938268652,42.66,Moderate
20160330_170922_641_1,3,2,1,377,383,444.3,0.004501,0.006752,6.22,16.8,1.8199,4193,85.14,0.06612079329277945,0.21607892486959535,0.008888888888888898,0.26904167725160266,14.0,Low
20160330_170922_641_361,14,8,5,1011,1020,1200.18,0.006666,0.011665,7.67,22.79,6.0256,13883,32.5,0.3298014573690554,0.7969721130846601,0.07544444444444444,0.39845185971099384,40.02,Moderate
20160330_170922_641_721,3,1,3,530,528,628.24,0.001592,0.004775,8.23,26.36,3.4727,8001,21.16,0.16974478016423222,0.35743667086139164,0.11511111111111111,0.09515982008099344,18.44,Low
20160330_172305_1281_361,7,5,2,635,640,712.49,0.007018,0.009825,20.87,62.0,9.0169,20775,170.31,0.5173440710722117,0.42218272990134403,0.5111111111111111,0.4194922219399572,46.75,Moderate
20160330_172305_1281_721,2,0,1,632,631,686.09,0.0,0.002915,12.6,36.79,6.1259,14114,176.09,0.33608986847941763,0.40189435057013045,0.23099999999999998,0.0,24.22,Low
20160330_172305_1921_361,3,4,1,536,545,619.97,0.006452,0.004839,17.74,43.54,7.3685,16977,171.1,0.41399594670211076,0.35108118233604557,0.306,0.38566027585588547,36.42,Moderate
20160330_172305_1921_721,2,0,1,604,603,717.74,0.0,0.002787,15.93,45.94,8.7396,20136,23.91,0.4999584638847395,0.426217350791074,0.33266666666666667,0.0,31.47,Moderate
20160330_172305_1_1081,3,7,4,792,819,942.85,0.007424,0.003182,13.22,40.0,8.0156,18468,162.11,0.45456654320774786,0.5992142095505242,0.26666666666666666,0.44376036701086385,44.11,Moderate
20160330_172305_1_721,1,0,2,551,549,626.87,0.0,0.001595,14.33,55.96,5.0651,11670,6.4,0.26958192724440005,0.3563838269339764,0.444,0.0,26.75,Low
20160330_172305_641_361,2,0,1,79,78,98.71,0.0,0.020261,7.9,18.39,0.5104,1176,143.58,0.0,0.0,0.02655555555555556,0.0,0.66,Low
20160330_172305_641_721,6,11,1,1075,1104,1290.81,0.008522,0.004648,16.58,53.15,12.9015,29725,157.32,0.7608930421521035,0.8666211971296555,0.41277777777777774,0.5093919514637099,63.74,High
20160402_150105_1281_1081,11,13,1,961,984,1123.18,0.011574,0.009794,6.74,30.39,4.4349,10218,16.29,0.23007089352804624,0.7377976733686205,0.15988888888888889,0.6918214557898353,45.49,Moderate
20160402_150105_1281_361,14,16,1,814,843,986.73,0.016215,0.014188,6.62,21.19,3.8203,8802,17.14,0.19153791777103096,0.6329359551964958,0.05766666666666668,0.9692314589279576,46.28,Moderate
20160402_150105_1921_1081,6,7,2,375,384,449.03,0.015589,0.013362,8.36,30.36,2.0174,4648,24.63,0.07850325784209691,0.21971392616643776,0.15955555555555556,0.9318130874639489,34.74,Moderate
20160402_150105_1921_361,3,3,2,322,325,375.12,0.007997,0.007997,8.53,28.0,1.8685,4305,15.77,0.06916782001225708,0.1629141490312107,0.13333333333333333,0.47801072938926165,21.09,Low
20160402_150105_1921_721,5,4,1,433,438,489.78,0.008167,0.010209,5.93,18.39,1.7604,4056,5.13,0.062390379922225576,0.2510302692629132,0.02655555555555556,0.48817226796574964,20.7,Low
20160402_150105_1_1,9,15,1,679,703,823.95,0.018205,0.010923,8.03,25.97,3.8646,8904,31.09,0.19431535159146016,0.5078396526383541,0.11077777777777777,1.0,45.32,Moderate
20160402_150105_641_1,12,9,2,491,503,591.64,0.015212,0.020283,9.37,43.15,2.4848,5725,26.65,0.10780737900843103,0.32930959951584554,0.30166666666666664,0.9092783813266784,41.2,Moderate
20160402_150105_641_1081,1,1,1,199,200,224.44,0.004456,0.004456,6.69,26.36,0.7951,1832,15.13,0.0018699088870045312,0.04711668699987513,0.11511111111111111,0.26635185821665,10.76,Low
20160402_150105_641_361,11,11,3,832,863,1003.0,0.010967,0.010967,8.81,29.59,4.8151,11094,158.89,0.25390792148577035,0.6454394374585732,0.151,0.65553878569614,42.65,Moderate
20160402_150105_641_721,13,13,1,752,781,891.18,0.014587,0.014587,9.14,31.19,4.0586,9351,42.63,0.2064783800601568,0.5595058550034103,0.1687777777777778,0.8719197836190019,45.17,Moderate
20160402_150110_1281_1,6,8,1,548,553,643.71,0.012428,0.009321,8.68,32.76,3.3694,7763,157.44,0.16326828098476642,0.36932535374979597,0.1862222222222222,0.7428682436976045,36.54,Moderate
20160402_150110_1281_1081,5,4,1,342,348,402.68,0.009934,0.012417,12.6,40.36,3.1124,7171,114.54,0.14715540306489508,0.18409398745425032,0.27066666666666667,0.5937924954048924,29.89,Moderate
20160402_150110_1281_361,2,2,1,325,325,377.61,0.005297,0.005297,12.16,45.58,2.6341,6069,151.78,0.11716789524748471,0.16482771208176836,0.32866666666666666,0.3166215872920993,23.18,Low
20160402_150110_1921_1,5,3,1,436,439,501.96,0.005977,0.009961,8.09,35.97,2.3173,5339,0.41,0.09730579515014913,0.2603905897270868,0.22188888888888889,0.3572677415980513,23.42,Low
20160402_150110_1921_1081,2,1,1,136,137,161.02,0.00621,0.01242,11.57,32.39,1.0078,2322,119.38,0.015205352986446692,0.0,0.1821111111111111,0.3711950268234731,14.21,Low
20160402_150110_1921_361,5,3,1,231,244,281.28,0.010666,0.017776,6.96,21.97,1.1463,2641,164.72,0.02388875217672756,0.09079818249935158,0.06633333333333333,0.6375468850401231,20.46,Low
20160402_150110_1921_721,9,14,1,1040,1079,1277.82,0.010956,0.007043,8.78,34.0,6.1762,14230,141.01,0.3392434784380539,0.8566383922996381,0.2,0.654881274376485,51.27,High
20160402_150110_1_1081,7,5,2,640,645,753.94,0.006632,0.009285,11.34,34.0,5.332,12285,17.12,0.28631549579231313,0.4540370224497835,0.2,0.39641955199569623,33.42,Moderate
20160402_150110_1_721,3,1,1,271,270,316.39,0.003161,0.009482,8.48,37.15,1.5221,3507,164.97,0.04744991763309974,0.11778019001143145,0.235,0.18894484376634438,14.73,Low
20160402_150110_641_1081,3,4,1,408,413,497.09,0.008047,0.006035,10.07,33.97,3.01,6935,121.86,0.14073533030616034,0.25664799853985154,0.19966666666666666,0.48099941720587575,26.95,Low
20160402_150110_641_361,8,7,1,405,412,501.47,0.013959,0.015953,10.64,42.0,2.8589,6587,142.87,0.13126196122564457,0.260014025110712,0.28888888888888886,0.8343818646423287,37.86,Moderate
20160402_150110_641_721,16,15,1,773,801,928.58,0.016154,0.017231,9.6,32.76,4.576,10543,130.88,0.23891730237821684,0.5882477257226296,0.1862222222222222,0.9655852597916885,49.47,High
20160402_150300_1281_721,18,13,3,948,965,1118.26,0.011625,0.016096,10.78,42.36,6.7791,15619,178.62,0.37704291072556534,0.7340166572205306,0.29288888888888887,0.6948699173627818,52.47,High
20160402_150300_1921_721,2,3,1,382,387,444.16,0.006754,0.004503,9.35,31.19,2.589,5965,179.58,0.1143403046086279,0.21597133497920257,0.1687777777777778,0.40371195026823464,22.57,Low
20160402_150300_1_721,11,12,1,817,832,953.78,0.012582,0.011533,15.43,61.12,8.2539,19017,163.98,0.46950700549687374,0.6076139059933334,0.5013333333333333,0.752073402172776,58.26,High
20160402_150300_641_721,12,12,1,880,910,1047.52,0.011456,0.011456,15.41,55.94,9.5399,21980,23.33,0.550134091119265,0.6796530226034834,0.44377777777777777,0.684768152542626,58.96,High
20160402_150304_1281_721,13,21,1,1061,1120,1284.44,0.01635,0.010121,15.86,53.54,10.3576,23864,7.41,0.601400629154591,0.8617258571167832,0.4171111111111111,0.9773009160328157,71.44,High
20160402_150304_1921_721,14,12,1,808,825,953.82,0.012581,0.014678,16.45,56.73,9.0859,20934,176.63,0.5216700966615935,0.6076446459620171,0.45255555555555554,0.7520136284164437,58.35,High
20160402_150304_1_721,18,12,4,935,946,1088.49,0.011024,0.016537,9.92,41.96,6.2153,14320,152.76,0.34169489293870364,0.7111384355277189,0.28844444444444445,0.6589458898070802,50.01,High
20160402_150304_641_721,22,19,2,958,985,1128.73,0.016833,0.019491,13.92,41.96,8.8342,20354,178.18,0.505889507663805,0.7420628440234778,0.28844444444444445,1.0,63.41,High
20160402_150317_1281_361,12,10,3,837,850,944.85,0.010584,0.0127,19.2,62.72,8.6424,19912,174.84,0.4938644104457844,0.600751207984707,0.5191111111111111,0.632645437020876,56.16,High
20160402_150317_1281_721,18,13,5,979,988,1137.53,0.011428,0.015824,11.63,60.0,4.691,10808,23.22,0.24612734502718653,0.7488256371338823,0.4888888888888889,0.6830944873653222,54.17,High
20160402_150317_1921_361,7,7,1,578,584,654.83,0.01069,0.01069,17.82,57.94,5.8216,13413,2.72,0.31701146867001356,0.3778710650438526,0.46599999999999997,0.6389814551920978,45.0,Moderate
20160402_150317_1921_721,30,16,9,1065,1077,1255.11,0.012748,0.023902,8.68,36.4,5.8507,13480,175.66,0.31883592294031804,0.8391857750794919,0.22666666666666666,0.7619958457239349,53.67,High
20160402_150317_1_361,4,1,4,249,250,278.99,0.003584,0.014337,10.99,49.18,1.1406,2628,179.87,0.023531384845430797,0.08903831929221225,0.36866666666666664,0.2142291426948998,17.39,Low
20160402_150317_1_721,6,7,2,691,695,779.09,0.008985,0.007701,17.02,73.12,6.2122,14313,3.34,0.3415005352672966,0.47336477775963276,0.6346666666666667,0.5370672006455565,49.66,High
20160402_150317_641_361,1,3,1,294,299,333.79,0.008988,0.002996,19.14,63.19,3.3338,7681,177.6,0.16103630256473755,0.13115207638882223,0.5243333333333333,0.5372465219145534,33.84,Moderate
20160402_150317_641_721,11,11,4,708,720,811.54,0.013554,0.013554,15.49,52.33,5.8494,13477,9.76,0.3187544181103732,0.4983025773542494,0.4036666666666667,0.8101734933277543,50.77,High
20160402_150938_1281_1081,21,18,3,872,904,1015.42,0.017727,0.020681,9.34,29.16,5.6957,13123,2.33,0.3091180393699677,0.6549841977348486,0.14622222222222223,1.0,52.76,High
20160402_150938_1281_721,13,13,4,829,849,963.74,0.013489,0.013489,11.11,46.39,5.737,13218,15.16,0.31170738512129326,0.615268158195564,0.33766666666666667,0.806288199166156,51.77,High
20160402_150938_1921_1081,16,12,3,1172,1186,1343.4,0.008933,0.01191,17.76,74.35,10.3624,23875,16.95,0.6017015700651567,0.9070365709564935,0.6483333333333333,0.5339589653162778,67.28,High
20160402_150938_1921_721,2,1,2,160,158,181.61,0.005506,0.011013,8.74,24.39,0.875,2016,5.57,0.0068793211274625855,0.014201865531849506,0.09322222222222223,0.32911430236554634,11.09,Low
20160402_150938_1_1,7,8,2,285,295,335.59,0.023838,0.020859,13.21,40.79,2.1133,4869,172.5,0.08451580645110729,0.13253537497958676,0.27544444444444444,1.0,37.31,Moderate
20160402_150938_1_361,14,17,2,1063,1102,1301.24,0.013064,0.010759,15.05,47.94,10.046,23146,12.07,0.581864548377035,0.8746366439639193,0.35488888888888886,0.780884352724936,64.81,High
20160402_150938_641_361,7,4,2,482,489,563.97,0.007093,0.012412,13.58,41.57,5.1289,11817,18.4,0.27358193351400234,0.30804522617892593,0.2841111111111111,0.4239752536648784,32.24,Moderate
20160402_150938_641_721,8,9,1,783,791,914.85,0.009838,0.008745,13.38,44.8,7.8125,18000,11.28,0.4418329809294371,0.5776962314719644,0.31999999999999995,0.5880542147969933,48.19,High
20160402_150942_1281_721,5,8,1,1099,1111,1269.64,0.006301,0.003938,15.47,50.0,11.6984,26953,15.81,0.685463456839274,0.8503520687038304,0.37777777777777777,0.3766344386497108,57.26,High
20160402_150942_1921_1081,6,5,2,527,535,617.43,0.008098,0.009718,9.39,30.76,3.4792,8016,19.01,0.1701523043139566,0.3491291943246333,0.164,0.48404787877882205,29.18,Moderate
20160402_150942_1921_721,5,7,1,730,738,832.44,0.008409,0.006006,14.53,41.54,8.1697,18823,0.69,0.46422800035736733,0.5143642109914602,0.2837777777777778,0.502637516998162,44.13,Moderate
20160402_150942_1_361,17,17,2,1090,1115,1260.8,0.013483,0.013483,20.7,58.33,14.2083,32736,7.98,0.8428242050536128,0.843558535624742,0.4703333333333333,0.8059295566281623,74.07,High
20160402_150942_641_361,15,10,6,737,743,849.45,0.011772,0.017658,17.53,52.0,8.3364,19207,6.62,0.4746794273972215,0.5274363826741852,0.4,0.7036566595436273,52.64,High
20160402_150942_641_721,7,6,1,753,759,879.12,0.006825,0.007962,17.36,53.15,7.5612,17421,173.21,0.4260774703408626,0.5502377544452878,0.41277777777777774,0.40795588696782675,44.93,Moderate
20160402_151837_1281_721,3,2,1,685,686,788.72,0.002536,0.003804,9.94,32.0,5.6306,12973,158.83,0.3050365282704205,0.4807654252202232,0.17777777777777778,0.15158624605866794,27.88,Moderate
20160402_151837_1921_361,6,4,2,463,470,544.14,0.007351,0.011026,11.18,42.0,3.4844,8028,1.21,0.17047832363373608,0.292805886704003,0.28888888888888886,0.4393968827986072,29.79,Moderate
20160402_151837_1921_721,3,2,3,339,339,374.21,0.005345,0.008017,11.09,30.0,2.4392,5620,0.06,0.10494844035805698,0.1622148147436575,0.15555555555555556,0.3194907275960489,18.56,Low
20160402_151837_1_721,6,5,1,678,684,768.09,0.00651,0.007812,7.72,25.97,3.7574,8657,1.0,0.18759433792215974,0.46491128637162715,0.11077777777777777,0.3891271537231578,28.81,Moderate
20160402_151837_641_721,6,4,1,686,688,783.68,0.005104,0.007656,8.63,24.0,4.6936,10814,7.22,0.24629035468707627,0.47689218916608234,0.08888888888888889,0.3050852523199689,27.93,Moderate
20160405_171215_1281_361,4,3,2,412,413,473.48,0.006336,0.008448,16.42,49.15,4.9336,11367,21.41,0.26133740021536084,0.23850373202432307,0.3683333333333333,0.37872652012134067,31.17,Moderate
20160405_171215_1281_721,27,22,8,1592,1632,1856.92,0.011848,0.01454,15.33,68.79,14.8303,34169,5.02,0.8818211313810834,1.0,0.5865555555555556,0.7081994650248807,79.41,High
20160405_171215_1921_1081,5,7,3,507,526,603.46,0.0116,0.008286,18.61,57.97,5.3789,12393,2.57,0.28925593927263205,0.3383932602618662,0.4663333333333333,0.6933755734544746,44.68,Moderate
20160405_171215_1921_721,16,10,6,911,919,1078.89,0.009269,0.01483,13.84,45.15,8.2956,19113,15.07,0.4721214296574132,0.7037608430436414,0.3238888888888889,0.5540429474439247,51.35,High
20160405_171215_1_1,17,15,4,1489,1515,1739.5,0.008623,0.009773,16.56,65.51,14.6966,33861,28.31,0.8734386731013685,1.0,0.5501111111111112,0.5154291008532703,73.47,High
20160405_171215_1_361,12,6,5,704,705,805.24,0.007451,0.014902,12.92,47.58,4.8385,11148,34.44,0.25537500842477806,0.49346103228657345,0.35088888888888886,0.4453742584318355,38.63,Moderate
20160405_171215_641_361,16,9,8,1477,1478,1690.49,0.005324,0.009465,15.29,58.37,14.4861,33376,8.39,0.8602411602526022,1.0,0.47077777777777774,0.318235478713071,66.23,High
20160405_171215_641_721,4,2,1,333,334,387.85,0.005157,0.010313,14.85,45.97,3.7135,8556,22.88,0.18484198251094433,0.17269714406478454,0.33299999999999996,0.30825326140557985,24.97,Low
20160405_171219_1281_361,3,2,1,385,385,440.09,0.004545,0.006817,18.77,53.94,5.2391,12071,10.68,0.2804910352524063,0.21284354316564044,0.4215555555555555,0.2716717225302231,29.66,Moderate
20160405_171219_1281_721,16,10,5,877,887,1027.0,0.009737,0.015579,15.12,53.93,9.0451,20840,12.51,0.519112098921785,0.6638834186687673,0.42144444444444445,0.5820170654074328,54.66,High
20160405_171219_1921_721,10,5,3,942,946,1080.62,0.004627,0.009254,17.45,58.73,12.5556,28928,19.27,0.7392064877844635,0.7050903466892093,0.47477777777777774,0.2765731705494702,54.89,High
20160405_171219_1_361,12,12,4,760,773,881.94,0.013606,0.013606,18.08,71.59,7.0477,16238,17.36,0.3938830625126371,0.5524049222374856,0.6176666666666667,0.8132817286570331,59.43,High
20160405_171219_1_721,13,13,5,788,803,922.29,0.014095,0.014095,17.99,58.0,6.8485,15779,3.61,0.38139401472416096,0.5834138656471245,0.4666666666666667,0.8425110955035191,56.85,High
20160405_171219_641_361,7,1,5,763,759,842.67,0.001187,0.008307,15.86,48.39,9.2027,21203,177.67,0.5289929921520253,0.5222259579823054,0.35988888888888887,0.0709514487664191,37.05,Moderate
20160405_171219_641_721,8,3,3,593,597,690.61,0.004344,0.011584,17.36,77.54,6.9206,15945,74.69,0.3859143979849498,0.40536796703138367,0.6837777777777778,0.2596571975074343,43.37,Moderate
20160405_171333_1281_361,5,1,3,70,68,80.43,0.012434,0.062169,9.49,26.0,0.4484,1033,179.11,0.0,0.0,0.1111111111111111,0.7432268862355982,21.36,Low
20160405_171333_1281_721,29,20,7,1211,1239,1418.77,0.014097,0.02044,10.93,54.0,7.8837,18164,179.61,0.4462969377694949,0.9649583569486739,0.4222222222222222,0.8426306430161836,66.9,High
20160405_171333_1921_721,21,18,2,990,1005,1135.06,0.015858,0.018501,14.18,45.54,8.9527,20627,1.93,0.5133189863933956,0.7469274440676664,0.3282222222222222,0.9478922279173329,63.41,High
20160405_171333_1_361,20,10,7,553,555,621.27,0.016096,0.032192,11.23,46.0,3.8954,8975,13.84,0.19624638910092335,0.3520802313182644,0.3333333333333333,0.9621183819244159,46.09,Moderate
20160405_171333_1_721,18,8,8,596,605,691.98,0.011561,0.026012,11.44,38.38,4.8047,11070,5.33,0.25325588284621137,0.40642081095879895,0.2486666666666667,0.6910443969575157,39.98,Moderate
20160405_171333_641_721,27,17,6,870,887,1009.19,0.016845,0.026754,11.84,40.0,7.2821,16778,0.62,0.40857901031192834,0.6501964476123692,0.26666666666666666,1.0,58.14,High
20160405_171336_1281_361,9,8,3,1029,1035,1197.79,0.006679,0.007514,40.84,126.3,23.9944,55283,179.69,1.0,0.7951353999558114,1.0,0.39922891854331355,79.86,High
20160405_171336_1921_1081,3,2,1,139,141,153.43,0.013036,0.019553,16.17,43.54,0.9262,2134,5.31,0.010089357506829953,0.0,0.306,0.7792106875476322,27.38,Low
20160405_171336_1921_361,2,1,1,291,290,346.75,0.002884,0.005768,46.96,107.99,6.3702,14677,30.29,0.35140650690675057,0.14111182624232704,1.0,0.17238751326230217,41.62,Moderate
20160405_171336_1921_721,5,3,2,762,764,922.64,0.003252,0.005419,50.12,126.24,27.2548,62795,35.63,1.0,0.5836828403731065,1.0,0.19438425559258207,69.45,High
20160405_171336_1_361,6,8,1,890,901,1024.44,0.007809,0.005857,28.86,94.79,13.1081,30201,17.41,0.7738460405110352,0.6619160606730133,0.8754444444444445,0.46677326319879253,69.45,High
20160405_171336_1_721,2,1,2,325,324,344.71,0.002901,0.005802,35.84,113.08,3.7001,8525,6.4,0.1840018558022818,0.13954408783946054,1.0,0.17340366711995098,37.42,Moderate
20160405_171336_641_361,4,3,3,710,711,778.1,0.003856,0.005141,37.91,108.34,10.714,24685,171.2,0.6237454917640936,0.4726039635347123,1.0,0.23048760441728058,58.17,High
20160405_171336_641_721,3,4,1,640,645,691.81,0.005782,0.004336,40.16,128.63,11.7331,27033,177.75,0.6876390088385719,0.40629016609189333,1.0,0.34561185911325626,60.99,High
20160405_171353_1281_721,6,7,1,869,874,1003.65,0.006975,0.005978,20.66,60.74,12.9596,29859,170.96,0.764535681090409,0.6459389619496826,0.4971111111111111,0.4169219504176691,58.11,High
20160405_171353_1921_361,2,1,1,145,146,155.53,0.00643,0.01286,14.69,39.54,0.829,1910,177.9,0.003995304067874716,0.0,0.26155555555555554,0.3843452532165752,16.25,Low
20160405_171353_1921_721,6,5,1,690,694,793.0,0.006305,0.007566,22.84,70.3,11.7769,27134,169.13,0.6903850946474837,0.48405460186937443,0.6033333333333333,0.37687353367503995,53.87,High
20160405_171353_1_721,12,10,1,1004,1015,1174.06,0.008517,0.010221,29.31,82.0,17.4366,40174,174.53,1.0,0.776898913534232,0.7333333333333333,0.5090930826820484,75.48,High
20160405_171353_641_721,9,7,2,876,881,1015.21,0.006895,0.008865,27.82,92.0,17.4744,40261,176.76,1.0,0.6548228128992595,0.8444444444444444,0.4121400499110865,72.79,High
20160405_171410_1281_361,2,0,2,319,317,338.12,0.0,0.005915,43.86,134.0,4.7374,10915,174.71,0.24903644049598822,0.13447967799882807,1.0,0.0,34.59,Moderate
20160405_171410_1281_721,15,24,1,1515,1560,1772.08,0.013543,0.008465,42.43,168.0,23.0838,53185,175.16,1.0,1.0,1.0,0.8095159820080993,95.24,High
20160405_171410_1921_361,3,1,1,647,648,681.55,0.001467,0.004402,56.74,153.84,15.4006,35483,179.48,0.9175766733176698,0.39840536412453537,1.0,0.08768810053945814,60.09,High
20160405_171410_1921_721,5,3,1,720,721,784.37,0.003825,0.006375,58.86,160.0,16.7439,38578,178.58,1.0,0.4774224536258755,1.0,0.2286346179709798,67.65,High
20160405_171410_1_361,12,8,4,415,432,504.49,0.015858,0.023787,12.52,45.97,3.0451,7016,167.3,0.14293596071467196,0.2623348927463281,0.33299999999999996,0.9478922279173329,42.15,Moderate
20160405_171410_1_721,10,9,1,1009,1013,1138.09,0.007908,0.008787,26.83,84.0,15.2331,35097,167.41,0.9070750894593879,0.7492559966954535,0.7555555555555555,0.47269086507568847,72.11,High
20160405_171410_641_361,13,7,5,506,507,567.89,0.012326,0.022892,12.07,40.36,3.3446,7706,170.52,0.16171341961351035,0.3110577431099243,0.27066666666666667,0.7367713205517117,37.01,Moderate
20160405_171410_641_721,32,27,7,1506,1540,1778.17,0.015184,0.017996,20.28,84.78,15.8507,36520,5.37,0.9457961532855066,1.0,0.7642222222222222,0.9076047161493745,90.44,High
20160405_171431_1281_361,5,4,1,908,911,1031.12,0.003879,0.004849,27.55,92.0,16.6541,38371,6.75,0.9961661381914391,0.667049635443184,0.8444444444444444,0.23186240081292306,68.49,High
20160405_171431_1921_361,11,9,1,1131,1143,1326.08,0.006787,0.008295,29.06,85.58,19.9497,45964,7.4,1.0,0.8937261645164699,0.7731111111111111,0.4056844842272,76.81,High
20160405_171431_1_1081,7,10,2,877,892,1055.2,0.009477,0.006634,32.85,88.39,17.7812,40968,155.72,1.0,0.6855550965907455,0.8043333333333333,0.5664758887610394,76.41,High
20160405_171431_1_721,2,0,2,376,374,442.35,0.0,0.004521,31.3,82.36,8.602,19819,170.42,0.4913314911151898,0.21458035139626708,0.7373333333333333,0.0,36.08,Moderate
20160405_171431_641_1,12,9,3,646,652,760.94,0.011828,0.01577,20.43,61.15,8.898,20501,57.84,0.5098895139334074,0.4594165169694235,0.5016666666666667,0.7070039898982351,54.45,High
20160405_171431_641_361,8,8,3,970,979,1178.65,0.006787,0.006787,32.33,95.51,20.7604,47832,152.87,1.0,0.7804263249406816,0.8834444444444445,0.4056844842272,76.74,High
20160405_171431_641_721,2,2,1,379,380,457.46,0.004372,0.004372,32.93,84.39,8.8503,20391,145.36,0.5068989136346609,0.22619237456651844,0.759888888888889,0.26133086268473826,43.86,Moderate
20160405_171453_1281_1,14,13,3,703,718,838.12,0.015511,0.016704,16.55,46.39,6.5538,15100,98.68,0.36291749673588825,0.5187292865445394,0.33766666666666667,0.9271507344700308,53.66,High
20160405_171453_1281_361,11,10,1,1270,1282,1481.65,0.006749,0.007424,29.71,85.16,23.5846,54339,1.13,1.0,1.0,0.7684444444444444,0.4034130814865733,79.3,High
20160405_171453_1281_721,3,2,2,155,157,176.88,0.011307,0.01696,9.1,23.58,0.7656,1764,82.44,2.0376207486219865e-05,0.010566864235007063,0.0842222222222222,0.675861862849116,19.27,Low
20160405_171453_1921_1,4,1,3,245,244,282.52,0.00354,0.014158,13.59,34.76,2.5712,5924,8.09,0.11322431539861348,0.09175112152854495,0.20844444444444443,0.21159909741627939,15.63,Low
20160405_171453_1921_1081,11,9,1,929,941,1094.26,0.008225,0.010052,33.17,117.04,18.5252,42682,47.25,1.0,0.7155726760103365,1.0,0.49163914583302193,80.18,High
20160405_171453_1921_361,2,4,1,213,215,251.04,0.015934,0.007967,27.63,80.73,2.4423,5627,7.29,0.10514279802946398,0.06755876617450697,0.7192222222222223,0.9524350333985863,46.11,Moderate
20160405_171453_1921_721,12,9,4,1169,1180,1360.18,0.006617,0.008822,20.9,69.51,13.9935,32241,57.18,0.829357099305798,0.9199319878192878,0.5945555555555556,0.395522945650712,68.48,High
20160405_171453_1_1081,6,4,4,320,319,343.44,0.011647,0.01747,12.39,35.19,1.582,3645,0.74,0.05120540941286742,0.13856809383375443,0.2132222222222222,0.696184940002092,27.48,Low
20160405_171453_1_721,13,11,3,1106,1113,1256.32,0.008756,0.010348,33.13,118.0,17.3824,40049,170.0,1.0,0.8401156591321725,1.0,0.5233790104454639,84.09,High
20160405_171453_641_361,12,15,1,921,952,1108.99,0.013526,0.010821,22.22,69.91,12.1797,28062,164.46,0.715639052725788,0.7268926694780932,0.599,0.8084998281504504,71.25,High
20160405_171453_641_721,15,14,4,947,960,1094.62,0.01279,0.013703,17.45,60.0,11.5812,26683,1.93,0.6781154829396283,0.7158493357284893,0.4888888888888889,0.7645063434898907,66.18,High
20160405_171456_1281_361,4,4,1,863,867,990.85,0.004037,0.004037,21.05,74.3,12.9158,29758,178.45,0.7617895952814974,0.6361021719709125,0.6477777777777778,0.24130665431342366,57.17,High
20160405_171456_1281_721,9,8,1,724,731,838.7,0.009539,0.010731,19.85,64.79,10.0217,23090,37.52,0.5803410350172962,0.5191750160904525,0.5421111111111112,0.5701818616536409,55.3,High
20160405_171456_1921_1081,21,18,3,1425,1448,1696.53,0.01061,0.012378,28.23,87.09,21.0056,48397,165.15,1.0,1.0,0.789888888888889,0.6341995546855153,85.6,High
20160405_171456_1921_721,9,7,3,750,757,877.12,0.007981,0.010261,23.09,69.91,9.319,21471,175.62,0.5362845396309398,0.5487007560111049,0.599,0.4770543492879451,54.03,High
20160405_171456_1_1,9,8,2,879,898,1046.7,0.007643,0.008598,42.97,122.64,24.5,56448,16.58,1.0,0.6790228532454684,1.0,0.45685081964763363,78.4,High
20160405_171456_1_361,2,0,1,161,160,190.65,0.0,0.01049,68.31,201.73,4.1914,9657,45.21,0.2148044119191409,0.02114909845435596,1.0,0.0,30.9,Moderate
20160405_171456_641_361,15,11,2,1078,1092,1243.19,0.008848,0.012066,29.41,86.36,19.9883,46053,20.66,1.0,0.830025264411762,0.7817777777777778,0.5288781960280339,78.52,High
20160405_171712_1281_1,6,2,2,239,238,271.14,0.007376,0.022129,22.22,77.19,2.6758,6165,94.45,0.11978231940802415,0.08300560043804456,0.6798888888888889,0.4408912267069143,33.09,Moderate
20160405_171712_1281_361,18,17,1,1505,1523,1732.18,0.009814,0.010392,27.49,98.79,23.9023,55071,162.15,1.0,1.0,0.919888888888889,0.5866196446450186,87.66,High
20160405_171712_1281_721,5,3,4,434,433,492.65,0.00609,0.010149,23.12,76.0,4.2127,9706,7.67,0.21613983720977617,0.2532358620159656,0.6666666666666666,0.3640221760635992,37.5,Moderate
20160405_171712_1921_1,5,3,1,571,573,681.94,0.004399,0.007332,22.06,63.12,10.1966,23493,150.62,0.5913065694460337,0.3987050788192011,0.5235555555555556,0.2629447541057099,44.41,Moderate
20160405_171712_1921_1081,6,4,1,569,571,662.96,0.006034,0.00905,31.42,101.96,12.77,29422,76.77,0.7526485151230644,0.3841189636788059,0.955111111111111,0.36067484570899144,61.31,High
20160405_171712_1921_721,3,2,1,441,442,508.27,0.003935,0.005902,30.69,86.76,8.6836,20007,64.22,0.49644748659480653,0.2652398197869336,0.7862222222222223,0.23520973116753088,44.58,Moderate
20160405_171712_1_361,13,11,1,1011,1026,1130.38,0.009731,0.011501,34.73,132.63,17.7005,40782,5.69,1.0,0.7433308677316788,1.0,0.5816584228694391,83.12,High
20160405_171712_1_721,5,4,2,326,329,375.81,0.010644,0.013305,32.36,98.39,4.0642,9364,12.26,0.2068294777891501,0.1634444134910038,0.9154444444444445,0.6362318624008129,48.05,High
20160405_171712_641_361,7,4,2,323,326,354.17,0.011294,0.019765,13.67,45.97,2.4245,5586,165.36,0.10402680881944956,0.14681409043314542,0.33299999999999996,0.6750848040167964,31.47,Moderate
20160405_171712_641_721,11,13,1,926,942,1099.4,0.011825,0.010005,26.06,82.71,14.8364,34183,177.78,0.882203577121594,0.7195227619861865,0.7412222222222221,0.7068246686292383,76.24,High
20160405_171716_1281_361,4,3,1,342,345,399.26,0.007514,0.010018,19.69,66.0,4.826,11119,17.94,0.25459130813684655,0.18146572013179765,0.5555555555555556,0.44914000508076923,36.02,Moderate
20160405_171716_1281_721,10,10,3,1044,1054,1216.37,0.008221,0.008221,15.48,58.0,11.201,25807,173.38,0.6542784549819044,0.8094141154093699,0.4666666666666667,0.4914000508076928,60.54,High
20160405_171716_1921_721,11,11,1,888,909,1037.82,0.010599,0.010599,21.49,74.0,12.8663,29644,2.84,0.7586861421412885,0.6721985801976965,0.6444444444444445,0.6335420433658602,67.72,High
20160405_171716_1_1081,7,5,1,522,524,608.09,0.008223,0.011512,24.06,60.0,9.02,20782,93.2,0.5175384287436187,0.3419514116369995,0.4888888888888889,0.49151959832035735,46.0,Moderate
20160405_171716_1_361,4,1,3,227,226,253.75,0.003941,0.015763,10.34,33.17,1.2231,2818,178.04,0.028703806745778604,0.06964139905282474,0.1907777777777778,0.23556837370552458,13.12,Low
20160405_171716_1_721,11,13,2,1283,1308,1555.29,0.008359,0.007073,21.89,68.71,18.9839,43739,14.81,1.0,1.0,0.5856666666666666,0.4996488291815478,77.13,High
20160405_171716_641_361,9,9,1,837,845,947.72,0.009496,0.009496,18.76,65.52,11.0269,25406,176.8,0.6433630773715945,0.6029568007377594,0.5502222222222222,0.5676115901313528,59.1,High
20160405_171716_641_721,5,4,2,255,261,294.55,0.01358,0.016975,10.83,40.0,1.7326,3992,18.84,0.06064743048186595,0.10099616711015479,0.26666666666666666,0.8117276109923938,31.0,Moderate
20160405_171723_1281_1,16,17,2,834,880,998.05,0.017033,0.016031,12.09,52.34,6.1944,14272,89.53,0.3403845460572822,0.6416353663339707,0.4037777777777778,1.0,59.64,High
20160405_171723_1281_361,14,12,2,865,883,1027.56,0.011678,0.013625,24.91,85.91,11.3763,26211,72.65,0.6652690678198555,0.6643137782303385,0.7767777777777778,0.6980379264483927,70.11,High
20160405_171723_1281_721,18,12,4,1496,1508,1751.97,0.006849,0.010274,25.35,71.16,24.5221,56499,1.71,1.0,1.0,0.6128888888888888,0.40939045711980154,75.56,High
20160405_171723_1921_1081,11,9,1,886,897,1032.45,0.008717,0.010654,33.12,102.33,18.1593,41839,28.37,1.0,0.6680717394019157,0.9592222222222222,0.521047833948505,78.71,High
20160405_171723_1921_721,5,5,1,446,463,528.86,0.009454,0.009454,31.09,82.75,6.8563,15797,27.79,0.3818830437038302,0.2810632186668461,0.7416666666666667,0.565101092365397,49.24,High
20160405_171723_1_721,13,12,2,1035,1056,1215.47,0.009873,0.010695,22.73,65.51,15.809,36424,11.51,0.9431817291249671,0.8087224661139879,0.5501111111111112,0.5901462962686232,72.3,High
20160405_171723_641_721,14,15,2,1127,1143,1313.66,0.011419,0.010657,27.23,81.12,17.4948,40308,177.78,1.0,0.8841814042401948,0.7235555555555556,0.6825565235583316,82.26,High
20160405_172849_1281_1,38,21,11,1761,1773,2045.55,0.010266,0.018577,7.29,29.58,8.4787,19535,155.66,0.4836010714750336,1.0,0.15088888888888888,0.6136373825072102,56.2,High
20160405_172849_1281_1081,14,7,5,742,751,868.64,0.008059,0.016117,10.29,36.36,4.6163,10636,25.72,0.24144395210650796,0.5421838826501697,0.2262222222222222,0.48171670228186314,37.29,Moderate
20160405_172849_1281_361,19,11,11,1355,1360,1572.08,0.006997,0.012086,23.56,95.54,16.5395,38107,17.01,0.9889811739516833,1.0,0.8837777777777779,0.41823697305697927,82.27,High
20160405_172849_1281_721,24,13,8,1543,1568,1811.97,0.007175,0.013245,14.43,67.91,11.2912,26015,150.84,0.659933636259618,1.0,0.5767777777777777,0.42887670168412556,66.64,High
20160405_172849_1921_1,4,6,3,483,490,570.36,0.01052,0.007013,13.03,44.0,3.5803,8249,110.31,0.17649087224274643,0.3129559361761401,0.3111111111111111,0.6288199166156099,35.73,Moderate
20160405_172849_1921_1081,10,4,3,612,617,738.78,0.005414,0.013536,12.84,37.15,5.9774,13772,166.25,0.3267795090587916,0.4423865743186775,0.235,0.32361511678297644,33.19,Moderate
20160405_172849_1921_361,1,0,1,192,191,198.46,0.0,0.005039,7.72,20.39,1.0924,2517,177.06,0.020509436535166986,0.027151077339839975,0.04877777777777778,0.0,2.41,Low
20160405_172849_1921_721,8,6,1,855,864,1004.0,0.005976,0.007968,19.87,57.16,12.5091,28821,22.0,0.7362911227133585,0.6462079366756647,0.4573333333333333,0.3572079678417191,54.93,High
20160405_172849_1_1,1,0,1,156,155,159.56,0.0,0.006267,10.72,26.0,0.6115,1409,178.89,0.0,0.0,0.1111111111111111,0.0,2.78,Low
20160405_172849_1_1081,3,1,1,356,356,422.27,0.002368,0.007104,25.83,79.56,7.5729,17448,117.06,0.4268110138103664,0.1991488871170713,0.7062222222222222,0.1415442549948445,36.84,Moderate
20160405_172849_1_361,4,4,2,891,895,1011.39,0.003955,0.003955,44.57,164.79,23.9323,55140,7.82,1.0,0.6518871458899702,1.0,0.23640520629417652,72.21,High
20160405_172849_1_721,5,3,2,525,527,629.31,0.004767,0.007945,24.69,69.51,8.2001,18893,134.78,0.4661339594576167,0.35825896502367943,0.5945555555555556,0.28494149643598976,42.6,Moderate
20160405_172849_641_1081,6,4,1,281,287,332.98,0.012013,0.018019,9.41,28.0,1.9319,4451,178.8,0.07314274787264556,0.13052959202297817,0.13333333333333333,0.7180621348197073,26.38,Low
20160405_172849_641_361,9,9,1,1314,1336,1510.8,0.005957,0.005957,29.69,117.91,22.1402,51011,3.26,1.0,1.0,1.0,0.35607226647140566,83.9,High
20160405_172849_641_721,12,9,2,1031,1039,1188.53,0.007572,0.010096,13.92,45.58,10.3012,23734,174.3,0.5978645734554442,0.788019097205545,0.32866666666666666,0.4526068829480416,54.18,High
20160405_172854_1281_1081,3,1,2,206,205,217.01,0.004608,0.013824,8.32,27.97,0.5308,1223,95.3,0.0,0.04140673781688586,0.13299999999999998,0.27543746917915685,11.25,Low
20160405_172854_1281_721,10,19,6,1697,1724,1976.26,0.009614,0.00506,24.61,77.15,24.447,56326,179.02,1.0,1.0,0.6794444444444445,0.5746648933785621,81.35,High
20160405_172854_1921_1,5,2,2,454,455,502.22,0.003982,0.009956,10.99,32.36,3.5499,8179,170.82,0.17458491314249708,0.2605903995235306,0.18177777777777776,0.23801909771514815,21.37,Low
20160405_172854_1921_1081,4,3,1,685,689,826.1,0.003632,0.004842,43.88,109.16,23.5664,54297,33.35,1.0,0.5094919259551005,1.0,0.2170982829988493,68.16,High
20160405_172854_1921_361,16,14,2,1039,1059,1234.63,0.011339,0.012959,10.88,39.2,8.1306,18733,134.54,0.46177658585671755,0.8234469111134595,0.25777777777777783,0.6777746230517491,55.52,High
20160405_172854_1921_721,3,2,2,313,312,384.07,0.005207,0.007811,35.02,100.67,5.4592,12578,84.54,0.2942904299223039,0.16979221702417893,0.9407777777777778,0.31124194922219395,42.9,Moderate
20160405_172854_1_361,7,6,1,985,990,1166.04,0.005146,0.006003,28.42,98.66,19.5152,44963,23.41,1.0,0.7707355498131587,0.9184444444444444,0.30759575008592477,74.92,High
20160405_172854_1_721,2,1,1,225,226,262.04,0.003816,0.007633,26.58,60.39,4.0629,9361,34.77,0.20674797295920525,0.07601225756251265,0.49322222222222223,0.22809665416398928,25.1,Low
20160405_172854_641_1081,7,6,2,527,530,597.52,0.010042,0.011715,13.97,51.13,4.1476,9556,103.67,0.21205832611022898,0.33382837491234313,0.39033333333333337,0.6002480610887789,38.41,Moderate
20160405_172854_641_721,9,20,3,1432,1467,1717.6,0.011644,0.00524,42.21,109.84,30.5152,70307,14.89,1.0,1.0,1.0,0.6960056187330952,92.4,High
20160405_172908_1281_1,3,1,2,208,207,233.1,0.00429,0.01287,10.44,32.36,1.3863,3194,25.17,0.038935797705012085,0.05377189021988685,0.18177777777777776,0.25642941466549113,13.27,Low
20160405_172908_1281_1081,8,2,3,371,369,414.98,0.00482,0.019278,18.95,64.0,4.9349,11370,174.66,0.2614189050453057,0.19354652782447485,0.5333333333333333,0.2881095055216007,31.91,Moderate
20160405_172908_1281_361,2,0,2,58,56,65.53,0.0,0.030522,13.28,34.0,0.526,1212,94.84,0.0,0.0,0.2,0.0,5.0,Low
20160405_172908_1281_721,25,18,7,1864,1887,2181.09,0.008253,0.011462,21.0,85.97,24.8737,57309,10.47,1.0,1.0,0.7774444444444444,0.49331281101032587,81.77,High
20160405_172908_1921_1081,6,5,1,752,758,859.48,0.005817,0.006981,21.37,67.16,12.7613,29402,11.19,0.752103059722664,0.5351444298216123,0.5684444444444444,0.3477039405848862,55.08,High
20160405_172908_1921_721,3,0,2,128,126,142.57,0.0,0.021043,8.77,21.58,0.9049,2085,83.33,0.008753932216194702,0.0,0.06199999999999998,0.0,1.77,Low
20160405_172908_1_1,3,1,1,130,131,160.41,0.006234,0.018702,16.54,44.8,1.7101,3940,24.03,0.05923676996358928,0.0,0.31999999999999995,0.3726295969754479,18.8,Low
20160405_172908_641_1,26,7,12,1201,1199,1375.45,0.005089,0.018903,26.17,104.69,18.1076,41720,21.67,1.0,0.9316669708642737,0.9854444444444445,0.30418864597498463,80.53,High
20160405_172908_641_1081,8,6,3,897,901,1065.44,0.005631,0.007509,25.52,84.69,13.2365,30497,118.18,0.7818962098686675,0.6934245285737617,0.7632222222222222,0.33658602190708165,64.38,High
20160405_172908_641_361,16,9,9,1279,1286,1487.31,0.006051,0.010758,21.35,88.0,15.1619,34933,102.14,0.90261113261933,1.0,0.8,0.36169099956664025,76.61,High
20160405_172908_641_721,17,9,7,1415,1413,1633.78,0.005509,0.010405,30.52,134.0,24.1059,55540,175.95,1.0,1.0,1.0,0.32929362363454323,83.23,High
20160407_163125_1281_361,1,0,1,57,56,63.04,0.0,0.015863,16.65,47.94,0.4709,1085,178.24,0.0,0.0,0.35488888888888886,0.0,8.87,Low
20160407_163125_1281_721,19,31,3,1365,1407,1617.01,0.019171,0.01175,11.88,34.36,9.7109,22374,173.87,0.5608551110581678,1.0,0.204,1.0,69.12,High
20160407_163125_1921_721,13,11,1,888,899,1041.08,0.010566,0.012487,13.85,43.55,8.5256,19643,1.96,0.4865415149553526,0.6747038876454146,0.30611111111111106,0.6315695094068949,52.47,High
20160407_163125_1_721,13,12,2,845,861,986.09,0.012169,0.013183,13.12,41.58,7.9891,18407,8.62,0.45290509859733313,0.6324441156975573,0.2842222222222222,0.7273868408075433,52.42,High
20160407_163125_641_361,4,3,3,516,517,558.01,0.005376,0.007168,18.59,67.11,4.066,9368,1.46,0.20694233063061224,0.303464970845061,0.5678888888888889,0.3213437140423497,34.99,Moderate
20160407_163125_641_721,13,11,6,888,899,1022.85,0.010754,0.01271,17.1,58.39,7.1063,16373,177.7,0.39755704946245995,0.660694146917838,0.47100000000000003,0.6428069755973639,54.3,High
20160407_163515_1281_361,2,0,2,219,217,242.27,0.0,0.008255,19.15,53.15,2.6354,6072,2.8,0.1172494000774296,0.06081902804061521,0.41277777777777774,0.0,14.77,Low
20160407_163515_1281_721,10,7,4,746,748,869.36,0.008052,0.011503,18.05,70.0,7.4062,17064,4.63,0.41635958677051216,0.5427372020864755,0.6,0.48129828598753716,51.01,High
20160407_163515_1921_721,7,7,1,733,738,833.68,0.008396,0.008396,24.29,90.29,13.2057,30426,0.45,0.7799651723592043,0.5153171500206535,0.8254444444444445,0.5018604581658422,65.56,High
20160407_163515_1_361,10,8,1,764,770,894.26,0.008946,0.011182,21.48,70.3,10.9006,25115,175.25,0.6354445696623349,0.5618728325920519,0.6033333333333333,0.5347360241485976,58.38,High
20160407_163515_1_721,1,0,2,137,135,146.6,0.0,0.006821,16.82,57.55,1.3672,3150,177.23,0.037738303665052764,0.0,0.4616666666666666,0.0,12.49,Low
20160407_163515_641_361,6,4,2,643,647,717.83,0.005572,0.008359,12.94,41.96,4.8993,11288,177.85,0.2591869266252768,0.4262865157206122,0.28844444444444445,0.333059370283477,32.67,Moderate
20160407_163515_641_721,8,7,2,668,674,759.33,0.009219,0.010536,24.42,112.39,7.6493,17624,6.55,0.4316009899702037,0.4581792332299063,1.0,0.5510542596273106,61.02,High
20160407_163522_1281_721,8,7,1,809,819,930.84,0.00752,0.008594,19.07,74.74,9.7435,22449,4.56,0.562899001409093,0.5899845339532562,0.6526666666666666,0.4494986476187629,56.38,High
20160407_163522_1921_721,7,5,1,722,726,810.91,0.006166,0.008632,19.42,68.32,10.5221,24243,173.3,0.6117141249437694,0.4978184228474818,0.5813333333333333,0.3685649815448527,51.49,High
20160407_163522_1_361,5,1,3,176,175,189.08,0.005289,0.026443,8.5,30.76,0.8216,1893,5.47,0.003531353497419279,0.019942554683522434,0.164,0.31614339724144114,12.59,Low
20160407_163522_1_721,12,8,2,752,766,856.3,0.009343,0.014014,11.01,38.36,5.0768,11697,2.47,0.27031547071390394,0.5327006023112615,0.24844444444444444,0.5584662054125136,40.25,Moderate
20160407_163522_641_361,7,3,3,334,336,377.42,0.007949,0.018547,11.26,33.6,2.0056,4621,177.24,0.0777634447702896,0.164681697230521,0.19555555555555557,0.475141589085312,22.83,Low
20160407_163522_641_721,10,8,2,775,784,890.45,0.008984,0.01123,13.3,59.19,5.1441,11852,179.11,0.27453491306412703,0.5589448505749336,0.47988888888888886,0.5370074268892243,46.26,Moderate
20160407_164918_1281_721,8,5,2,750,757,863.87,0.005788,0.009261,18.26,58.39,10.3203,23778,2.06,0.5990620674954036,0.5385181413846436,0.47100000000000003,0.34597050165125,48.86,High
20160407_164918_1921_721,9,12,1,857,879,1027.7,0.011677,0.008757,15.37,56.78,7.9575,18334,156.76,0.45092390426944234,0.6644213681207314,0.45311111111111113,0.6979781526920604,56.66,High
20160407_164918_1_1,6,1,3,260,259,322.79,0.003098,0.018588,8.88,22.4,2.0043,4618,72.35,0.07768193994034474,0.12269858500081658,0.0711111111111111,0.1851790971174106,11.42,Low
20160407_164918_1_361,12,8,4,514,519,616.34,0.01298,0.01947,6.46,18.0,2.503,5767,63.59,0.10894844662765929,0.34829153017800374,0.022222222222222223,0.7758633571930243,31.38,Moderate
20160407_164918_1_721,10,7,2,528,539,618.94,0.01131,0.016157,9.65,29.16,3.4084,7853,18.29,0.16571342588311264,0.35028962814244147,0.14622222222222223,0.6760411841181129,33.46,Moderate
20160407_164918_641_721,9,9,1,825,836,939.97,0.009575,0.009575,11.33,36.76,6.6862,15405,12.45,0.3712184501856586,0.5970009318053009,0.23066666666666663,0.5723337168816031,44.28,Moderate
20160407_165009_1281_361,4,2,1,309,313,364.78,0.005483,0.010966,14.74,45.54,2.9193,6726,19.99,0.13504880101692945,0.1549678671264854,0.3282222222222222,0.32773950596990387,23.65,Low
20160407_165009_1281_721,11,9,1,735,745,836.13,0.010764,0.013156,13.38,54.0,6.9579,16031,174.6,0.38825295964413736,0.5171999731025275,0.4222222222222222,0.6434047131606867,49.28,High
20160407_165009_1921_1081,0,0,1,111,110,118.28,0.0,0.0,10.89,32.76,0.569,1311,3.64,0.0,0.0,0.1862222222222222,0.0,4.66,Low
20160407_165009_1921_721,3,2,2,686,685,769.5,0.002599,0.003899,10.62,43.94,5.2925,12194,176.61,0.2838390028824497,0.465994870267726,0.3104444444444444,0.15535199270760172,30.39,Moderate
20160407_165009_1_361,7,6,1,836,840,946.04,0.006342,0.007399,16.69,55.18,9.5729,22056,173.57,0.5522030598794042,0.6016657220530458,0.43533333333333335,0.3790851626593344,49.21,High
20160407_165009_1_721,3,2,1,162,164,185.54,0.010779,0.016169,12.56,30.0,1.5317,3529,13.94,0.048051799454231124,0.01722206745501878,0.15555555555555556,0.644301319505671,21.63,Low
20160407_165009_641_1081,1,1,1,101,103,112.53,0.008887,0.008887,13.78,42.79,0.5373,1238,0.12,0.0,0.0,0.29766666666666663,0.5312093725249929,20.72,Low
20160407_165009_641_361,7,5,1,774,779,898.29,0.005566,0.007793,14.98,51.54,8.5998,19814,10.1,0.49119355986451385,0.5649698844369303,0.3948888888888889,0.3327007277454833,44.59,Moderate
20160407_165009_641_721,6,6,2,733,744,847.14,0.007083,0.007083,11.84,55.53,5.8507,13480,4.52,0.31883592294031804,0.525661149482704,0.43922222222222224,0.42337751610155555,42.68,Moderate
20160407_165210_1281_721,8,6,1,752,756,852.1,0.007041,0.009389,18.45,52.0,11.1098,25597,167.96,0.6485605776811562,0.5294729055994776,0.4,0.42086701833559975,49.97,High
20160407_165210_1921_361,3,2,1,131,132,153.54,0.013026,0.019539,17.38,54.0,1.0603,2443,9.49,0.01849689419575893,0.0,0.4222222222222222,0.7786129499843093,30.48,Moderate
20160407_165210_1921_721,6,5,1,868,871,1000.65,0.004997,0.005996,20.89,61.99,12.9566,29852,169.52,0.7643475930213055,0.6436334642984084,0.511,0.2986894603924147,55.44,High
20160407_165210_1_1081,5,6,2,578,587,669.84,0.008957,0.007464,12.23,39.2,4.7947,11047,9.17,0.2526289226158661,0.38940623829239485,0.25777777777777783,0.5353935354682526,35.88,Moderate
20160407_165210_1_721,10,9,1,904,933,1060.99,0.008483,0.009425,11.11,28.78,7.5647,17429,8.37,0.4262969064214834,0.6900047070577049,0.14200000000000002,0.5070607749667507,44.13,Moderate
20160407_165210_641_721,4,4,1,687,693,783.71,0.005104,0.005104,16.36,57.12,8.8303,20345,0.29,0.5056449931739704,0.4769152441425952,0.45688888888888884,0.3050852523199689,43.61,Moderate
IMG_2917_1297_485,5,1,3,152,151,163.43,0.006119,0.030595,7.43,28.36,0.417,1308,1.42,0.0,0.00023054976512743556,0.13733333333333334,0.36575561499723547,12.58,Low
IMG_2917_1_485,11,9,2,667,679,727.88,0.012365,0.015112,14.68,50.74,3.3335,10455,175.66,0.16101749375782717,0.434009932852381,0.386,0.7391024970486707,43.0,Moderate
IMG_2917_1_969,3,1,1,263,264,282.23,0.003543,0.01063,28.45,80.69,2.493,7819,176.49,0.10832148639731408,0.09152825675558847,0.7187777777777777,0.21177841868527622,28.26,Moderate
IMG_2917_649_485,10,8,1,700,707,774.52,0.010329,0.012911,8.24,24.38,3.0421,9541,1.71,0.1427478726455684,0.46985273633752495,0.0931111111111111,0.6174031291561439,33.08,Moderate
IMG_2930_1297_969,9,9,1,812,822,906.91,0.009924,0.009924,15.83,46.0,6.5178,20442,174.38,0.3606604399066456,0.5715943476882583,0.3333333333333333,0.5931947578415696,46.47,Moderate
IMG_2930_1945_969,7,9,2,773,795,898.55,0.010016,0.00779,21.97,70.0,7.3414,23025,178.18,0.4122968844778753,0.565169694233374,0.6,0.5986939434241396,54.4,High
IMG_2930_1_485,5,2,2,539,538,627.88,0.003185,0.007963,13.23,45.14,3.3106,10383,23.74,0.1595817548303367,0.3571600111432387,0.3237777777777778,0.19037941391831914,25.77,Low
IMG_2930_1_969,1,0,1,393,392,449.58,0.0,0.002224,7.32,26.79,1.525,4783,20.76,0.04763173609989984,0.22013660073583804,0.11988888888888888,0.0,9.69,Low
IMG_2930_649_969,6,6,1,741,747,827.36,0.007252,0.007252,12.61,38.0,4.9657,15574,7.99,0.26334994255476885,0.5104602349686358,0.24444444444444444,0.4334792809217113,36.29,Moderate
IMG_2932_1297_485,8,5,3,349,355,398.91,0.012534,0.020055,10.89,36.36,1.4871,4664,173.02,0.045255556826891585,0.18119674540581568,0.2262222222222222,0.7492042618688264,30.05,Moderate
IMG_2932_1297_969,5,6,1,627,634,718.5,0.008351,0.006959,12.13,39.54,3.5905,11261,177.95,0.17713037167769854,0.42680141019606344,0.26155555555555554,0.4991706391308896,34.12,Moderate
IMG_2932_1945_485,7,5,2,750,755,822.52,0.006079,0.00851,11.19,39.18,3.191,10008,3.88,0.15208331047540824,0.5067406987579133,0.25755555555555554,0.36336466474394413,31.99,Moderate
IMG_2932_1945_969,2,5,1,646,653,705.19,0.00709,0.002836,11.35,40.0,2.8403,8908,179.78,0.1300958151972025,0.4165726856165767,0.26666666666666666,0.42379593239588154,30.93,Moderate
IMG_2932_1_969,1,1,1,698,698,808.18,0.001237,0.001237,10.81,28.0,4.7113,14776,160.43,0.24740007429478725,0.4957204199848222,0.13333333333333333,0.07394013658303321,23.76,Low
IMG_2932_649_969,5,3,1,670,672,767.27,0.00391,0.006517,11.63,35.58,4.6963,14729,167.09,0.24645963394926948,0.46428111701361213,0.21755555555555553,0.23371538725922383,29.05,Moderate
IMG_2933_1297_485,8,8,1,741,752,846.85,0.009447,0.009447,10.27,31.58,4.5021,14120,168.64,0.23428406627596596,0.5254382847097476,0.1731111111111111,0.5646826760710709,37.44,Moderate
IMG_2933_1945_485,11,11,1,846,863,985.61,0.011161,0.011161,10.73,36.36,4.5139,14157,170.44,0.23502387934777322,0.6320752360733534,0.2262222222222222,0.6671348944246028,44.01,Moderate
IMG_2933_1_969,8,5,2,524,527,606.53,0.008244,0.01319,11.73,33.97,3.6291,11382,163.5,0.17955043816683097,0.34075255285833683,0.19966666666666666,0.4927748472033353,30.32,Moderate
IMG_2933_649_485,10,7,2,657,664,734.83,0.009526,0.013609,14.25,43.55,4.1753,13095,172.99,0.21379500594828516,0.4393510024111664,0.30611111111111106,0.5694048028213212,38.22,Moderate
IMG_2933_649_969,3,2,3,255,254,283.41,0.007057,0.010585,12.3,40.0,0.931,2920,172.77,0.010390298417395645,0.09243508583175634,0.26666666666666666,0.42182339843691624,19.78,Low
IMG_2934_1297_969,11,9,2,754,763,850.81,0.010578,0.012929,10.44,30.0,4.3816,13742,5.7,0.22672919550030637,0.5284815416094295,0.15555555555555556,0.6322867944828823,38.58,Moderate
IMG_2934_1945_485,3,2,1,191,193,215.37,0.009286,0.01393,15.08,38.39,1.3264,4160,179.7,0.0351803059252444,0.040146399100855934,0.2487777777777778,0.5550591013015735,21.98,Low
IMG_2934_1945_969,8,7,2,606,610,689.53,0.010152,0.011602,9.6,27.97,3.2576,10217,1.96,0.15625886560950722,0.4045379878769249,0.13299999999999998,0.60682317428533,32.52,Moderate
IMG_2934_1_969,11,10,1,810,822,919.34,0.010877,0.011965,13.2,42.39,5.6232,17636,173.58,0.304572577699965,0.5811467929567048,0.2932222222222222,0.6501591476262346,45.73,Moderate
IMG_2934_649_969,8,7,1,818,824,925.48,0.007564,0.008644,11.03,39.15,4.5448,14254,0.15,0.2369611864595399,0.5858653781496461,0.2572222222222222,0.4521286928973834,38.3,Moderate
IMG_2935_1297_485,5,3,1,359,361,406.98,0.007371,0.012286,9.59,25.98,1.7782,5577,7.38,0.06350636913224002,0.18739853408774346,0.1108888888888889,0.44059235792525286,20.06,Low
IMG_2935_1297_969,8,7,2,478,483,553.0,0.012658,0.014466,12.58,33.56,2.869,8998,13.77,0.1318951910582932,0.299614789767433,0.19511111111111112,0.7566162076540295,34.58,Moderate
IMG_2935_1945_485,3,2,1,139,141,155.91,0.012828,0.019242,13.63,45.14,0.6093,1911,7.3,0.0,0.0,0.3237777777777778,0.7667777462305174,27.26,Low
IMG_2935_1945_969,15,12,3,750,759,870.01,0.013793,0.017241,9.13,38.0,3.33,10444,168.47,0.16079805767720637,0.5432367265775849,0.24444444444444444,0.8244594210911699,44.32,Moderate
IMG_2935_1_485,3,2,5,290,286,311.68,0.006417,0.009625,9.33,33.17,0.7831,2456,0.27,0.0011175566105903042,0.11416055869893085,0.1907777777777778,0.38356819438425555,17.24,Low
IMG_2935_1_969,8,8,2,713,719,808.88,0.00989,0.00989,12.86,51.54,4.0318,12645,179.68,0.20479812664283167,0.49625836943678625,0.3948888888888889,0.591162450126272,42.18,Moderate
IMG_2935_649_485,2,1,6,157,151,168.81,0.005924,0.011848,14.06,49.54,0.3657,1147,177.39,0.0,0.004365075553079287,0.37266666666666665,0.35409973251244037,18.28,Low
IMG_2935_649_969,19,12,3,700,712,796.5,0.015066,0.023854,10.29,42.0,3.2474,10185,177.41,0.1556193661745551,0.48674434912919445,0.28888888888888886,0.9005514129021652,45.8,Moderate
IMG_2936_1297_969,29,29,2,1312,1341,1538.99,0.018843,0.018843,10.93,49.97,5.6053,17580,7.48,0.3034503188876471,1.0,0.3774444444444444,1.0,67.02,High
IMG_2936_1945_485,3,2,1,149,148,171.61,0.011654,0.017481,9.48,24.77,0.6935,2175,151.75,0.0,0.0065168733609352785,0.09744444444444444,0.696603356296418,20.01,Low
IMG_2936_1945_969,15,11,2,664,681,767.16,0.014339,0.019553,8.87,26.36,2.9742,9328,166.2,0.13849081268152458,0.4641965820997321,0.11511111111111111,0.8570958920485959,39.37,Moderate
IMG_2936_1_969,17,15,1,871,890,1021.31,0.014687,0.016645,8.38,32.76,3.7216,11672,8.08,0.18534982029752395,0.6595106581235172,0.1862222222222222,0.8778971592522302,47.72,High
IMG_2936_649_969,19,17,1,1060,1084,1232.29,0.013795,0.015418,9.63,33.56,4.7731,14970,177.35,0.2512746885183206,0.8216486229454655,0.19511111111111112,0.8245789686038344,52.32,High
IMG_2937_1297_485,13,13,2,701,713,836.02,0.01555,0.01555,10.04,34.38,3.3297,10443,179.73,0.16077924887029602,0.5171154381886475,0.20422222222222225,0.9294819109669898,45.29,Moderate
IMG_2937_1297_969,7,4,4,449,449,496.63,0.008054,0.014095,5.99,21.18,1.1233,3523,4.25,0.022446743646933616,0.2562944888999895,0.057555555555555554,0.48141783350020173,20.44,Low
IMG_2937_1945_969,16,15,2,841,854,974.12,0.015398,0.016425,8.26,34.39,3.6696,11509,1.4,0.18208962709972898,0.6232451800689729,0.20433333333333334,0.9203963000044829,48.25,High
IMG_2937_1_485,19,18,1,861,883,999.39,0.018011,0.019012,9.03,37.58,3.4668,10873,179.42,0.16937487362832856,0.6426651552848732,0.23977777777777776,1.0,51.3,High
IMG_2937_649_485,13,8,4,800,806,910.38,0.008788,0.01428,8.07,34.0,3.0858,9678,6.23,0.14548768885217686,0.5742610399715656,0.2,0.525291770648097,36.13,Moderate
IMG_2937_649_969,9,8,2,318,328,369.42,0.021655,0.024362,6.72,23.97,0.8924,2799,176.27,0.007970231928263212,0.15853370349378962,0.08855555555555554,1.0,31.38,Moderate
IMG_2938_1297_1453,10,5,3,778,783,887.38,0.005635,0.011269,9.11,34.0,3.8287,12008,60.43,0.19206456436452093,0.5565855579784629,0.2,0.3368251169324108,32.14,Moderate
IMG_2938_1297_485,9,5,4,713,717,812.68,0.006152,0.011074,8.43,37.95,2.9853,9363,6.67,0.13918673853720773,0.4991786664617336,0.24388888888888893,0.36772814895620076,31.25,Moderate
IMG_2938_1297_969,3,1,1,175,174,194.71,0.005136,0.015407,20.77,63.15,1.5738,4936,82.85,0.05069130202398437,0.02426920527574714,0.5238888888888888,0.3069980125226019,22.65,Low
IMG_2938_1945_1,4,2,2,121,119,135.98,0.014708,0.029415,6.44,20.39,0.3549,1113,136.74,0.0,0.0,0.04877777777777778,0.8791524081352082,23.2,Low
IMG_2938_1945_485,15,9,4,726,734,854.95,0.010527,0.017545,7.36,24.38,3.0109,9443,144.84,0.1407917567268914,0.5316631283681881,0.0931111111111111,0.6292383329099358,34.87,Moderate
IMG_2938_1_969,5,3,1,622,626,685.23,0.004378,0.007297,11.42,36.0,4.1447,12999,173.05,0.2118765076434289,0.40123344124343185,0.2222222222222222,0.26168950522273193,27.43,Low
IMG_2938_649_485,11,5,3,685,690,764.97,0.006536,0.01438,10.6,36.4,3.8845,12183,174.88,0.1955630024498471,0.4625135688143019,0.22666666666666666,0.3906812713877972,31.89,Moderate
IMG_2938_649_969,3,3,1,464,467,518.78,0.005783,0.005783,11.49,52.76,2.5702,8061,82.2,0.11316161937557893,0.27331674655856447,0.40844444444444444,0.3456716328695886,28.51,Moderate
IMG_2940_1297_485,24,18,4,773,787,900.08,0.019998,0.026664,9.08,31.97,3.1508,9882,0.14,0.1495629303494206,0.566345498035524,0.17744444444444443,1.0,47.33,High
IMG_2940_1945_485,17,15,2,764,779,889.18,0.016869,0.019119,8.04,23.18,3.1314,9821,170.32,0.14834662750255095,0.5579688565692275,0.07977777777777778,1.0,44.65,Moderate
IMG_2940_1_969,12,11,1,787,799,896.75,0.012266,0.013382,11.51,35.97,4.5308,14210,171.97,0.23608344213705662,0.5637863956426096,0.22188888888888889,0.7331848951717748,43.87,Moderate
IMG_2940_649_485,8,6,2,693,699,782.67,0.007666,0.010221,8.95,28.0,3.3766,10590,172.64,0.16371969235061495,0.47611600495682005,0.13333333333333333,0.45822561604327616,30.78,Moderate
